[2026-08-04 17:10:31] local.ERROR: Route [login] not defined. {"exception":"[object] (Symfony\\Component\\Routing\\Exception\\RouteNotFoundException(code: 0): Route [login] not defined. at E:/1KERJAAN/Telisik Studio/Dashboard HSE/hse-dashboard/hse-backend/vendor/laravel/framework/src/Illuminate/Routing/UrlGenerator.php:517)
[stacktrace]
#0 E:/1KERJAAN/Telisik Studio/Dashboard HSE/hse-dashboard/hse-backend/vendor/laravel/framework/src/Illuminate/Foundation/helpers.php(853): Illuminate/Routing/UrlGenerator->route('login', Array, true)
#1 E:/1KERJAAN/Telisik Studio/Dashboard HSE/hse-dashboard/hse-backend/vendor/laravel/framework/src/Illuminate/Foundation/Configuration/ApplicationBuilder.php(278): route('login')
#2 [internal function]: Illuminate/Foundation/Configuration/ApplicationBuilder->Illuminate/Foundation/Configuration/{closure}(Object(Illuminate/Http/Request))
#3 E:/1KERJAAN/Telisik Studio/Dashboard HSE/hse-dashboard/hse-backend/vendor/laravel/framework/src/Illuminate/Auth/Middleware/Authenticate.php(118): call_user_func(Object(Closure), Object(Illuminate/Http/Request))
#4 E:/1KERJAAN/Telisik Studio/Dashboard HSE/hse-dashboard/hse-backend/vendor/laravel/framework/src/Illuminate/Auth/Middleware/Authenticate.php(105): Illuminate/Auth/Middleware/Authenticate->redirectTo(Object(Illuminate/Http/Request))
#5 E:/1KERJAAN/Telisik Studio/Dashboard HSE/hse-dashboard/hse-backend/vendor/laravel/framework/src/Illuminate/Auth/Middleware/Authenticate.php(88): Illuminate/Auth/Middleware/Authenticate->unauthenticated(Object(Illuminate/Http/Request), Array)
#6 E:/1KERJAAN/Telisik Studio/Dashboard HSE/hse-dashboard/hse-backend/vendor/laravel/framework/src/Illuminate/Auth/Middleware/Authenticate.php(62): Illuminate/Auth/Middleware/Authenticate->authenticate(Object(Illuminate/Http/Request), Array)
#7 E:/1KERJAAN/Telisik Studio/Dashboard HSE/hse-dashboard/hse-backend/vendor/laravel/framework/src/Illuminate/Pipeline/Pipeline.php(209): Illuminate/Auth/Middleware/Authenticate->handle(Object(Illuminate/Http/Request), Object(Closure), 'sanctum')
#8 E:/1KERJAAN/Telisik Studio/Dashboard HSE/hse-dashboard/hse-backend/vendor/laravel/sanctum/src/Http/Middleware/EnsureFrontendRequestsAreStateful.php(26): Illuminate/Pipeline/Pipeline->Illuminate/Pipeline/{closure}(Object(Illuminate/Http/Request))
#9 E:/1KERJAAN/Telisik Studio/Dashboard HSE/hse-dashboard/hse-backend/vendor/laravel/framework/src/Illuminate/Pipeline/Pipeline.php(170): Laravel/Sanctum/Http/Middleware/EnsureFrontendRequestsAreStateful->Laravel/Sanctum/Http/Middleware/{closure}(Object(Illuminate/Http/Request))
#10 E:/1KERJAAN/Telisik Studio/Dashboard HSE/hse-dashboard/hse-backend/vendor/laravel/sanctum/src/Http/Middleware/AuthenticateSession.php(35): Illuminate/Pipeline/Pipeline->Illuminate/Pipeline/{closure}(Object(Illuminate/Http/Request))
#11 E:/1KERJAAN/Telisik Studio/Dashboard HSE/hse-dashboard/hse-backend/vendor/laravel/framework/src/Illuminate/Pipeline/Pipeline.php(209): Laravel/Sanctum/Http/Middleware/AuthenticateSession->handle(Object(Illuminate/Http/Request), Object(Closure))
#12 E:/1KERJAAN/Telisik Studio/Dashboard HSE/hse-dashboard/hse-backend/vendor/laravel/framework/src/Illuminate/Foundation/Http/Middleware/VerifyCsrfToken.php(88): Illuminate/Pipeline/Pipeline->Illuminate/Pipeline/{closure}(Object(Illuminate/Http/Request))
#13 E:/1KERJAAN/Telisik Studio/Dashboard HSE/hse-dashboard/hse-backend/vendor/laravel/framework/src/Illuminate/Pipeline/Pipeline.php(209): Illuminate/Foundation/Http/Middleware/VerifyCsrfToken->handle(Object(Illuminate/Http/Request), Object(Closure))
#14 E:/1KERJAAN/Telisik Studio/Dashboard HSE/hse-dashboard/hse-backend/vendor/laravel/framework/src/Illuminate/Session/Middleware/StartSession.php(121): Illuminate/Pipeline/Pipeline->Illuminate/Pipeline/{closure}(Object(Illuminate/Http/Request))
#15 E:/1KERJAAN/Telisik Studio/Dashboard HSE/hse-dashboard/hse-backend/vendor/laravel/framework/src/Illuminate/Session/Middleware/StartSession.php(64): Illuminate/Session/Middleware/StartSession->handleStatefulRequest(Object(Illuminate/Http/Request), Object(Illuminate/Session/Store), Object(Closure))
#16 E:/1KERJAAN/Telisik Studio/Dashboard HSE/hse-dashboard/hse-backend/vendor/laravel/framework/src/Illuminate/Pipeline/Pipeline.php(209): Illuminate/Session/Middleware/StartSession->handle(Object(Illuminate/Http/Request), Object(Closure))
#17 E:/1KERJAAN/Telisik Studio/Dashboard HSE/hse-dashboard/hse-backend/vendor/laravel/framework/src/Illuminate/Cookie/Middleware/AddQueuedCookiesToResponse.php(37): Illuminate/Pipeline/Pipeline->Illuminate/Pipeline/{closure}(Object(Illuminate/Http/Request))
#18 E:/1KERJAAN/Telisik Studio/Dashboard HSE/hse-dashboard/hse-backend/vendor/laravel/framework/src/Illuminate/Pipeline/Pipeline.php(209): Illuminate/Cookie/Middleware/AddQueuedCookiesToResponse->handle(Object(Illuminate/Http/Request), Object(Closure))
#19 E:/1KERJAAN/Telisik Studio/Dashboard HSE/hse-dashboard/hse-backend/vendor/laravel/framework/src/Illuminate/Cookie/Middleware/EncryptCookies.php(75): Illuminate/Pipeline/Pipeline->Illuminate/Pipeline/{closure}(Object(Illuminate/Http/Request))
#20 E:/1KERJAAN/Telisik Studio/Dashboard HSE/hse-dashboard/hse-backend/vendor/laravel/framework/src/Illuminate/Pipeline/Pipeline.php(209): Illuminate/Cookie/Middleware/EncryptCookies->handle(Object(Illuminate/Http/Request), Object(Closure))
#21 E:/1KERJAAN/Telisik Studio/Dashboard HSE/hse-dashboard/hse-backend/vendor/laravel/sanctum/src/Http/Middleware/EnsureFrontendRequestsAreStateful.php(61): Illuminate/Pipeline/Pipeline->Illuminate/Pipeline/{closure}(Object(Illuminate/Http/Request))
#22 E:/1KERJAAN/Telisik Studio/Dashboard HSE/hse-dashboard/hse-backend/vendor/laravel/framework/src/Illuminate/Pipeline/Pipeline.php(191): Laravel/Sanctum/Http/Middleware/EnsureFrontendRequestsAreStateful->Laravel/Sanctum/Http/Middleware/{closure}(Object(Illuminate/Http/Request), Object(Closure))
#23 E:/1KERJAAN/Telisik Studio/Dashboard HSE/hse-dashboard/hse-backend/vendor/laravel/framework/src/Illuminate/Pipeline/Pipeline.php(127): Illuminate/Pipeline/Pipeline->Illuminate/Pipeline/{closure}(Object(Illuminate/Http/Request))
#24 E:/1KERJAAN/Telisik Studio/Dashboard HSE/hse-dashboard/hse-backend/vendor/laravel/sanctum/src/Http/Middleware/EnsureFrontendRequestsAreStateful.php(25): Illuminate/Pipeline/Pipeline->then(Object(Closure))
#25 E:/1KERJAAN/Telisik Studio/Dashboard HSE/hse-dashboard/hse-backend/vendor/laravel/framework/src/Illuminate/Pipeline/Pipeline.php(209): Laravel/Sanctum/Http/Middleware/EnsureFrontendRequestsAreStateful->handle(Object(Illuminate/Http/Request), Object(Closure))
#26 E:/1KERJAAN/Telisik Studio/Dashboard HSE/hse-dashboard/hse-backend/vendor/laravel/framework/src/Illuminate/Pipeline/Pipeline.php(127): Illuminate/Pipeline/Pipeline->Illuminate/Pipeline/{closure}(Object(Illuminate/Http/Request))
#27 E:/1KERJAAN/Telisik Studio/Dashboard HSE/hse-dashboard/hse-backend/vendor/laravel/framework/src/Illuminate/Routing/Router.php(807): Illuminate/Pipeline/Pipeline->then(Object(Closure))
#28 E:/1KERJAAN/Telisik Studio/Dashboard HSE/hse-dashboard/hse-backend/vendor/laravel/framework/src/Illuminate/Routing/Router.php(786): Illuminate/Routing/Router->runRouteWithinStack(Object(Illuminate/Routing/Route), Object(Illuminate/Http/Request))
#29 E:/1KERJAAN/Telisik Studio/Dashboard HSE/hse-dashboard/hse-backend/vendor/laravel/framework/src/Illuminate/Routing/Router.php(750): Illuminate/Routing/Router->runRoute(Object(Illuminate/Http/Request), Object(Illuminate/Routing/Route))
#30 E:/1KERJAAN/Telisik Studio/Dashboard HSE/hse-dashboard/hse-backend/vendor/laravel/framework/src/Illuminate/Routing/Router.php(739): Illuminate/Routing/Router->dispatchToRoute(Object(Illuminate/Http/Request))
#31 E:/1KERJAAN/Telisik Studio/Dashboard HSE/hse-dashboard/hse-backend/vendor/laravel/framework/src/Illuminate/Foundation/Http/Kernel.php(201): Illuminate/Routing/Router->dispatch(Object(Illuminate/Http/Request))
#32 E:/1KERJAAN/Telisik Studio/Dashboard HSE/hse-dashboard/hse-backend/vendor/laravel/framework/src/Illuminate/Pipeline/Pipeline.php(170): Illuminate/Foundation/Http/Kernel->Illuminate/Foundation/Http/{closure}(Object(Illuminate/Http/Request))
#33 E:/1KERJAAN/Telisik Studio/Dashboard HSE/hse-dashboard/hse-backend/vendor/laravel/framework/src/Illuminate/Foundation/Http/Middleware/TransformsRequest.php(21): Illuminate/Pipeline/Pipeline->Illuminate/Pipeline/{closure}(Object(Illuminate/Http/Request))
#34 E:/1KERJAAN/Telisik Studio/Dashboard HSE/hse-dashboard/hse-backend/vendor/laravel/framework/src/Illuminate/Foundation/Http/Middleware/ConvertEmptyStringsToNull.php(31): Illuminate/Foundation/Http/Middleware/TransformsRequest->handle(Object(Illuminate/Http/Request), Object(Closure))
#35 E:/1KERJAAN/Telisik Studio/Dashboard HSE/hse-dashboard/hse-backend/vendor/laravel/framework/src/Illuminate/Pipeline/Pipeline.php(209): Illuminate/Foundation/Http/Middleware/ConvertEmptyStringsToNull->handle(Object(Illuminate/Http/Request), Object(Closure))
#36 E:/1KERJAAN/Telisik Studio/Dashboard HSE/hse-dashboard/hse-backend/vendor/laravel/framework/src/Illuminate/Foundation/Http/Middleware/TransformsRequest.php(21): Illuminate/Pipeline/Pipeline->Illuminate/Pipeline/{closure}(Object(Illuminate/Http/Request))
#37 E:/1KERJAAN/Telisik Studio/Dashboard HSE/hse-dashboard/hse-backend/vendor/laravel/framework/src/Illuminate/Foundation/Http/Middleware/TrimStrings.php(51): Illuminate/Foundation/Http/Middleware/TransformsRequest->handle(Object(Illuminate/Http/Request), Object(Closure))
#38 E:/1KERJAAN/Telisik Studio/Dashboard HSE/hse-dashboard/hse-backend/vendor/laravel/framework/src/Illuminate/Pipeline/Pipeline.php(209): Illuminate/Foundation/Http/Middleware/TrimStrings->handle(Object(Illuminate/Http/Request), Object(Closure))
#39 E:/1KERJAAN/Telisik Studio/Dashboard HSE/hse-dashboard/hse-backend/vendor/laravel/framework/src/Illuminate/Http/Middleware/ValidatePostSize.php(27): Illuminate/Pipeline/Pipeline->Illuminate/Pipeline/{closure}(Object(Illuminate/Http/Request))
#40 E:/1KERJAAN/Telisik Studio/Dashboard HSE/hse-dashboard/hse-backend/vendor/laravel/framework/src/Illuminate/Pipeline/Pipeline.php(209): Illuminate/Http/Middleware/ValidatePostSize->handle(Object(Illuminate/Http/Request), Object(Closure))
#41 E:/1KERJAAN/Telisik Studio/Dashboard HSE/hse-dashboard/hse-backend/vendor/laravel/framework/src/Illuminate/Foundation/Http/Middleware/PreventRequestsDuringMaintenance.php(110): Illuminate/Pipeline/Pipeline->Illuminate/Pipeline/{closure}(Object(Illuminate/Http/Request))
#42 E:/1KERJAAN/Telisik Studio/Dashboard HSE/hse-dashboard/hse-backend/vendor/laravel/framework/src/Illuminate/Pipeline/Pipeline.php(209): Illuminate/Foundation/Http/Middleware/PreventRequestsDuringMaintenance->handle(Object(Illuminate/Http/Request), Object(Closure))
#43 E:/1KERJAAN/Telisik Studio/Dashboard HSE/hse-dashboard/hse-backend/vendor/laravel/framework/src/Illuminate/Http/Middleware/HandleCors.php(62): Illuminate/Pipeline/Pipeline->Illuminate/Pipeline/{closure}(Object(Illuminate/Http/Request))
#44 E:/1KERJAAN/Telisik Studio/Dashboard HSE/hse-dashboard/hse-backend/vendor/laravel/framework/src/Illuminate/Pipeline/Pipeline.php(209): Illuminate/Http/Middleware/HandleCors->handle(Object(Illuminate/Http/Request), Object(Closure))
#45 E:/1KERJAAN/Telisik Studio/Dashboard HSE/hse-dashboard/hse-backend/vendor/laravel/framework/src/Illuminate/Http/Middleware/TrustProxies.php(58): Illuminate/Pipeline/Pipeline->Illuminate/Pipeline/{closure}(Object(Illuminate/Http/Request))
#46 E:/1KERJAAN/Telisik Studio/Dashboard HSE/hse-dashboard/hse-backend/vendor/laravel/framework/src/Illuminate/Pipeline/Pipeline.php(209): Illuminate/Http/Middleware/TrustProxies->handle(Object(Illuminate/Http/Request), Object(Closure))
#47 E:/1KERJAAN/Telisik Studio/Dashboard HSE/hse-dashboard/hse-backend/vendor/laravel/framework/src/Illuminate/Foundation/Http/Middleware/InvokeDeferredCallbacks.php(22): Illuminate/Pipeline/Pipeline->Illuminate/Pipeline/{closure}(Object(Illuminate/Http/Request))
#48 E:/1KERJAAN/Telisik Studio/Dashboard HSE/hse-dashboard/hse-backend/vendor/laravel/framework/src/Illuminate/Pipeline/Pipeline.php(209): Illuminate/Foundation/Http/Middleware/InvokeDeferredCallbacks->handle(Object(Illuminate/Http/Request), Object(Closure))
#49 E:/1KERJAAN/Telisik Studio/Dashboard HSE/hse-dashboard/hse-backend/vendor/laravel/framework/src/Illuminate/Pipeline/Pipeline.php(127): Illuminate/Pipeline/Pipeline->Illuminate/Pipeline/{closure}(Object(Illuminate/Http/Request))
#50 E:/1KERJAAN/Telisik Studio/Dashboard HSE/hse-dashboard/hse-backend/vendor/laravel/framework/src/Illuminate/Foundation/Http/Kernel.php(176): Illuminate/Pipeline/Pipeline->then(Object(Closure))
#51 E:/1KERJAAN/Telisik Studio/Dashboard HSE/hse-dashboard/hse-backend/vendor/laravel/framework/src/Illuminate/Foundation/Http/Kernel.php(145): Illuminate/Foundation/Http/Kernel->sendRequestThroughRouter(Object(Illuminate/Http/Request))
#52 E:/1KERJAAN/Telisik Studio/Dashboard HSE/hse-dashboard/hse-backend/vendor/laravel/framework/src/Illuminate/Foundation/Application.php(1220): Illuminate/Foundation/Http/Kernel->handle(Object(Illuminate/Http/Request))
#53 E:/1KERJAAN/Telisik Studio/Dashboard HSE/hse-dashboard/hse-backend/public/index.php(17): Illuminate/Foundation/Application->handleRequest(Object(Illuminate/Http/Request))
#54 E:/1KERJAAN/Telisik Studio/Dashboard HSE/hse-dashboard/hse-backend/vendor/laravel/framework/src/Illuminate/Foundation/resources/server.php(23): require_once('E://1KERJAAN//Tel...')
#55 {main}
"} 
[2026-08-04 17:10:36] local.ERROR: Route [login] not defined. {"exception":"[object] (Symfony\\Component\\Routing\\Exception\\RouteNotFoundException(code: 0): Route [login] not defined. at E:/1KERJAAN/Telisik Studio/Dashboard HSE/hse-dashboard/hse-backend/vendor/laravel/framework/src/Illuminate/Routing/UrlGenerator.php:517)
[stacktrace]
#0 E:/1KERJAAN/Telisik Studio/Dashboard HSE/hse-dashboard/hse-backend/vendor/laravel/framework/src/Illuminate/Foundation/helpers.php(853): Illuminate/Routing/UrlGenerator->route('login', Array, true)
#1 E:/1KERJAAN/Telisik Studio/Dashboard HSE/hse-dashboard/hse-backend/vendor/laravel/framework/src/Illuminate/Foundation/Configuration/ApplicationBuilder.php(278): route('login')
#2 [internal function]: Illuminate/Foundation/Configuration/ApplicationBuilder->Illuminate/Foundation/Configuration/{closure}(Object(Illuminate/Http/Request))
#3 E:/1KERJAAN/Telisik Studio/Dashboard HSE/hse-dashboard/hse-backend/vendor/laravel/framework/src/Illuminate/Auth/Middleware/Authenticate.php(118): call_user_func(Object(Closure), Object(Illuminate/Http/Request))
#4 E:/1KERJAAN/Telisik Studio/Dashboard HSE/hse-dashboard/hse-backend/vendor/laravel/framework/src/Illuminate/Auth/Middleware/Authenticate.php(105): Illuminate/Auth/Middleware/Authenticate->redirectTo(Object(Illuminate/Http/Request))
#5 E:/1KERJAAN/Telisik Studio/Dashboard HSE/hse-dashboard/hse-backend/vendor/laravel/framework/src/Illuminate/Auth/Middleware/Authenticate.php(88): Illuminate/Auth/Middleware/Authenticate->unauthenticated(Object(Illuminate/Http/Request), Array)
#6 E:/1KERJAAN/Telisik Studio/Dashboard HSE/hse-dashboard/hse-backend/vendor/laravel/framework/src/Illuminate/Auth/Middleware/Authenticate.php(62): Illuminate/Auth/Middleware/Authenticate->authenticate(Object(Illuminate/Http/Request), Array)
#7 E:/1KERJAAN/Telisik Studio/Dashboard HSE/hse-dashboard/hse-backend/vendor/laravel/framework/src/Illuminate/Pipeline/Pipeline.php(209): Illuminate/Auth/Middleware/Authenticate->handle(Object(Illuminate/Http/Request), Object(Closure), 'sanctum')
#8 E:/1KERJAAN/Telisik Studio/Dashboard HSE/hse-dashboard/hse-backend/vendor/laravel/sanctum/src/Http/Middleware/EnsureFrontendRequestsAreStateful.php(26): Illuminate/Pipeline/Pipeline->Illuminate/Pipeline/{closure}(Object(Illuminate/Http/Request))
#9 E:/1KERJAAN/Telisik Studio/Dashboard HSE/hse-dashboard/hse-backend/vendor/laravel/framework/src/Illuminate/Pipeline/Pipeline.php(170): Laravel/Sanctum/Http/Middleware/EnsureFrontendRequestsAreStateful->Laravel/Sanctum/Http/Middleware/{closure}(Object(Illuminate/Http/Request))
#10 E:/1KERJAAN/Telisik Studio/Dashboard HSE/hse-dashboard/hse-backend/vendor/laravel/sanctum/src/Http/Middleware/AuthenticateSession.php(35): Illuminate/Pipeline/Pipeline->Illuminate/Pipeline/{closure}(Object(Illuminate/Http/Request))
#11 E:/1KERJAAN/Telisik Studio/Dashboard HSE/hse-dashboard/hse-backend/vendor/laravel/framework/src/Illuminate/Pipeline/Pipeline.php(209): Laravel/Sanctum/Http/Middleware/AuthenticateSession->handle(Object(Illuminate/Http/Request), Object(Closure))
#12 E:/1KERJAAN/Telisik Studio/Dashboard HSE/hse-dashboard/hse-backend/vendor/laravel/framework/src/Illuminate/Foundation/Http/Middleware/VerifyCsrfToken.php(88): Illuminate/Pipeline/Pipeline->Illuminate/Pipeline/{closure}(Object(Illuminate/Http/Request))
#13 E:/1KERJAAN/Telisik Studio/Dashboard HSE/hse-dashboard/hse-backend/vendor/laravel/framework/src/Illuminate/Pipeline/Pipeline.php(209): Illuminate/Foundation/Http/Middleware/VerifyCsrfToken->handle(Object(Illuminate/Http/Request), Object(Closure))
#14 E:/1KERJAAN/Telisik Studio/Dashboard HSE/hse-dashboard/hse-backend/vendor/laravel/framework/src/Illuminate/Session/Middleware/StartSession.php(121): Illuminate/Pipeline/Pipeline->Illuminate/Pipeline/{closure}(Object(Illuminate/Http/Request))
#15 E:/1KERJAAN/Telisik Studio/Dashboard HSE/hse-dashboard/hse-backend/vendor/laravel/framework/src/Illuminate/Session/Middleware/StartSession.php(64): Illuminate/Session/Middleware/StartSession->handleStatefulRequest(Object(Illuminate/Http/Request), Object(Illuminate/Session/Store), Object(Closure))
#16 E:/1KERJAAN/Telisik Studio/Dashboard HSE/hse-dashboard/hse-backend/vendor/laravel/framework/src/Illuminate/Pipeline/Pipeline.php(209): Illuminate/Session/Middleware/StartSession->handle(Object(Illuminate/Http/Request), Object(Closure))
#17 E:/1KERJAAN/Telisik Studio/Dashboard HSE/hse-dashboard/hse-backend/vendor/laravel/framework/src/Illuminate/Cookie/Middleware/AddQueuedCookiesToResponse.php(37): Illuminate/Pipeline/Pipeline->Illuminate/Pipeline/{closure}(Object(Illuminate/Http/Request))
#18 E:/1KERJAAN/Telisik Studio/Dashboard HSE/hse-dashboard/hse-backend/vendor/laravel/framework/src/Illuminate/Pipeline/Pipeline.php(209): Illuminate/Cookie/Middleware/AddQueuedCookiesToResponse->handle(Object(Illuminate/Http/Request), Object(Closure))
#19 E:/1KERJAAN/Telisik Studio/Dashboard HSE/hse-dashboard/hse-backend/vendor/laravel/framework/src/Illuminate/Cookie/Middleware/EncryptCookies.php(75): Illuminate/Pipeline/Pipeline->Illuminate/Pipeline/{closure}(Object(Illuminate/Http/Request))
#20 E:/1KERJAAN/Telisik Studio/Dashboard HSE/hse-dashboard/hse-backend/vendor/laravel/framework/src/Illuminate/Pipeline/Pipeline.php(209): Illuminate/Cookie/Middleware/EncryptCookies->handle(Object(Illuminate/Http/Request), Object(Closure))
#21 E:/1KERJAAN/Telisik Studio/Dashboard HSE/hse-dashboard/hse-backend/vendor/laravel/sanctum/src/Http/Middleware/EnsureFrontendRequestsAreStateful.php(61): Illuminate/Pipeline/Pipeline->Illuminate/Pipeline/{closure}(Object(Illuminate/Http/Request))
#22 E:/1KERJAAN/Telisik Studio/Dashboard HSE/hse-dashboard/hse-backend/vendor/laravel/framework/src/Illuminate/Pipeline/Pipeline.php(191): Laravel/Sanctum/Http/Middleware/EnsureFrontendRequestsAreStateful->Laravel/Sanctum/Http/Middleware/{closure}(Object(Illuminate/Http/Request), Object(Closure))
#23 E:/1KERJAAN/Telisik Studio/Dashboard HSE/hse-dashboard/hse-backend/vendor/laravel/framework/src/Illuminate/Pipeline/Pipeline.php(127): Illuminate/Pipeline/Pipeline->Illuminate/Pipeline/{closure}(Object(Illuminate/Http/Request))
#24 E:/1KERJAAN/Telisik Studio/Dashboard HSE/hse-dashboard/hse-backend/vendor/laravel/sanctum/src/Http/Middleware/EnsureFrontendRequestsAreStateful.php(25): Illuminate/Pipeline/Pipeline->then(Object(Closure))
#25 E:/1KERJAAN/Telisik Studio/Dashboard HSE/hse-dashboard/hse-backend/vendor/laravel/framework/src/Illuminate/Pipeline/Pipeline.php(209): Laravel/Sanctum/Http/Middleware/EnsureFrontendRequestsAreStateful->handle(Object(Illuminate/Http/Request), Object(Closure))
#26 E:/1KERJAAN/Telisik Studio/Dashboard HSE/hse-dashboard/hse-backend/vendor/laravel/framework/src/Illuminate/Pipeline/Pipeline.php(127): Illuminate/Pipeline/Pipeline->Illuminate/Pipeline/{closure}(Object(Illuminate/Http/Request))
#27 E:/1KERJAAN/Telisik Studio/Dashboard HSE/hse-dashboard/hse-backend/vendor/laravel/framework/src/Illuminate/Routing/Router.php(807): Illuminate/Pipeline/Pipeline->then(Object(Closure))
#28 E:/1KERJAAN/Telisik Studio/Dashboard HSE/hse-dashboard/hse-backend/vendor/laravel/framework/src/Illuminate/Routing/Router.php(786): Illuminate/Routing/Router->runRouteWithinStack(Object(Illuminate/Routing/Route), Object(Illuminate/Http/Request))
#29 E:/1KERJAAN/Telisik Studio/Dashboard HSE/hse-dashboard/hse-backend/vendor/laravel/framework/src/Illuminate/Routing/Router.php(750): Illuminate/Routing/Router->runRoute(Object(Illuminate/Http/Request), Object(Illuminate/Routing/Route))
#30 E:/1KERJAAN/Telisik Studio/Dashboard HSE/hse-dashboard/hse-backend/vendor/laravel/framework/src/Illuminate/Routing/Router.php(739): Illuminate/Routing/Router->dispatchToRoute(Object(Illuminate/Http/Request))
#31 E:/1KERJAAN/Telisik Studio/Dashboard HSE/hse-dashboard/hse-backend/vendor/laravel/framework/src/Illuminate/Foundation/Http/Kernel.php(201): Illuminate/Routing/Router->dispatch(Object(Illuminate/Http/Request))
#32 E:/1KERJAAN/Telisik Studio/Dashboard HSE/hse-dashboard/hse-backend/vendor/laravel/framework/src/Illuminate/Pipeline/Pipeline.php(170): Illuminate/Foundation/Http/Kernel->Illuminate/Foundation/Http/{closure}(Object(Illuminate/Http/Request))
#33 E:/1KERJAAN/Telisik Studio/Dashboard HSE/hse-dashboard/hse-backend/vendor/laravel/framework/src/Illuminate/Foundation/Http/Middleware/TransformsRequest.php(21): Illuminate/Pipeline/Pipeline->Illuminate/Pipeline/{closure}(Object(Illuminate/Http/Request))
#34 E:/1KERJAAN/Telisik Studio/Dashboard HSE/hse-dashboard/hse-backend/vendor/laravel/framework/src/Illuminate/Foundation/Http/Middleware/ConvertEmptyStringsToNull.php(31): Illuminate/Foundation/Http/Middleware/TransformsRequest->handle(Object(Illuminate/Http/Request), Object(Closure))
#35 E:/1KERJAAN/Telisik Studio/Dashboard HSE/hse-dashboard/hse-backend/vendor/laravel/framework/src/Illuminate/Pipeline/Pipeline.php(209): Illuminate/Foundation/Http/Middleware/ConvertEmptyStringsToNull->handle(Object(Illuminate/Http/Request), Object(Closure))
#36 E:/1KERJAAN/Telisik Studio/Dashboard HSE/hse-dashboard/hse-backend/vendor/laravel/framework/src/Illuminate/Foundation/Http/Middleware/TransformsRequest.php(21): Illuminate/Pipeline/Pipeline->Illuminate/Pipeline/{closure}(Object(Illuminate/Http/Request))
#37 E:/1KERJAAN/Telisik Studio/Dashboard HSE/hse-dashboard/hse-backend/vendor/laravel/framework/src/Illuminate/Foundation/Http/Middleware/TrimStrings.php(51): Illuminate/Foundation/Http/Middleware/TransformsRequest->handle(Object(Illuminate/Http/Request), Object(Closure))
#38 E:/1KERJAAN/Telisik Studio/Dashboard HSE/hse-dashboard/hse-backend/vendor/laravel/framework/src/Illuminate/Pipeline/Pipeline.php(209): Illuminate/Foundation/Http/Middleware/TrimStrings->handle(Object(Illuminate/Http/Request), Object(Closure))
#39 E:/1KERJAAN/Telisik Studio/Dashboard HSE/hse-dashboard/hse-backend/vendor/laravel/framework/src/Illuminate/Http/Middleware/ValidatePostSize.php(27): Illuminate/Pipeline/Pipeline->Illuminate/Pipeline/{closure}(Object(Illuminate/Http/Request))
#40 E:/1KERJAAN/Telisik Studio/Dashboard HSE/hse-dashboard/hse-backend/vendor/laravel/framework/src/Illuminate/Pipeline/Pipeline.php(209): Illuminate/Http/Middleware/ValidatePostSize->handle(Object(Illuminate/Http/Request), Object(Closure))
#41 E:/1KERJAAN/Telisik Studio/Dashboard HSE/hse-dashboard/hse-backend/vendor/laravel/framework/src/Illuminate/Foundation/Http/Middleware/PreventRequestsDuringMaintenance.php(110): Illuminate/Pipeline/Pipeline->Illuminate/Pipeline/{closure}(Object(Illuminate/Http/Request))
#42 E:/1KERJAAN/Telisik Studio/Dashboard HSE/hse-dashboard/hse-backend/vendor/laravel/framework/src/Illuminate/Pipeline/Pipeline.php(209): Illuminate/Foundation/Http/Middleware/PreventRequestsDuringMaintenance->handle(Object(Illuminate/Http/Request), Object(Closure))
#43 E:/1KERJAAN/Telisik Studio/Dashboard HSE/hse-dashboard/hse-backend/vendor/laravel/framework/src/Illuminate/Http/Middleware/HandleCors.php(62): Illuminate/Pipeline/Pipeline->Illuminate/Pipeline/{closure}(Object(Illuminate/Http/Request))
#44 E:/1KERJAAN/Telisik Studio/Dashboard HSE/hse-dashboard/hse-backend/vendor/laravel/framework/src/Illuminate/Pipeline/Pipeline.php(209): Illuminate/Http/Middleware/HandleCors->handle(Object(Illuminate/Http/Request), Object(Closure))
#45 E:/1KERJAAN/Telisik Studio/Dashboard HSE/hse-dashboard/hse-backend/vendor/laravel/framework/src/Illuminate/Http/Middleware/TrustProxies.php(58): Illuminate/Pipeline/Pipeline->Illuminate/Pipeline/{closure}(Object(Illuminate/Http/Request))
#46 E:/1KERJAAN/Telisik Studio/Dashboard HSE/hse-dashboard/hse-backend/vendor/laravel/framework/src/Illuminate/Pipeline/Pipeline.php(209): Illuminate/Http/Middleware/TrustProxies->handle(Object(Illuminate/Http/Request), Object(Closure))
#47 E:/1KERJAAN/Telisik Studio/Dashboard HSE/hse-dashboard/hse-backend/vendor/laravel/framework/src/Illuminate/Foundation/Http/Middleware/InvokeDeferredCallbacks.php(22): Illuminate/Pipeline/Pipeline->Illuminate/Pipeline/{closure}(Object(Illuminate/Http/Request))
#48 E:/1KERJAAN/Telisik Studio/Dashboard HSE/hse-dashboard/hse-backend/vendor/laravel/framework/src/Illuminate/Pipeline/Pipeline.php(209): Illuminate/Foundation/Http/Middleware/InvokeDeferredCallbacks->handle(Object(Illuminate/Http/Request), Object(Closure))
#49 E:/1KERJAAN/Telisik Studio/Dashboard HSE/hse-dashboard/hse-backend/vendor/laravel/framework/src/Illuminate/Pipeline/Pipeline.php(127): Illuminate/Pipeline/Pipeline->Illuminate/Pipeline/{closure}(Object(Illuminate/Http/Request))
#50 E:/1KERJAAN/Telisik Studio/Dashboard HSE/hse-dashboard/hse-backend/vendor/laravel/framework/src/Illuminate/Foundation/Http/Kernel.php(176): Illuminate/Pipeline/Pipeline->then(Object(Closure))
#51 E:/1KERJAAN/Telisik Studio/Dashboard HSE/hse-dashboard/hse-backend/vendor/laravel/framework/src/Illuminate/Foundation/Http/Kernel.php(145): Illuminate/Foundation/Http/Kernel->sendRequestThroughRouter(Object(Illuminate/Http/Request))
#52 E:/1KERJAAN/Telisik Studio/Dashboard HSE/hse-dashboard/hse-backend/vendor/laravel/framework/src/Illuminate/Foundation/Application.php(1220): Illuminate/Foundation/Http/Kernel->handle(Object(Illuminate/Http/Request))
#53 E:/1KERJAAN/Telisik Studio/Dashboard HSE/hse-dashboard/hse-backend/public/index.php(17): Illuminate/Foundation/Application->handleRequest(Object(Illuminate/Http/Request))
#54 E:/1KERJAAN/Telisik Studio/Dashboard HSE/hse-dashboard/hse-backend/vendor/laravel/framework/src/Illuminate/Foundation/resources/server.php(23): require_once('E://1KERJAAN//Tel...')
#55 {main}
"} 
[2026-08-04 17:11:37] local.ERROR: Call to undefined method Illuminate\Database\Eloquent\Builder::query() {"userId":1,"exception":"[object] (BadMethodCallException(code: 0): Call to undefined method Illuminate\\Database\\Eloquent\\Builder::query() at E:/1KERJAAN/Telisik Studio/Dashboard HSE/hse-dashboard/hse-backend/vendor/laravel/framework/src/Illuminate/Support/Traits/ForwardsCalls.php:67)
[stacktrace]
#0 E:/1KERJAAN/Telisik Studio/Dashboard HSE/hse-dashboard/hse-backend/vendor/laravel/framework/src/Illuminate/Support/Traits/ForwardsCalls.php(36): Illuminate/Database/Eloquent/Builder::throwBadMethodCallException('query')
#1 E:/1KERJAAN/Telisik Studio/Dashboard HSE/hse-dashboard/hse-backend/vendor/laravel/framework/src/Illuminate/Database/Eloquent/Builder.php(2123): Illuminate/Database/Eloquent/Builder->forwardCallTo(Object(Illuminate/Database/Query/Builder), 'query', Array)
#2 E:/1KERJAAN/Telisik Studio/Dashboard HSE/hse-dashboard/hse-backend/app/Http/Controllers/Api/PermitController.php(23): Illuminate/Database/Eloquent/Builder->__call('query', Array)
#3 E:/1KERJAAN/Telisik Studio/Dashboard HSE/hse-dashboard/hse-backend/vendor/laravel/framework/src/Illuminate/Routing/ControllerDispatcher.php(47): App/Http/Controllers/Api/PermitController->index(Object(Illuminate/Http/Request))
#4 E:/1KERJAAN/Telisik Studio/Dashboard HSE/hse-dashboard/hse-backend/vendor/laravel/framework/src/Illuminate/Routing/Route.php(266): Illuminate/Routing/ControllerDispatcher->dispatch(Object(Illuminate/Routing/Route), Object(App/Http/Controllers/Api/PermitController), 'index')
#5 E:/1KERJAAN/Telisik Studio/Dashboard HSE/hse-dashboard/hse-backend/vendor/laravel/framework/src/Illuminate/Routing/Route.php(212): Illuminate/Routing/Route->runController()
#6 E:/1KERJAAN/Telisik Studio/Dashboard HSE/hse-dashboard/hse-backend/vendor/laravel/framework/src/Illuminate/Routing/Router.php(808): Illuminate/Routing/Route->run()
#7 E:/1KERJAAN/Telisik Studio/Dashboard HSE/hse-dashboard/hse-backend/vendor/laravel/framework/src/Illuminate/Pipeline/Pipeline.php(170): Illuminate/Routing/Router->Illuminate/Routing/{closure}(Object(Illuminate/Http/Request))
#8 E:/1KERJAAN/Telisik Studio/Dashboard HSE/hse-dashboard/hse-backend/app/Http/Middleware/EnsureAnyPermission.php(26): Illuminate/Pipeline/Pipeline->Illuminate/Pipeline/{closure}(Object(Illuminate/Http/Request))
#9 E:/1KERJAAN/Telisik Studio/Dashboard HSE/hse-dashboard/hse-backend/vendor/laravel/framework/src/Illuminate/Pipeline/Pipeline.php(209): App/Http/Middleware/EnsureAnyPermission->handle(Object(Illuminate/Http/Request), Object(Closure), 'permits', 'permits_own')
#10 E:/1KERJAAN/Telisik Studio/Dashboard HSE/hse-dashboard/hse-backend/vendor/laravel/framework/src/Illuminate/Routing/Middleware/SubstituteBindings.php(51): Illuminate/Pipeline/Pipeline->Illuminate/Pipeline/{closure}(Object(Illuminate/Http/Request))
#11 E:/1KERJAAN/Telisik Studio/Dashboard HSE/hse-dashboard/hse-backend/vendor/laravel/framework/src/Illuminate/Pipeline/Pipeline.php(209): Illuminate/Routing/Middleware/SubstituteBindings->handle(Object(Illuminate/Http/Request), Object(Closure))
#12 E:/1KERJAAN/Telisik Studio/Dashboard HSE/hse-dashboard/hse-backend/vendor/laravel/framework/src/Illuminate/Auth/Middleware/Authenticate.php(64): Illuminate/Pipeline/Pipeline->Illuminate/Pipeline/{closure}(Object(Illuminate/Http/Request))
#13 E:/1KERJAAN/Telisik Studio/Dashboard HSE/hse-dashboard/hse-backend/vendor/laravel/framework/src/Illuminate/Pipeline/Pipeline.php(209): Illuminate/Auth/Middleware/Authenticate->handle(Object(Illuminate/Http/Request), Object(Closure), 'sanctum')
#14 E:/1KERJAAN/Telisik Studio/Dashboard HSE/hse-dashboard/hse-backend/vendor/laravel/sanctum/src/Http/Middleware/EnsureFrontendRequestsAreStateful.php(26): Illuminate/Pipeline/Pipeline->Illuminate/Pipeline/{closure}(Object(Illuminate/Http/Request))
#15 E:/1KERJAAN/Telisik Studio/Dashboard HSE/hse-dashboard/hse-backend/vendor/laravel/framework/src/Illuminate/Pipeline/Pipeline.php(170): Laravel/Sanctum/Http/Middleware/EnsureFrontendRequestsAreStateful->Laravel/Sanctum/Http/Middleware/{closure}(Object(Illuminate/Http/Request))
#16 E:/1KERJAAN/Telisik Studio/Dashboard HSE/hse-dashboard/hse-backend/vendor/laravel/sanctum/src/Http/Middleware/AuthenticateSession.php(60): Illuminate/Pipeline/Pipeline->Illuminate/Pipeline/{closure}(Object(Illuminate/Http/Request))
#17 E:/1KERJAAN/Telisik Studio/Dashboard HSE/hse-dashboard/hse-backend/vendor/laravel/framework/src/Illuminate/Pipeline/Pipeline.php(209): Laravel/Sanctum/Http/Middleware/AuthenticateSession->handle(Object(Illuminate/Http/Request), Object(Closure))
#18 E:/1KERJAAN/Telisik Studio/Dashboard HSE/hse-dashboard/hse-backend/vendor/laravel/framework/src/Illuminate/Foundation/Http/Middleware/VerifyCsrfToken.php(88): Illuminate/Pipeline/Pipeline->Illuminate/Pipeline/{closure}(Object(Illuminate/Http/Request))
#19 E:/1KERJAAN/Telisik Studio/Dashboard HSE/hse-dashboard/hse-backend/vendor/laravel/framework/src/Illuminate/Pipeline/Pipeline.php(209): Illuminate/Foundation/Http/Middleware/VerifyCsrfToken->handle(Object(Illuminate/Http/Request), Object(Closure))
#20 E:/1KERJAAN/Telisik Studio/Dashboard HSE/hse-dashboard/hse-backend/vendor/laravel/framework/src/Illuminate/Session/Middleware/StartSession.php(121): Illuminate/Pipeline/Pipeline->Illuminate/Pipeline/{closure}(Object(Illuminate/Http/Request))
#21 E:/1KERJAAN/Telisik Studio/Dashboard HSE/hse-dashboard/hse-backend/vendor/laravel/framework/src/Illuminate/Session/Middleware/StartSession.php(64): Illuminate/Session/Middleware/StartSession->handleStatefulRequest(Object(Illuminate/Http/Request), Object(Illuminate/Session/Store), Object(Closure))
#22 E:/1KERJAAN/Telisik Studio/Dashboard HSE/hse-dashboard/hse-backend/vendor/laravel/framework/src/Illuminate/Pipeline/Pipeline.php(209): Illuminate/Session/Middleware/StartSession->handle(Object(Illuminate/Http/Request), Object(Closure))
#23 E:/1KERJAAN/Telisik Studio/Dashboard HSE/hse-dashboard/hse-backend/vendor/laravel/framework/src/Illuminate/Cookie/Middleware/AddQueuedCookiesToResponse.php(37): Illuminate/Pipeline/Pipeline->Illuminate/Pipeline/{closure}(Object(Illuminate/Http/Request))
#24 E:/1KERJAAN/Telisik Studio/Dashboard HSE/hse-dashboard/hse-backend/vendor/laravel/framework/src/Illuminate/Pipeline/Pipeline.php(209): Illuminate/Cookie/Middleware/AddQueuedCookiesToResponse->handle(Object(Illuminate/Http/Request), Object(Closure))
#25 E:/1KERJAAN/Telisik Studio/Dashboard HSE/hse-dashboard/hse-backend/vendor/laravel/framework/src/Illuminate/Cookie/Middleware/EncryptCookies.php(75): Illuminate/Pipeline/Pipeline->Illuminate/Pipeline/{closure}(Object(Illuminate/Http/Request))
#26 E:/1KERJAAN/Telisik Studio/Dashboard HSE/hse-dashboard/hse-backend/vendor/laravel/framework/src/Illuminate/Pipeline/Pipeline.php(209): Illuminate/Cookie/Middleware/EncryptCookies->handle(Object(Illuminate/Http/Request), Object(Closure))
#27 E:/1KERJAAN/Telisik Studio/Dashboard HSE/hse-dashboard/hse-backend/vendor/laravel/sanctum/src/Http/Middleware/EnsureFrontendRequestsAreStateful.php(61): Illuminate/Pipeline/Pipeline->Illuminate/Pipeline/{closure}(Object(Illuminate/Http/Request))
#28 E:/1KERJAAN/Telisik Studio/Dashboard HSE/hse-dashboard/hse-backend/vendor/laravel/framework/src/Illuminate/Pipeline/Pipeline.php(191): Laravel/Sanctum/Http/Middleware/EnsureFrontendRequestsAreStateful->Laravel/Sanctum/Http/Middleware/{closure}(Object(Illuminate/Http/Request), Object(Closure))
#29 E:/1KERJAAN/Telisik Studio/Dashboard HSE/hse-dashboard/hse-backend/vendor/laravel/framework/src/Illuminate/Pipeline/Pipeline.php(127): Illuminate/Pipeline/Pipeline->Illuminate/Pipeline/{closure}(Object(Illuminate/Http/Request))
#30 E:/1KERJAAN/Telisik Studio/Dashboard HSE/hse-dashboard/hse-backend/vendor/laravel/sanctum/src/Http/Middleware/EnsureFrontendRequestsAreStateful.php(25): Illuminate/Pipeline/Pipeline->then(Object(Closure))
#31 E:/1KERJAAN/Telisik Studio/Dashboard HSE/hse-dashboard/hse-backend/vendor/laravel/framework/src/Illuminate/Pipeline/Pipeline.php(209): Laravel/Sanctum/Http/Middleware/EnsureFrontendRequestsAreStateful->handle(Object(Illuminate/Http/Request), Object(Closure))
#32 E:/1KERJAAN/Telisik Studio/Dashboard HSE/hse-dashboard/hse-backend/vendor/laravel/framework/src/Illuminate/Pipeline/Pipeline.php(127): Illuminate/Pipeline/Pipeline->Illuminate/Pipeline/{closure}(Object(Illuminate/Http/Request))
#33 E:/1KERJAAN/Telisik Studio/Dashboard HSE/hse-dashboard/hse-backend/vendor/laravel/framework/src/Illuminate/Routing/Router.php(807): Illuminate/Pipeline/Pipeline->then(Object(Closure))
#34 E:/1KERJAAN/Telisik Studio/Dashboard HSE/hse-dashboard/hse-backend/vendor/laravel/framework/src/Illuminate/Routing/Router.php(786): Illuminate/Routing/Router->runRouteWithinStack(Object(Illuminate/Routing/Route), Object(Illuminate/Http/Request))
#35 E:/1KERJAAN/Telisik Studio/Dashboard HSE/hse-dashboard/hse-backend/vendor/laravel/framework/src/Illuminate/Routing/Router.php(750): Illuminate/Routing/Router->runRoute(Object(Illuminate/Http/Request), Object(Illuminate/Routing/Route))
#36 E:/1KERJAAN/Telisik Studio/Dashboard HSE/hse-dashboard/hse-backend/vendor/laravel/framework/src/Illuminate/Routing/Router.php(739): Illuminate/Routing/Router->dispatchToRoute(Object(Illuminate/Http/Request))
#37 E:/1KERJAAN/Telisik Studio/Dashboard HSE/hse-dashboard/hse-backend/vendor/laravel/framework/src/Illuminate/Foundation/Http/Kernel.php(201): Illuminate/Routing/Router->dispatch(Object(Illuminate/Http/Request))
#38 E:/1KERJAAN/Telisik Studio/Dashboard HSE/hse-dashboard/hse-backend/vendor/laravel/framework/src/Illuminate/Pipeline/Pipeline.php(170): Illuminate/Foundation/Http/Kernel->Illuminate/Foundation/Http/{closure}(Object(Illuminate/Http/Request))
#39 E:/1KERJAAN/Telisik Studio/Dashboard HSE/hse-dashboard/hse-backend/vendor/laravel/framework/src/Illuminate/Foundation/Http/Middleware/TransformsRequest.php(21): Illuminate/Pipeline/Pipeline->Illuminate/Pipeline/{closure}(Object(Illuminate/Http/Request))
#40 E:/1KERJAAN/Telisik Studio/Dashboard HSE/hse-dashboard/hse-backend/vendor/laravel/framework/src/Illuminate/Foundation/Http/Middleware/ConvertEmptyStringsToNull.php(31): Illuminate/Foundation/Http/Middleware/TransformsRequest->handle(Object(Illuminate/Http/Request), Object(Closure))
#41 E:/1KERJAAN/Telisik Studio/Dashboard HSE/hse-dashboard/hse-backend/vendor/laravel/framework/src/Illuminate/Pipeline/Pipeline.php(209): Illuminate/Foundation/Http/Middleware/ConvertEmptyStringsToNull->handle(Object(Illuminate/Http/Request), Object(Closure))
#42 E:/1KERJAAN/Telisik Studio/Dashboard HSE/hse-dashboard/hse-backend/vendor/laravel/framework/src/Illuminate/Foundation/Http/Middleware/TransformsRequest.php(21): Illuminate/Pipeline/Pipeline->Illuminate/Pipeline/{closure}(Object(Illuminate/Http/Request))
#43 E:/1KERJAAN/Telisik Studio/Dashboard HSE/hse-dashboard/hse-backend/vendor/laravel/framework/src/Illuminate/Foundation/Http/Middleware/TrimStrings.php(51): Illuminate/Foundation/Http/Middleware/TransformsRequest->handle(Object(Illuminate/Http/Request), Object(Closure))
#44 E:/1KERJAAN/Telisik Studio/Dashboard HSE/hse-dashboard/hse-backend/vendor/laravel/framework/src/Illuminate/Pipeline/Pipeline.php(209): Illuminate/Foundation/Http/Middleware/TrimStrings->handle(Object(Illuminate/Http/Request), Object(Closure))
#45 E:/1KERJAAN/Telisik Studio/Dashboard HSE/hse-dashboard/hse-backend/vendor/laravel/framework/src/Illuminate/Http/Middleware/ValidatePostSize.php(27): Illuminate/Pipeline/Pipeline->Illuminate/Pipeline/{closure}(Object(Illuminate/Http/Request))
#46 E:/1KERJAAN/Telisik Studio/Dashboard HSE/hse-dashboard/hse-backend/vendor/laravel/framework/src/Illuminate/Pipeline/Pipeline.php(209): Illuminate/Http/Middleware/ValidatePostSize->handle(Object(Illuminate/Http/Request), Object(Closure))
#47 E:/1KERJAAN/Telisik Studio/Dashboard HSE/hse-dashboard/hse-backend/vendor/laravel/framework/src/Illuminate/Foundation/Http/Middleware/PreventRequestsDuringMaintenance.php(110): Illuminate/Pipeline/Pipeline->Illuminate/Pipeline/{closure}(Object(Illuminate/Http/Request))
#48 E:/1KERJAAN/Telisik Studio/Dashboard HSE/hse-dashboard/hse-backend/vendor/laravel/framework/src/Illuminate/Pipeline/Pipeline.php(209): Illuminate/Foundation/Http/Middleware/PreventRequestsDuringMaintenance->handle(Object(Illuminate/Http/Request), Object(Closure))
#49 E:/1KERJAAN/Telisik Studio/Dashboard HSE/hse-dashboard/hse-backend/vendor/laravel/framework/src/Illuminate/Http/Middleware/HandleCors.php(62): Illuminate/Pipeline/Pipeline->Illuminate/Pipeline/{closure}(Object(Illuminate/Http/Request))
#50 E:/1KERJAAN/Telisik Studio/Dashboard HSE/hse-dashboard/hse-backend/vendor/laravel/framework/src/Illuminate/Pipeline/Pipeline.php(209): Illuminate/Http/Middleware/HandleCors->handle(Object(Illuminate/Http/Request), Object(Closure))
#51 E:/1KERJAAN/Telisik Studio/Dashboard HSE/hse-dashboard/hse-backend/vendor/laravel/framework/src/Illuminate/Http/Middleware/TrustProxies.php(58): Illuminate/Pipeline/Pipeline->Illuminate/Pipeline/{closure}(Object(Illuminate/Http/Request))
#52 E:/1KERJAAN/Telisik Studio/Dashboard HSE/hse-dashboard/hse-backend/vendor/laravel/framework/src/Illuminate/Pipeline/Pipeline.php(209): Illuminate/Http/Middleware/TrustProxies->handle(Object(Illuminate/Http/Request), Object(Closure))
#53 E:/1KERJAAN/Telisik Studio/Dashboard HSE/hse-dashboard/hse-backend/vendor/laravel/framework/src/Illuminate/Foundation/Http/Middleware/InvokeDeferredCallbacks.php(22): Illuminate/Pipeline/Pipeline->Illuminate/Pipeline/{closure}(Object(Illuminate/Http/Request))
#54 E:/1KERJAAN/Telisik Studio/Dashboard HSE/hse-dashboard/hse-backend/vendor/laravel/framework/src/Illuminate/Pipeline/Pipeline.php(209): Illuminate/Foundation/Http/Middleware/InvokeDeferredCallbacks->handle(Object(Illuminate/Http/Request), Object(Closure))
#55 E:/1KERJAAN/Telisik Studio/Dashboard HSE/hse-dashboard/hse-backend/vendor/laravel/framework/src/Illuminate/Pipeline/Pipeline.php(127): Illuminate/Pipeline/Pipeline->Illuminate/Pipeline/{closure}(Object(Illuminate/Http/Request))
#56 E:/1KERJAAN/Telisik Studio/Dashboard HSE/hse-dashboard/hse-backend/vendor/laravel/framework/src/Illuminate/Foundation/Http/Kernel.php(176): Illuminate/Pipeline/Pipeline->then(Object(Closure))
#57 E:/1KERJAAN/Telisik Studio/Dashboard HSE/hse-dashboard/hse-backend/vendor/laravel/framework/src/Illuminate/Foundation/Http/Kernel.php(145): Illuminate/Foundation/Http/Kernel->sendRequestThroughRouter(Object(Illuminate/Http/Request))
#58 E:/1KERJAAN/Telisik Studio/Dashboard HSE/hse-dashboard/hse-backend/vendor/laravel/framework/src/Illuminate/Foundation/Application.php(1220): Illuminate/Foundation/Http/Kernel->handle(Object(Illuminate/Http/Request))
#59 E:/1KERJAAN/Telisik Studio/Dashboard HSE/hse-dashboard/hse-backend/public/index.php(17): Illuminate/Foundation/Application->handleRequest(Object(Illuminate/Http/Request))
#60 E:/1KERJAAN/Telisik Studio/Dashboard HSE/hse-dashboard/hse-backend/vendor/laravel/framework/src/Illuminate/Foundation/resources/server.php(23): require_once('E://1KERJAAN//Tel...')
#61 {main}
"} 
[2026-08-04 17:12:03] local.ERROR: Call to undefined method Illuminate\Database\Eloquent\Builder::query() {"userId":1,"exception":"[object] (BadMethodCallException(code: 0): Call to undefined method Illuminate\\Database\\Eloquent\\Builder::query() at E:/1KERJAAN/Telisik Studio/Dashboard HSE/hse-dashboard/hse-backend/vendor/laravel/framework/src/Illuminate/Support/Traits/ForwardsCalls.php:67)
[stacktrace]
#0 E:/1KERJAAN/Telisik Studio/Dashboard HSE/hse-dashboard/hse-backend/vendor/laravel/framework/src/Illuminate/Support/Traits/ForwardsCalls.php(36): Illuminate/Database/Eloquent/Builder::throwBadMethodCallException('query')
#1 E:/1KERJAAN/Telisik Studio/Dashboard HSE/hse-dashboard/hse-backend/vendor/laravel/framework/src/Illuminate/Database/Eloquent/Builder.php(2123): Illuminate/Database/Eloquent/Builder->forwardCallTo(Object(Illuminate/Database/Query/Builder), 'query', Array)
#2 E:/1KERJAAN/Telisik Studio/Dashboard HSE/hse-dashboard/hse-backend/app/Http/Controllers/Api/PermitController.php(23): Illuminate/Database/Eloquent/Builder->__call('query', Array)
#3 E:/1KERJAAN/Telisik Studio/Dashboard HSE/hse-dashboard/hse-backend/vendor/laravel/framework/src/Illuminate/Routing/ControllerDispatcher.php(47): App/Http/Controllers/Api/PermitController->index(Object(Illuminate/Http/Request))
#4 E:/1KERJAAN/Telisik Studio/Dashboard HSE/hse-dashboard/hse-backend/vendor/laravel/framework/src/Illuminate/Routing/Route.php(266): Illuminate/Routing/ControllerDispatcher->dispatch(Object(Illuminate/Routing/Route), Object(App/Http/Controllers/Api/PermitController), 'index')
#5 E:/1KERJAAN/Telisik Studio/Dashboard HSE/hse-dashboard/hse-backend/vendor/laravel/framework/src/Illuminate/Routing/Route.php(212): Illuminate/Routing/Route->runController()
#6 E:/1KERJAAN/Telisik Studio/Dashboard HSE/hse-dashboard/hse-backend/vendor/laravel/framework/src/Illuminate/Routing/Router.php(808): Illuminate/Routing/Route->run()
#7 E:/1KERJAAN/Telisik Studio/Dashboard HSE/hse-dashboard/hse-backend/vendor/laravel/framework/src/Illuminate/Pipeline/Pipeline.php(170): Illuminate/Routing/Router->Illuminate/Routing/{closure}(Object(Illuminate/Http/Request))
#8 E:/1KERJAAN/Telisik Studio/Dashboard HSE/hse-dashboard/hse-backend/app/Http/Middleware/EnsureAnyPermission.php(26): Illuminate/Pipeline/Pipeline->Illuminate/Pipeline/{closure}(Object(Illuminate/Http/Request))
#9 E:/1KERJAAN/Telisik Studio/Dashboard HSE/hse-dashboard/hse-backend/vendor/laravel/framework/src/Illuminate/Pipeline/Pipeline.php(209): App/Http/Middleware/EnsureAnyPermission->handle(Object(Illuminate/Http/Request), Object(Closure), 'permits', 'permits_own')
#10 E:/1KERJAAN/Telisik Studio/Dashboard HSE/hse-dashboard/hse-backend/vendor/laravel/framework/src/Illuminate/Routing/Middleware/SubstituteBindings.php(51): Illuminate/Pipeline/Pipeline->Illuminate/Pipeline/{closure}(Object(Illuminate/Http/Request))
#11 E:/1KERJAAN/Telisik Studio/Dashboard HSE/hse-dashboard/hse-backend/vendor/laravel/framework/src/Illuminate/Pipeline/Pipeline.php(209): Illuminate/Routing/Middleware/SubstituteBindings->handle(Object(Illuminate/Http/Request), Object(Closure))
#12 E:/1KERJAAN/Telisik Studio/Dashboard HSE/hse-dashboard/hse-backend/vendor/laravel/framework/src/Illuminate/Auth/Middleware/Authenticate.php(64): Illuminate/Pipeline/Pipeline->Illuminate/Pipeline/{closure}(Object(Illuminate/Http/Request))
#13 E:/1KERJAAN/Telisik Studio/Dashboard HSE/hse-dashboard/hse-backend/vendor/laravel/framework/src/Illuminate/Pipeline/Pipeline.php(209): Illuminate/Auth/Middleware/Authenticate->handle(Object(Illuminate/Http/Request), Object(Closure), 'sanctum')
#14 E:/1KERJAAN/Telisik Studio/Dashboard HSE/hse-dashboard/hse-backend/vendor/laravel/sanctum/src/Http/Middleware/EnsureFrontendRequestsAreStateful.php(26): Illuminate/Pipeline/Pipeline->Illuminate/Pipeline/{closure}(Object(Illuminate/Http/Request))
#15 E:/1KERJAAN/Telisik Studio/Dashboard HSE/hse-dashboard/hse-backend/vendor/laravel/framework/src/Illuminate/Pipeline/Pipeline.php(170): Laravel/Sanctum/Http/Middleware/EnsureFrontendRequestsAreStateful->Laravel/Sanctum/Http/Middleware/{closure}(Object(Illuminate/Http/Request))
#16 E:/1KERJAAN/Telisik Studio/Dashboard HSE/hse-dashboard/hse-backend/vendor/laravel/sanctum/src/Http/Middleware/AuthenticateSession.php(60): Illuminate/Pipeline/Pipeline->Illuminate/Pipeline/{closure}(Object(Illuminate/Http/Request))
#17 E:/1KERJAAN/Telisik Studio/Dashboard HSE/hse-dashboard/hse-backend/vendor/laravel/framework/src/Illuminate/Pipeline/Pipeline.php(209): Laravel/Sanctum/Http/Middleware/AuthenticateSession->handle(Object(Illuminate/Http/Request), Object(Closure))
#18 E:/1KERJAAN/Telisik Studio/Dashboard HSE/hse-dashboard/hse-backend/vendor/laravel/framework/src/Illuminate/Foundation/Http/Middleware/VerifyCsrfToken.php(88): Illuminate/Pipeline/Pipeline->Illuminate/Pipeline/{closure}(Object(Illuminate/Http/Request))
#19 E:/1KERJAAN/Telisik Studio/Dashboard HSE/hse-dashboard/hse-backend/vendor/laravel/framework/src/Illuminate/Pipeline/Pipeline.php(209): Illuminate/Foundation/Http/Middleware/VerifyCsrfToken->handle(Object(Illuminate/Http/Request), Object(Closure))
#20 E:/1KERJAAN/Telisik Studio/Dashboard HSE/hse-dashboard/hse-backend/vendor/laravel/framework/src/Illuminate/Session/Middleware/StartSession.php(121): Illuminate/Pipeline/Pipeline->Illuminate/Pipeline/{closure}(Object(Illuminate/Http/Request))
#21 E:/1KERJAAN/Telisik Studio/Dashboard HSE/hse-dashboard/hse-backend/vendor/laravel/framework/src/Illuminate/Session/Middleware/StartSession.php(64): Illuminate/Session/Middleware/StartSession->handleStatefulRequest(Object(Illuminate/Http/Request), Object(Illuminate/Session/Store), Object(Closure))
#22 E:/1KERJAAN/Telisik Studio/Dashboard HSE/hse-dashboard/hse-backend/vendor/laravel/framework/src/Illuminate/Pipeline/Pipeline.php(209): Illuminate/Session/Middleware/StartSession->handle(Object(Illuminate/Http/Request), Object(Closure))
#23 E:/1KERJAAN/Telisik Studio/Dashboard HSE/hse-dashboard/hse-backend/vendor/laravel/framework/src/Illuminate/Cookie/Middleware/AddQueuedCookiesToResponse.php(37): Illuminate/Pipeline/Pipeline->Illuminate/Pipeline/{closure}(Object(Illuminate/Http/Request))
#24 E:/1KERJAAN/Telisik Studio/Dashboard HSE/hse-dashboard/hse-backend/vendor/laravel/framework/src/Illuminate/Pipeline/Pipeline.php(209): Illuminate/Cookie/Middleware/AddQueuedCookiesToResponse->handle(Object(Illuminate/Http/Request), Object(Closure))
#25 E:/1KERJAAN/Telisik Studio/Dashboard HSE/hse-dashboard/hse-backend/vendor/laravel/framework/src/Illuminate/Cookie/Middleware/EncryptCookies.php(75): Illuminate/Pipeline/Pipeline->Illuminate/Pipeline/{closure}(Object(Illuminate/Http/Request))
#26 E:/1KERJAAN/Telisik Studio/Dashboard HSE/hse-dashboard/hse-backend/vendor/laravel/framework/src/Illuminate/Pipeline/Pipeline.php(209): Illuminate/Cookie/Middleware/EncryptCookies->handle(Object(Illuminate/Http/Request), Object(Closure))
#27 E:/1KERJAAN/Telisik Studio/Dashboard HSE/hse-dashboard/hse-backend/vendor/laravel/sanctum/src/Http/Middleware/EnsureFrontendRequestsAreStateful.php(61): Illuminate/Pipeline/Pipeline->Illuminate/Pipeline/{closure}(Object(Illuminate/Http/Request))
#28 E:/1KERJAAN/Telisik Studio/Dashboard HSE/hse-dashboard/hse-backend/vendor/laravel/framework/src/Illuminate/Pipeline/Pipeline.php(191): Laravel/Sanctum/Http/Middleware/EnsureFrontendRequestsAreStateful->Laravel/Sanctum/Http/Middleware/{closure}(Object(Illuminate/Http/Request), Object(Closure))
#29 E:/1KERJAAN/Telisik Studio/Dashboard HSE/hse-dashboard/hse-backend/vendor/laravel/framework/src/Illuminate/Pipeline/Pipeline.php(127): Illuminate/Pipeline/Pipeline->Illuminate/Pipeline/{closure}(Object(Illuminate/Http/Request))
#30 E:/1KERJAAN/Telisik Studio/Dashboard HSE/hse-dashboard/hse-backend/vendor/laravel/sanctum/src/Http/Middleware/EnsureFrontendRequestsAreStateful.php(25): Illuminate/Pipeline/Pipeline->then(Object(Closure))
#31 E:/1KERJAAN/Telisik Studio/Dashboard HSE/hse-dashboard/hse-backend/vendor/laravel/framework/src/Illuminate/Pipeline/Pipeline.php(209): Laravel/Sanctum/Http/Middleware/EnsureFrontendRequestsAreStateful->handle(Object(Illuminate/Http/Request), Object(Closure))
#32 E:/1KERJAAN/Telisik Studio/Dashboard HSE/hse-dashboard/hse-backend/vendor/laravel/framework/src/Illuminate/Pipeline/Pipeline.php(127): Illuminate/Pipeline/Pipeline->Illuminate/Pipeline/{closure}(Object(Illuminate/Http/Request))
#33 E:/1KERJAAN/Telisik Studio/Dashboard HSE/hse-dashboard/hse-backend/vendor/laravel/framework/src/Illuminate/Routing/Router.php(807): Illuminate/Pipeline/Pipeline->then(Object(Closure))
#34 E:/1KERJAAN/Telisik Studio/Dashboard HSE/hse-dashboard/hse-backend/vendor/laravel/framework/src/Illuminate/Routing/Router.php(786): Illuminate/Routing/Router->runRouteWithinStack(Object(Illuminate/Routing/Route), Object(Illuminate/Http/Request))
#35 E:/1KERJAAN/Telisik Studio/Dashboard HSE/hse-dashboard/hse-backend/vendor/laravel/framework/src/Illuminate/Routing/Router.php(750): Illuminate/Routing/Router->runRoute(Object(Illuminate/Http/Request), Object(Illuminate/Routing/Route))
#36 E:/1KERJAAN/Telisik Studio/Dashboard HSE/hse-dashboard/hse-backend/vendor/laravel/framework/src/Illuminate/Routing/Router.php(739): Illuminate/Routing/Router->dispatchToRoute(Object(Illuminate/Http/Request))
#37 E:/1KERJAAN/Telisik Studio/Dashboard HSE/hse-dashboard/hse-backend/vendor/laravel/framework/src/Illuminate/Foundation/Http/Kernel.php(201): Illuminate/Routing/Router->dispatch(Object(Illuminate/Http/Request))
#38 E:/1KERJAAN/Telisik Studio/Dashboard HSE/hse-dashboard/hse-backend/vendor/laravel/framework/src/Illuminate/Pipeline/Pipeline.php(170): Illuminate/Foundation/Http/Kernel->Illuminate/Foundation/Http/{closure}(Object(Illuminate/Http/Request))
#39 E:/1KERJAAN/Telisik Studio/Dashboard HSE/hse-dashboard/hse-backend/vendor/laravel/framework/src/Illuminate/Foundation/Http/Middleware/TransformsRequest.php(21): Illuminate/Pipeline/Pipeline->Illuminate/Pipeline/{closure}(Object(Illuminate/Http/Request))
#40 E:/1KERJAAN/Telisik Studio/Dashboard HSE/hse-dashboard/hse-backend/vendor/laravel/framework/src/Illuminate/Foundation/Http/Middleware/ConvertEmptyStringsToNull.php(31): Illuminate/Foundation/Http/Middleware/TransformsRequest->handle(Object(Illuminate/Http/Request), Object(Closure))
#41 E:/1KERJAAN/Telisik Studio/Dashboard HSE/hse-dashboard/hse-backend/vendor/laravel/framework/src/Illuminate/Pipeline/Pipeline.php(209): Illuminate/Foundation/Http/Middleware/ConvertEmptyStringsToNull->handle(Object(Illuminate/Http/Request), Object(Closure))
#42 E:/1KERJAAN/Telisik Studio/Dashboard HSE/hse-dashboard/hse-backend/vendor/laravel/framework/src/Illuminate/Foundation/Http/Middleware/TransformsRequest.php(21): Illuminate/Pipeline/Pipeline->Illuminate/Pipeline/{closure}(Object(Illuminate/Http/Request))
#43 E:/1KERJAAN/Telisik Studio/Dashboard HSE/hse-dashboard/hse-backend/vendor/laravel/framework/src/Illuminate/Foundation/Http/Middleware/TrimStrings.php(51): Illuminate/Foundation/Http/Middleware/TransformsRequest->handle(Object(Illuminate/Http/Request), Object(Closure))
#44 E:/1KERJAAN/Telisik Studio/Dashboard HSE/hse-dashboard/hse-backend/vendor/laravel/framework/src/Illuminate/Pipeline/Pipeline.php(209): Illuminate/Foundation/Http/Middleware/TrimStrings->handle(Object(Illuminate/Http/Request), Object(Closure))
#45 E:/1KERJAAN/Telisik Studio/Dashboard HSE/hse-dashboard/hse-backend/vendor/laravel/framework/src/Illuminate/Http/Middleware/ValidatePostSize.php(27): Illuminate/Pipeline/Pipeline->Illuminate/Pipeline/{closure}(Object(Illuminate/Http/Request))
#46 E:/1KERJAAN/Telisik Studio/Dashboard HSE/hse-dashboard/hse-backend/vendor/laravel/framework/src/Illuminate/Pipeline/Pipeline.php(209): Illuminate/Http/Middleware/ValidatePostSize->handle(Object(Illuminate/Http/Request), Object(Closure))
#47 E:/1KERJAAN/Telisik Studio/Dashboard HSE/hse-dashboard/hse-backend/vendor/laravel/framework/src/Illuminate/Foundation/Http/Middleware/PreventRequestsDuringMaintenance.php(110): Illuminate/Pipeline/Pipeline->Illuminate/Pipeline/{closure}(Object(Illuminate/Http/Request))
#48 E:/1KERJAAN/Telisik Studio/Dashboard HSE/hse-dashboard/hse-backend/vendor/laravel/framework/src/Illuminate/Pipeline/Pipeline.php(209): Illuminate/Foundation/Http/Middleware/PreventRequestsDuringMaintenance->handle(Object(Illuminate/Http/Request), Object(Closure))
#49 E:/1KERJAAN/Telisik Studio/Dashboard HSE/hse-dashboard/hse-backend/vendor/laravel/framework/src/Illuminate/Http/Middleware/HandleCors.php(62): Illuminate/Pipeline/Pipeline->Illuminate/Pipeline/{closure}(Object(Illuminate/Http/Request))
#50 E:/1KERJAAN/Telisik Studio/Dashboard HSE/hse-dashboard/hse-backend/vendor/laravel/framework/src/Illuminate/Pipeline/Pipeline.php(209): Illuminate/Http/Middleware/HandleCors->handle(Object(Illuminate/Http/Request), Object(Closure))
#51 E:/1KERJAAN/Telisik Studio/Dashboard HSE/hse-dashboard/hse-backend/vendor/laravel/framework/src/Illuminate/Http/Middleware/TrustProxies.php(58): Illuminate/Pipeline/Pipeline->Illuminate/Pipeline/{closure}(Object(Illuminate/Http/Request))
#52 E:/1KERJAAN/Telisik Studio/Dashboard HSE/hse-dashboard/hse-backend/vendor/laravel/framework/src/Illuminate/Pipeline/Pipeline.php(209): Illuminate/Http/Middleware/TrustProxies->handle(Object(Illuminate/Http/Request), Object(Closure))
#53 E:/1KERJAAN/Telisik Studio/Dashboard HSE/hse-dashboard/hse-backend/vendor/laravel/framework/src/Illuminate/Foundation/Http/Middleware/InvokeDeferredCallbacks.php(22): Illuminate/Pipeline/Pipeline->Illuminate/Pipeline/{closure}(Object(Illuminate/Http/Request))
#54 E:/1KERJAAN/Telisik Studio/Dashboard HSE/hse-dashboard/hse-backend/vendor/laravel/framework/src/Illuminate/Pipeline/Pipeline.php(209): Illuminate/Foundation/Http/Middleware/InvokeDeferredCallbacks->handle(Object(Illuminate/Http/Request), Object(Closure))
#55 E:/1KERJAAN/Telisik Studio/Dashboard HSE/hse-dashboard/hse-backend/vendor/laravel/framework/src/Illuminate/Pipeline/Pipeline.php(127): Illuminate/Pipeline/Pipeline->Illuminate/Pipeline/{closure}(Object(Illuminate/Http/Request))
#56 E:/1KERJAAN/Telisik Studio/Dashboard HSE/hse-dashboard/hse-backend/vendor/laravel/framework/src/Illuminate/Foundation/Http/Kernel.php(176): Illuminate/Pipeline/Pipeline->then(Object(Closure))
#57 E:/1KERJAAN/Telisik Studio/Dashboard HSE/hse-dashboard/hse-backend/vendor/laravel/framework/src/Illuminate/Foundation/Http/Kernel.php(145): Illuminate/Foundation/Http/Kernel->sendRequestThroughRouter(Object(Illuminate/Http/Request))
#58 E:/1KERJAAN/Telisik Studio/Dashboard HSE/hse-dashboard/hse-backend/vendor/laravel/framework/src/Illuminate/Foundation/Application.php(1220): Illuminate/Foundation/Http/Kernel->handle(Object(Illuminate/Http/Request))
#59 E:/1KERJAAN/Telisik Studio/Dashboard HSE/hse-dashboard/hse-backend/public/index.php(17): Illuminate/Foundation/Application->handleRequest(Object(Illuminate/Http/Request))
#60 E:/1KERJAAN/Telisik Studio/Dashboard HSE/hse-dashboard/hse-backend/vendor/laravel/framework/src/Illuminate/Foundation/resources/server.php(23): require_once('E://1KERJAAN//Tel...')
#61 {main}
"} 
[2026-08-04 17:12:04] local.ERROR: Call to undefined method Illuminate\Database\Eloquent\Builder::query() {"userId":1,"exception":"[object] (BadMethodCallException(code: 0): Call to undefined method Illuminate\\Database\\Eloquent\\Builder::query() at E:/1KERJAAN/Telisik Studio/Dashboard HSE/hse-dashboard/hse-backend/vendor/laravel/framework/src/Illuminate/Support/Traits/ForwardsCalls.php:67)
[stacktrace]
#0 E:/1KERJAAN/Telisik Studio/Dashboard HSE/hse-dashboard/hse-backend/vendor/laravel/framework/src/Illuminate/Support/Traits/ForwardsCalls.php(36): Illuminate/Database/Eloquent/Builder::throwBadMethodCallException('query')
#1 E:/1KERJAAN/Telisik Studio/Dashboard HSE/hse-dashboard/hse-backend/vendor/laravel/framework/src/Illuminate/Database/Eloquent/Builder.php(2123): Illuminate/Database/Eloquent/Builder->forwardCallTo(Object(Illuminate/Database/Query/Builder), 'query', Array)
#2 E:/1KERJAAN/Telisik Studio/Dashboard HSE/hse-dashboard/hse-backend/app/Http/Controllers/Api/PermitController.php(23): Illuminate/Database/Eloquent/Builder->__call('query', Array)
#3 E:/1KERJAAN/Telisik Studio/Dashboard HSE/hse-dashboard/hse-backend/vendor/laravel/framework/src/Illuminate/Routing/ControllerDispatcher.php(47): App/Http/Controllers/Api/PermitController->index(Object(Illuminate/Http/Request))
#4 E:/1KERJAAN/Telisik Studio/Dashboard HSE/hse-dashboard/hse-backend/vendor/laravel/framework/src/Illuminate/Routing/Route.php(266): Illuminate/Routing/ControllerDispatcher->dispatch(Object(Illuminate/Routing/Route), Object(App/Http/Controllers/Api/PermitController), 'index')
#5 E:/1KERJAAN/Telisik Studio/Dashboard HSE/hse-dashboard/hse-backend/vendor/laravel/framework/src/Illuminate/Routing/Route.php(212): Illuminate/Routing/Route->runController()
#6 E:/1KERJAAN/Telisik Studio/Dashboard HSE/hse-dashboard/hse-backend/vendor/laravel/framework/src/Illuminate/Routing/Router.php(808): Illuminate/Routing/Route->run()
#7 E:/1KERJAAN/Telisik Studio/Dashboard HSE/hse-dashboard/hse-backend/vendor/laravel/framework/src/Illuminate/Pipeline/Pipeline.php(170): Illuminate/Routing/Router->Illuminate/Routing/{closure}(Object(Illuminate/Http/Request))
#8 E:/1KERJAAN/Telisik Studio/Dashboard HSE/hse-dashboard/hse-backend/app/Http/Middleware/EnsureAnyPermission.php(26): Illuminate/Pipeline/Pipeline->Illuminate/Pipeline/{closure}(Object(Illuminate/Http/Request))
#9 E:/1KERJAAN/Telisik Studio/Dashboard HSE/hse-dashboard/hse-backend/vendor/laravel/framework/src/Illuminate/Pipeline/Pipeline.php(209): App/Http/Middleware/EnsureAnyPermission->handle(Object(Illuminate/Http/Request), Object(Closure), 'permits', 'permits_own')
#10 E:/1KERJAAN/Telisik Studio/Dashboard HSE/hse-dashboard/hse-backend/vendor/laravel/framework/src/Illuminate/Routing/Middleware/SubstituteBindings.php(51): Illuminate/Pipeline/Pipeline->Illuminate/Pipeline/{closure}(Object(Illuminate/Http/Request))
#11 E:/1KERJAAN/Telisik Studio/Dashboard HSE/hse-dashboard/hse-backend/vendor/laravel/framework/src/Illuminate/Pipeline/Pipeline.php(209): Illuminate/Routing/Middleware/SubstituteBindings->handle(Object(Illuminate/Http/Request), Object(Closure))
#12 E:/1KERJAAN/Telisik Studio/Dashboard HSE/hse-dashboard/hse-backend/vendor/laravel/framework/src/Illuminate/Auth/Middleware/Authenticate.php(64): Illuminate/Pipeline/Pipeline->Illuminate/Pipeline/{closure}(Object(Illuminate/Http/Request))
#13 E:/1KERJAAN/Telisik Studio/Dashboard HSE/hse-dashboard/hse-backend/vendor/laravel/framework/src/Illuminate/Pipeline/Pipeline.php(209): Illuminate/Auth/Middleware/Authenticate->handle(Object(Illuminate/Http/Request), Object(Closure), 'sanctum')
#14 E:/1KERJAAN/Telisik Studio/Dashboard HSE/hse-dashboard/hse-backend/vendor/laravel/sanctum/src/Http/Middleware/EnsureFrontendRequestsAreStateful.php(26): Illuminate/Pipeline/Pipeline->Illuminate/Pipeline/{closure}(Object(Illuminate/Http/Request))
#15 E:/1KERJAAN/Telisik Studio/Dashboard HSE/hse-dashboard/hse-backend/vendor/laravel/framework/src/Illuminate/Pipeline/Pipeline.php(170): Laravel/Sanctum/Http/Middleware/EnsureFrontendRequestsAreStateful->Laravel/Sanctum/Http/Middleware/{closure}(Object(Illuminate/Http/Request))
#16 E:/1KERJAAN/Telisik Studio/Dashboard HSE/hse-dashboard/hse-backend/vendor/laravel/sanctum/src/Http/Middleware/AuthenticateSession.php(60): Illuminate/Pipeline/Pipeline->Illuminate/Pipeline/{closure}(Object(Illuminate/Http/Request))
#17 E:/1KERJAAN/Telisik Studio/Dashboard HSE/hse-dashboard/hse-backend/vendor/laravel/framework/src/Illuminate/Pipeline/Pipeline.php(209): Laravel/Sanctum/Http/Middleware/AuthenticateSession->handle(Object(Illuminate/Http/Request), Object(Closure))
#18 E:/1KERJAAN/Telisik Studio/Dashboard HSE/hse-dashboard/hse-backend/vendor/laravel/framework/src/Illuminate/Foundation/Http/Middleware/VerifyCsrfToken.php(88): Illuminate/Pipeline/Pipeline->Illuminate/Pipeline/{closure}(Object(Illuminate/Http/Request))
#19 E:/1KERJAAN/Telisik Studio/Dashboard HSE/hse-dashboard/hse-backend/vendor/laravel/framework/src/Illuminate/Pipeline/Pipeline.php(209): Illuminate/Foundation/Http/Middleware/VerifyCsrfToken->handle(Object(Illuminate/Http/Request), Object(Closure))
#20 E:/1KERJAAN/Telisik Studio/Dashboard HSE/hse-dashboard/hse-backend/vendor/laravel/framework/src/Illuminate/Session/Middleware/StartSession.php(121): Illuminate/Pipeline/Pipeline->Illuminate/Pipeline/{closure}(Object(Illuminate/Http/Request))
#21 E:/1KERJAAN/Telisik Studio/Dashboard HSE/hse-dashboard/hse-backend/vendor/laravel/framework/src/Illuminate/Session/Middleware/StartSession.php(64): Illuminate/Session/Middleware/StartSession->handleStatefulRequest(Object(Illuminate/Http/Request), Object(Illuminate/Session/Store), Object(Closure))
#22 E:/1KERJAAN/Telisik Studio/Dashboard HSE/hse-dashboard/hse-backend/vendor/laravel/framework/src/Illuminate/Pipeline/Pipeline.php(209): Illuminate/Session/Middleware/StartSession->handle(Object(Illuminate/Http/Request), Object(Closure))
#23 E:/1KERJAAN/Telisik Studio/Dashboard HSE/hse-dashboard/hse-backend/vendor/laravel/framework/src/Illuminate/Cookie/Middleware/AddQueuedCookiesToResponse.php(37): Illuminate/Pipeline/Pipeline->Illuminate/Pipeline/{closure}(Object(Illuminate/Http/Request))
#24 E:/1KERJAAN/Telisik Studio/Dashboard HSE/hse-dashboard/hse-backend/vendor/laravel/framework/src/Illuminate/Pipeline/Pipeline.php(209): Illuminate/Cookie/Middleware/AddQueuedCookiesToResponse->handle(Object(Illuminate/Http/Request), Object(Closure))
#25 E:/1KERJAAN/Telisik Studio/Dashboard HSE/hse-dashboard/hse-backend/vendor/laravel/framework/src/Illuminate/Cookie/Middleware/EncryptCookies.php(75): Illuminate/Pipeline/Pipeline->Illuminate/Pipeline/{closure}(Object(Illuminate/Http/Request))
#26 E:/1KERJAAN/Telisik Studio/Dashboard HSE/hse-dashboard/hse-backend/vendor/laravel/framework/src/Illuminate/Pipeline/Pipeline.php(209): Illuminate/Cookie/Middleware/EncryptCookies->handle(Object(Illuminate/Http/Request), Object(Closure))
#27 E:/1KERJAAN/Telisik Studio/Dashboard HSE/hse-dashboard/hse-backend/vendor/laravel/sanctum/src/Http/Middleware/EnsureFrontendRequestsAreStateful.php(61): Illuminate/Pipeline/Pipeline->Illuminate/Pipeline/{closure}(Object(Illuminate/Http/Request))
#28 E:/1KERJAAN/Telisik Studio/Dashboard HSE/hse-dashboard/hse-backend/vendor/laravel/framework/src/Illuminate/Pipeline/Pipeline.php(191): Laravel/Sanctum/Http/Middleware/EnsureFrontendRequestsAreStateful->Laravel/Sanctum/Http/Middleware/{closure}(Object(Illuminate/Http/Request), Object(Closure))
#29 E:/1KERJAAN/Telisik Studio/Dashboard HSE/hse-dashboard/hse-backend/vendor/laravel/framework/src/Illuminate/Pipeline/Pipeline.php(127): Illuminate/Pipeline/Pipeline->Illuminate/Pipeline/{closure}(Object(Illuminate/Http/Request))
#30 E:/1KERJAAN/Telisik Studio/Dashboard HSE/hse-dashboard/hse-backend/vendor/laravel/sanctum/src/Http/Middleware/EnsureFrontendRequestsAreStateful.php(25): Illuminate/Pipeline/Pipeline->then(Object(Closure))
#31 E:/1KERJAAN/Telisik Studio/Dashboard HSE/hse-dashboard/hse-backend/vendor/laravel/framework/src/Illuminate/Pipeline/Pipeline.php(209): Laravel/Sanctum/Http/Middleware/EnsureFrontendRequestsAreStateful->handle(Object(Illuminate/Http/Request), Object(Closure))
#32 E:/1KERJAAN/Telisik Studio/Dashboard HSE/hse-dashboard/hse-backend/vendor/laravel/framework/src/Illuminate/Pipeline/Pipeline.php(127): Illuminate/Pipeline/Pipeline->Illuminate/Pipeline/{closure}(Object(Illuminate/Http/Request))
#33 E:/1KERJAAN/Telisik Studio/Dashboard HSE/hse-dashboard/hse-backend/vendor/laravel/framework/src/Illuminate/Routing/Router.php(807): Illuminate/Pipeline/Pipeline->then(Object(Closure))
#34 E:/1KERJAAN/Telisik Studio/Dashboard HSE/hse-dashboard/hse-backend/vendor/laravel/framework/src/Illuminate/Routing/Router.php(786): Illuminate/Routing/Router->runRouteWithinStack(Object(Illuminate/Routing/Route), Object(Illuminate/Http/Request))
#35 E:/1KERJAAN/Telisik Studio/Dashboard HSE/hse-dashboard/hse-backend/vendor/laravel/framework/src/Illuminate/Routing/Router.php(750): Illuminate/Routing/Router->runRoute(Object(Illuminate/Http/Request), Object(Illuminate/Routing/Route))
#36 E:/1KERJAAN/Telisik Studio/Dashboard HSE/hse-dashboard/hse-backend/vendor/laravel/framework/src/Illuminate/Routing/Router.php(739): Illuminate/Routing/Router->dispatchToRoute(Object(Illuminate/Http/Request))
#37 E:/1KERJAAN/Telisik Studio/Dashboard HSE/hse-dashboard/hse-backend/vendor/laravel/framework/src/Illuminate/Foundation/Http/Kernel.php(201): Illuminate/Routing/Router->dispatch(Object(Illuminate/Http/Request))
#38 E:/1KERJAAN/Telisik Studio/Dashboard HSE/hse-dashboard/hse-backend/vendor/laravel/framework/src/Illuminate/Pipeline/Pipeline.php(170): Illuminate/Foundation/Http/Kernel->Illuminate/Foundation/Http/{closure}(Object(Illuminate/Http/Request))
#39 E:/1KERJAAN/Telisik Studio/Dashboard HSE/hse-dashboard/hse-backend/vendor/laravel/framework/src/Illuminate/Foundation/Http/Middleware/TransformsRequest.php(21): Illuminate/Pipeline/Pipeline->Illuminate/Pipeline/{closure}(Object(Illuminate/Http/Request))
#40 E:/1KERJAAN/Telisik Studio/Dashboard HSE/hse-dashboard/hse-backend/vendor/laravel/framework/src/Illuminate/Foundation/Http/Middleware/ConvertEmptyStringsToNull.php(31): Illuminate/Foundation/Http/Middleware/TransformsRequest->handle(Object(Illuminate/Http/Request), Object(Closure))
#41 E:/1KERJAAN/Telisik Studio/Dashboard HSE/hse-dashboard/hse-backend/vendor/laravel/framework/src/Illuminate/Pipeline/Pipeline.php(209): Illuminate/Foundation/Http/Middleware/ConvertEmptyStringsToNull->handle(Object(Illuminate/Http/Request), Object(Closure))
#42 E:/1KERJAAN/Telisik Studio/Dashboard HSE/hse-dashboard/hse-backend/vendor/laravel/framework/src/Illuminate/Foundation/Http/Middleware/TransformsRequest.php(21): Illuminate/Pipeline/Pipeline->Illuminate/Pipeline/{closure}(Object(Illuminate/Http/Request))
#43 E:/1KERJAAN/Telisik Studio/Dashboard HSE/hse-dashboard/hse-backend/vendor/laravel/framework/src/Illuminate/Foundation/Http/Middleware/TrimStrings.php(51): Illuminate/Foundation/Http/Middleware/TransformsRequest->handle(Object(Illuminate/Http/Request), Object(Closure))
#44 E:/1KERJAAN/Telisik Studio/Dashboard HSE/hse-dashboard/hse-backend/vendor/laravel/framework/src/Illuminate/Pipeline/Pipeline.php(209): Illuminate/Foundation/Http/Middleware/TrimStrings->handle(Object(Illuminate/Http/Request), Object(Closure))
#45 E:/1KERJAAN/Telisik Studio/Dashboard HSE/hse-dashboard/hse-backend/vendor/laravel/framework/src/Illuminate/Http/Middleware/ValidatePostSize.php(27): Illuminate/Pipeline/Pipeline->Illuminate/Pipeline/{closure}(Object(Illuminate/Http/Request))
#46 E:/1KERJAAN/Telisik Studio/Dashboard HSE/hse-dashboard/hse-backend/vendor/laravel/framework/src/Illuminate/Pipeline/Pipeline.php(209): Illuminate/Http/Middleware/ValidatePostSize->handle(Object(Illuminate/Http/Request), Object(Closure))
#47 E:/1KERJAAN/Telisik Studio/Dashboard HSE/hse-dashboard/hse-backend/vendor/laravel/framework/src/Illuminate/Foundation/Http/Middleware/PreventRequestsDuringMaintenance.php(110): Illuminate/Pipeline/Pipeline->Illuminate/Pipeline/{closure}(Object(Illuminate/Http/Request))
#48 E:/1KERJAAN/Telisik Studio/Dashboard HSE/hse-dashboard/hse-backend/vendor/laravel/framework/src/Illuminate/Pipeline/Pipeline.php(209): Illuminate/Foundation/Http/Middleware/PreventRequestsDuringMaintenance->handle(Object(Illuminate/Http/Request), Object(Closure))
#49 E:/1KERJAAN/Telisik Studio/Dashboard HSE/hse-dashboard/hse-backend/vendor/laravel/framework/src/Illuminate/Http/Middleware/HandleCors.php(62): Illuminate/Pipeline/Pipeline->Illuminate/Pipeline/{closure}(Object(Illuminate/Http/Request))
#50 E:/1KERJAAN/Telisik Studio/Dashboard HSE/hse-dashboard/hse-backend/vendor/laravel/framework/src/Illuminate/Pipeline/Pipeline.php(209): Illuminate/Http/Middleware/HandleCors->handle(Object(Illuminate/Http/Request), Object(Closure))
#51 E:/1KERJAAN/Telisik Studio/Dashboard HSE/hse-dashboard/hse-backend/vendor/laravel/framework/src/Illuminate/Http/Middleware/TrustProxies.php(58): Illuminate/Pipeline/Pipeline->Illuminate/Pipeline/{closure}(Object(Illuminate/Http/Request))
#52 E:/1KERJAAN/Telisik Studio/Dashboard HSE/hse-dashboard/hse-backend/vendor/laravel/framework/src/Illuminate/Pipeline/Pipeline.php(209): Illuminate/Http/Middleware/TrustProxies->handle(Object(Illuminate/Http/Request), Object(Closure))
#53 E:/1KERJAAN/Telisik Studio/Dashboard HSE/hse-dashboard/hse-backend/vendor/laravel/framework/src/Illuminate/Foundation/Http/Middleware/InvokeDeferredCallbacks.php(22): Illuminate/Pipeline/Pipeline->Illuminate/Pipeline/{closure}(Object(Illuminate/Http/Request))
#54 E:/1KERJAAN/Telisik Studio/Dashboard HSE/hse-dashboard/hse-backend/vendor/laravel/framework/src/Illuminate/Pipeline/Pipeline.php(209): Illuminate/Foundation/Http/Middleware/InvokeDeferredCallbacks->handle(Object(Illuminate/Http/Request), Object(Closure))
#55 E:/1KERJAAN/Telisik Studio/Dashboard HSE/hse-dashboard/hse-backend/vendor/laravel/framework/src/Illuminate/Pipeline/Pipeline.php(127): Illuminate/Pipeline/Pipeline->Illuminate/Pipeline/{closure}(Object(Illuminate/Http/Request))
#56 E:/1KERJAAN/Telisik Studio/Dashboard HSE/hse-dashboard/hse-backend/vendor/laravel/framework/src/Illuminate/Foundation/Http/Kernel.php(176): Illuminate/Pipeline/Pipeline->then(Object(Closure))
#57 E:/1KERJAAN/Telisik Studio/Dashboard HSE/hse-dashboard/hse-backend/vendor/laravel/framework/src/Illuminate/Foundation/Http/Kernel.php(145): Illuminate/Foundation/Http/Kernel->sendRequestThroughRouter(Object(Illuminate/Http/Request))
#58 E:/1KERJAAN/Telisik Studio/Dashboard HSE/hse-dashboard/hse-backend/vendor/laravel/framework/src/Illuminate/Foundation/Application.php(1220): Illuminate/Foundation/Http/Kernel->handle(Object(Illuminate/Http/Request))
#59 E:/1KERJAAN/Telisik Studio/Dashboard HSE/hse-dashboard/hse-backend/public/index.php(17): Illuminate/Foundation/Application->handleRequest(Object(Illuminate/Http/Request))
#60 E:/1KERJAAN/Telisik Studio/Dashboard HSE/hse-dashboard/hse-backend/vendor/laravel/framework/src/Illuminate/Foundation/resources/server.php(23): require_once('E://1KERJAAN//Tel...')
#61 {main}
"} 
[2026-08-04 17:12:04] local.ERROR: Call to undefined method Illuminate\Database\Eloquent\Builder::query() {"userId":1,"exception":"[object] (BadMethodCallException(code: 0): Call to undefined method Illuminate\\Database\\Eloquent\\Builder::query() at E:/1KERJAAN/Telisik Studio/Dashboard HSE/hse-dashboard/hse-backend/vendor/laravel/framework/src/Illuminate/Support/Traits/ForwardsCalls.php:67)
[stacktrace]
#0 E:/1KERJAAN/Telisik Studio/Dashboard HSE/hse-dashboard/hse-backend/vendor/laravel/framework/src/Illuminate/Support/Traits/ForwardsCalls.php(36): Illuminate/Database/Eloquent/Builder::throwBadMethodCallException('query')
#1 E:/1KERJAAN/Telisik Studio/Dashboard HSE/hse-dashboard/hse-backend/vendor/laravel/framework/src/Illuminate/Database/Eloquent/Builder.php(2123): Illuminate/Database/Eloquent/Builder->forwardCallTo(Object(Illuminate/Database/Query/Builder), 'query', Array)
#2 E:/1KERJAAN/Telisik Studio/Dashboard HSE/hse-dashboard/hse-backend/app/Http/Controllers/Api/PermitController.php(23): Illuminate/Database/Eloquent/Builder->__call('query', Array)
#3 E:/1KERJAAN/Telisik Studio/Dashboard HSE/hse-dashboard/hse-backend/vendor/laravel/framework/src/Illuminate/Routing/ControllerDispatcher.php(47): App/Http/Controllers/Api/PermitController->index(Object(Illuminate/Http/Request))
#4 E:/1KERJAAN/Telisik Studio/Dashboard HSE/hse-dashboard/hse-backend/vendor/laravel/framework/src/Illuminate/Routing/Route.php(266): Illuminate/Routing/ControllerDispatcher->dispatch(Object(Illuminate/Routing/Route), Object(App/Http/Controllers/Api/PermitController), 'index')
#5 E:/1KERJAAN/Telisik Studio/Dashboard HSE/hse-dashboard/hse-backend/vendor/laravel/framework/src/Illuminate/Routing/Route.php(212): Illuminate/Routing/Route->runController()
#6 E:/1KERJAAN/Telisik Studio/Dashboard HSE/hse-dashboard/hse-backend/vendor/laravel/framework/src/Illuminate/Routing/Router.php(808): Illuminate/Routing/Route->run()
#7 E:/1KERJAAN/Telisik Studio/Dashboard HSE/hse-dashboard/hse-backend/vendor/laravel/framework/src/Illuminate/Pipeline/Pipeline.php(170): Illuminate/Routing/Router->Illuminate/Routing/{closure}(Object(Illuminate/Http/Request))
#8 E:/1KERJAAN/Telisik Studio/Dashboard HSE/hse-dashboard/hse-backend/app/Http/Middleware/EnsureAnyPermission.php(26): Illuminate/Pipeline/Pipeline->Illuminate/Pipeline/{closure}(Object(Illuminate/Http/Request))
#9 E:/1KERJAAN/Telisik Studio/Dashboard HSE/hse-dashboard/hse-backend/vendor/laravel/framework/src/Illuminate/Pipeline/Pipeline.php(209): App/Http/Middleware/EnsureAnyPermission->handle(Object(Illuminate/Http/Request), Object(Closure), 'permits', 'permits_own')
#10 E:/1KERJAAN/Telisik Studio/Dashboard HSE/hse-dashboard/hse-backend/vendor/laravel/framework/src/Illuminate/Routing/Middleware/SubstituteBindings.php(51): Illuminate/Pipeline/Pipeline->Illuminate/Pipeline/{closure}(Object(Illuminate/Http/Request))
#11 E:/1KERJAAN/Telisik Studio/Dashboard HSE/hse-dashboard/hse-backend/vendor/laravel/framework/src/Illuminate/Pipeline/Pipeline.php(209): Illuminate/Routing/Middleware/SubstituteBindings->handle(Object(Illuminate/Http/Request), Object(Closure))
#12 E:/1KERJAAN/Telisik Studio/Dashboard HSE/hse-dashboard/hse-backend/vendor/laravel/framework/src/Illuminate/Auth/Middleware/Authenticate.php(64): Illuminate/Pipeline/Pipeline->Illuminate/Pipeline/{closure}(Object(Illuminate/Http/Request))
#13 E:/1KERJAAN/Telisik Studio/Dashboard HSE/hse-dashboard/hse-backend/vendor/laravel/framework/src/Illuminate/Pipeline/Pipeline.php(209): Illuminate/Auth/Middleware/Authenticate->handle(Object(Illuminate/Http/Request), Object(Closure), 'sanctum')
#14 E:/1KERJAAN/Telisik Studio/Dashboard HSE/hse-dashboard/hse-backend/vendor/laravel/sanctum/src/Http/Middleware/EnsureFrontendRequestsAreStateful.php(26): Illuminate/Pipeline/Pipeline->Illuminate/Pipeline/{closure}(Object(Illuminate/Http/Request))
#15 E:/1KERJAAN/Telisik Studio/Dashboard HSE/hse-dashboard/hse-backend/vendor/laravel/framework/src/Illuminate/Pipeline/Pipeline.php(170): Laravel/Sanctum/Http/Middleware/EnsureFrontendRequestsAreStateful->Laravel/Sanctum/Http/Middleware/{closure}(Object(Illuminate/Http/Request))
#16 E:/1KERJAAN/Telisik Studio/Dashboard HSE/hse-dashboard/hse-backend/vendor/laravel/sanctum/src/Http/Middleware/AuthenticateSession.php(60): Illuminate/Pipeline/Pipeline->Illuminate/Pipeline/{closure}(Object(Illuminate/Http/Request))
#17 E:/1KERJAAN/Telisik Studio/Dashboard HSE/hse-dashboard/hse-backend/vendor/laravel/framework/src/Illuminate/Pipeline/Pipeline.php(209): Laravel/Sanctum/Http/Middleware/AuthenticateSession->handle(Object(Illuminate/Http/Request), Object(Closure))
#18 E:/1KERJAAN/Telisik Studio/Dashboard HSE/hse-dashboard/hse-backend/vendor/laravel/framework/src/Illuminate/Foundation/Http/Middleware/VerifyCsrfToken.php(88): Illuminate/Pipeline/Pipeline->Illuminate/Pipeline/{closure}(Object(Illuminate/Http/Request))
#19 E:/1KERJAAN/Telisik Studio/Dashboard HSE/hse-dashboard/hse-backend/vendor/laravel/framework/src/Illuminate/Pipeline/Pipeline.php(209): Illuminate/Foundation/Http/Middleware/VerifyCsrfToken->handle(Object(Illuminate/Http/Request), Object(Closure))
#20 E:/1KERJAAN/Telisik Studio/Dashboard HSE/hse-dashboard/hse-backend/vendor/laravel/framework/src/Illuminate/Session/Middleware/StartSession.php(121): Illuminate/Pipeline/Pipeline->Illuminate/Pipeline/{closure}(Object(Illuminate/Http/Request))
#21 E:/1KERJAAN/Telisik Studio/Dashboard HSE/hse-dashboard/hse-backend/vendor/laravel/framework/src/Illuminate/Session/Middleware/StartSession.php(64): Illuminate/Session/Middleware/StartSession->handleStatefulRequest(Object(Illuminate/Http/Request), Object(Illuminate/Session/Store), Object(Closure))
#22 E:/1KERJAAN/Telisik Studio/Dashboard HSE/hse-dashboard/hse-backend/vendor/laravel/framework/src/Illuminate/Pipeline/Pipeline.php(209): Illuminate/Session/Middleware/StartSession->handle(Object(Illuminate/Http/Request), Object(Closure))
#23 E:/1KERJAAN/Telisik Studio/Dashboard HSE/hse-dashboard/hse-backend/vendor/laravel/framework/src/Illuminate/Cookie/Middleware/AddQueuedCookiesToResponse.php(37): Illuminate/Pipeline/Pipeline->Illuminate/Pipeline/{closure}(Object(Illuminate/Http/Request))
#24 E:/1KERJAAN/Telisik Studio/Dashboard HSE/hse-dashboard/hse-backend/vendor/laravel/framework/src/Illuminate/Pipeline/Pipeline.php(209): Illuminate/Cookie/Middleware/AddQueuedCookiesToResponse->handle(Object(Illuminate/Http/Request), Object(Closure))
#25 E:/1KERJAAN/Telisik Studio/Dashboard HSE/hse-dashboard/hse-backend/vendor/laravel/framework/src/Illuminate/Cookie/Middleware/EncryptCookies.php(75): Illuminate/Pipeline/Pipeline->Illuminate/Pipeline/{closure}(Object(Illuminate/Http/Request))
#26 E:/1KERJAAN/Telisik Studio/Dashboard HSE/hse-dashboard/hse-backend/vendor/laravel/framework/src/Illuminate/Pipeline/Pipeline.php(209): Illuminate/Cookie/Middleware/EncryptCookies->handle(Object(Illuminate/Http/Request), Object(Closure))
#27 E:/1KERJAAN/Telisik Studio/Dashboard HSE/hse-dashboard/hse-backend/vendor/laravel/sanctum/src/Http/Middleware/EnsureFrontendRequestsAreStateful.php(61): Illuminate/Pipeline/Pipeline->Illuminate/Pipeline/{closure}(Object(Illuminate/Http/Request))
#28 E:/1KERJAAN/Telisik Studio/Dashboard HSE/hse-dashboard/hse-backend/vendor/laravel/framework/src/Illuminate/Pipeline/Pipeline.php(191): Laravel/Sanctum/Http/Middleware/EnsureFrontendRequestsAreStateful->Laravel/Sanctum/Http/Middleware/{closure}(Object(Illuminate/Http/Request), Object(Closure))
#29 E:/1KERJAAN/Telisik Studio/Dashboard HSE/hse-dashboard/hse-backend/vendor/laravel/framework/src/Illuminate/Pipeline/Pipeline.php(127): Illuminate/Pipeline/Pipeline->Illuminate/Pipeline/{closure}(Object(Illuminate/Http/Request))
#30 E:/1KERJAAN/Telisik Studio/Dashboard HSE/hse-dashboard/hse-backend/vendor/laravel/sanctum/src/Http/Middleware/EnsureFrontendRequestsAreStateful.php(25): Illuminate/Pipeline/Pipeline->then(Object(Closure))
#31 E:/1KERJAAN/Telisik Studio/Dashboard HSE/hse-dashboard/hse-backend/vendor/laravel/framework/src/Illuminate/Pipeline/Pipeline.php(209): Laravel/Sanctum/Http/Middleware/EnsureFrontendRequestsAreStateful->handle(Object(Illuminate/Http/Request), Object(Closure))
#32 E:/1KERJAAN/Telisik Studio/Dashboard HSE/hse-dashboard/hse-backend/vendor/laravel/framework/src/Illuminate/Pipeline/Pipeline.php(127): Illuminate/Pipeline/Pipeline->Illuminate/Pipeline/{closure}(Object(Illuminate/Http/Request))
#33 E:/1KERJAAN/Telisik Studio/Dashboard HSE/hse-dashboard/hse-backend/vendor/laravel/framework/src/Illuminate/Routing/Router.php(807): Illuminate/Pipeline/Pipeline->then(Object(Closure))
#34 E:/1KERJAAN/Telisik Studio/Dashboard HSE/hse-dashboard/hse-backend/vendor/laravel/framework/src/Illuminate/Routing/Router.php(786): Illuminate/Routing/Router->runRouteWithinStack(Object(Illuminate/Routing/Route), Object(Illuminate/Http/Request))
#35 E:/1KERJAAN/Telisik Studio/Dashboard HSE/hse-dashboard/hse-backend/vendor/laravel/framework/src/Illuminate/Routing/Router.php(750): Illuminate/Routing/Router->runRoute(Object(Illuminate/Http/Request), Object(Illuminate/Routing/Route))
#36 E:/1KERJAAN/Telisik Studio/Dashboard HSE/hse-dashboard/hse-backend/vendor/laravel/framework/src/Illuminate/Routing/Router.php(739): Illuminate/Routing/Router->dispatchToRoute(Object(Illuminate/Http/Request))
#37 E:/1KERJAAN/Telisik Studio/Dashboard HSE/hse-dashboard/hse-backend/vendor/laravel/framework/src/Illuminate/Foundation/Http/Kernel.php(201): Illuminate/Routing/Router->dispatch(Object(Illuminate/Http/Request))
#38 E:/1KERJAAN/Telisik Studio/Dashboard HSE/hse-dashboard/hse-backend/vendor/laravel/framework/src/Illuminate/Pipeline/Pipeline.php(170): Illuminate/Foundation/Http/Kernel->Illuminate/Foundation/Http/{closure}(Object(Illuminate/Http/Request))
#39 E:/1KERJAAN/Telisik Studio/Dashboard HSE/hse-dashboard/hse-backend/vendor/laravel/framework/src/Illuminate/Foundation/Http/Middleware/TransformsRequest.php(21): Illuminate/Pipeline/Pipeline->Illuminate/Pipeline/{closure}(Object(Illuminate/Http/Request))
#40 E:/1KERJAAN/Telisik Studio/Dashboard HSE/hse-dashboard/hse-backend/vendor/laravel/framework/src/Illuminate/Foundation/Http/Middleware/ConvertEmptyStringsToNull.php(31): Illuminate/Foundation/Http/Middleware/TransformsRequest->handle(Object(Illuminate/Http/Request), Object(Closure))
#41 E:/1KERJAAN/Telisik Studio/Dashboard HSE/hse-dashboard/hse-backend/vendor/laravel/framework/src/Illuminate/Pipeline/Pipeline.php(209): Illuminate/Foundation/Http/Middleware/ConvertEmptyStringsToNull->handle(Object(Illuminate/Http/Request), Object(Closure))
#42 E:/1KERJAAN/Telisik Studio/Dashboard HSE/hse-dashboard/hse-backend/vendor/laravel/framework/src/Illuminate/Foundation/Http/Middleware/TransformsRequest.php(21): Illuminate/Pipeline/Pipeline->Illuminate/Pipeline/{closure}(Object(Illuminate/Http/Request))
#43 E:/1KERJAAN/Telisik Studio/Dashboard HSE/hse-dashboard/hse-backend/vendor/laravel/framework/src/Illuminate/Foundation/Http/Middleware/TrimStrings.php(51): Illuminate/Foundation/Http/Middleware/TransformsRequest->handle(Object(Illuminate/Http/Request), Object(Closure))
#44 E:/1KERJAAN/Telisik Studio/Dashboard HSE/hse-dashboard/hse-backend/vendor/laravel/framework/src/Illuminate/Pipeline/Pipeline.php(209): Illuminate/Foundation/Http/Middleware/TrimStrings->handle(Object(Illuminate/Http/Request), Object(Closure))
#45 E:/1KERJAAN/Telisik Studio/Dashboard HSE/hse-dashboard/hse-backend/vendor/laravel/framework/src/Illuminate/Http/Middleware/ValidatePostSize.php(27): Illuminate/Pipeline/Pipeline->Illuminate/Pipeline/{closure}(Object(Illuminate/Http/Request))
#46 E:/1KERJAAN/Telisik Studio/Dashboard HSE/hse-dashboard/hse-backend/vendor/laravel/framework/src/Illuminate/Pipeline/Pipeline.php(209): Illuminate/Http/Middleware/ValidatePostSize->handle(Object(Illuminate/Http/Request), Object(Closure))
#47 E:/1KERJAAN/Telisik Studio/Dashboard HSE/hse-dashboard/hse-backend/vendor/laravel/framework/src/Illuminate/Foundation/Http/Middleware/PreventRequestsDuringMaintenance.php(110): Illuminate/Pipeline/Pipeline->Illuminate/Pipeline/{closure}(Object(Illuminate/Http/Request))
#48 E:/1KERJAAN/Telisik Studio/Dashboard HSE/hse-dashboard/hse-backend/vendor/laravel/framework/src/Illuminate/Pipeline/Pipeline.php(209): Illuminate/Foundation/Http/Middleware/PreventRequestsDuringMaintenance->handle(Object(Illuminate/Http/Request), Object(Closure))
#49 E:/1KERJAAN/Telisik Studio/Dashboard HSE/hse-dashboard/hse-backend/vendor/laravel/framework/src/Illuminate/Http/Middleware/HandleCors.php(62): Illuminate/Pipeline/Pipeline->Illuminate/Pipeline/{closure}(Object(Illuminate/Http/Request))
#50 E:/1KERJAAN/Telisik Studio/Dashboard HSE/hse-dashboard/hse-backend/vendor/laravel/framework/src/Illuminate/Pipeline/Pipeline.php(209): Illuminate/Http/Middleware/HandleCors->handle(Object(Illuminate/Http/Request), Object(Closure))
#51 E:/1KERJAAN/Telisik Studio/Dashboard HSE/hse-dashboard/hse-backend/vendor/laravel/framework/src/Illuminate/Http/Middleware/TrustProxies.php(58): Illuminate/Pipeline/Pipeline->Illuminate/Pipeline/{closure}(Object(Illuminate/Http/Request))
#52 E:/1KERJAAN/Telisik Studio/Dashboard HSE/hse-dashboard/hse-backend/vendor/laravel/framework/src/Illuminate/Pipeline/Pipeline.php(209): Illuminate/Http/Middleware/TrustProxies->handle(Object(Illuminate/Http/Request), Object(Closure))
#53 E:/1KERJAAN/Telisik Studio/Dashboard HSE/hse-dashboard/hse-backend/vendor/laravel/framework/src/Illuminate/Foundation/Http/Middleware/InvokeDeferredCallbacks.php(22): Illuminate/Pipeline/Pipeline->Illuminate/Pipeline/{closure}(Object(Illuminate/Http/Request))
#54 E:/1KERJAAN/Telisik Studio/Dashboard HSE/hse-dashboard/hse-backend/vendor/laravel/framework/src/Illuminate/Pipeline/Pipeline.php(209): Illuminate/Foundation/Http/Middleware/InvokeDeferredCallbacks->handle(Object(Illuminate/Http/Request), Object(Closure))
#55 E:/1KERJAAN/Telisik Studio/Dashboard HSE/hse-dashboard/hse-backend/vendor/laravel/framework/src/Illuminate/Pipeline/Pipeline.php(127): Illuminate/Pipeline/Pipeline->Illuminate/Pipeline/{closure}(Object(Illuminate/Http/Request))
#56 E:/1KERJAAN/Telisik Studio/Dashboard HSE/hse-dashboard/hse-backend/vendor/laravel/framework/src/Illuminate/Foundation/Http/Kernel.php(176): Illuminate/Pipeline/Pipeline->then(Object(Closure))
#57 E:/1KERJAAN/Telisik Studio/Dashboard HSE/hse-dashboard/hse-backend/vendor/laravel/framework/src/Illuminate/Foundation/Http/Kernel.php(145): Illuminate/Foundation/Http/Kernel->sendRequestThroughRouter(Object(Illuminate/Http/Request))
#58 E:/1KERJAAN/Telisik Studio/Dashboard HSE/hse-dashboard/hse-backend/vendor/laravel/framework/src/Illuminate/Foundation/Application.php(1220): Illuminate/Foundation/Http/Kernel->handle(Object(Illuminate/Http/Request))
#59 E:/1KERJAAN/Telisik Studio/Dashboard HSE/hse-dashboard/hse-backend/public/index.php(17): Illuminate/Foundation/Application->handleRequest(Object(Illuminate/Http/Request))
#60 E:/1KERJAAN/Telisik Studio/Dashboard HSE/hse-dashboard/hse-backend/vendor/laravel/framework/src/Illuminate/Foundation/resources/server.php(23): require_once('E://1KERJAAN//Tel...')
#61 {main}
"} 
[2026-08-04 17:12:08] local.ERROR: Call to undefined method Illuminate\Database\Eloquent\Builder::query() {"userId":1,"exception":"[object] (BadMethodCallException(code: 0): Call to undefined method Illuminate\\Database\\Eloquent\\Builder::query() at E:/1KERJAAN/Telisik Studio/Dashboard HSE/hse-dashboard/hse-backend/vendor/laravel/framework/src/Illuminate/Support/Traits/ForwardsCalls.php:67)
[stacktrace]
#0 E:/1KERJAAN/Telisik Studio/Dashboard HSE/hse-dashboard/hse-backend/vendor/laravel/framework/src/Illuminate/Support/Traits/ForwardsCalls.php(36): Illuminate/Database/Eloquent/Builder::throwBadMethodCallException('query')
#1 E:/1KERJAAN/Telisik Studio/Dashboard HSE/hse-dashboard/hse-backend/vendor/laravel/framework/src/Illuminate/Database/Eloquent/Builder.php(2123): Illuminate/Database/Eloquent/Builder->forwardCallTo(Object(Illuminate/Database/Query/Builder), 'query', Array)
#2 E:/1KERJAAN/Telisik Studio/Dashboard HSE/hse-dashboard/hse-backend/app/Http/Controllers/Api/PermitController.php(23): Illuminate/Database/Eloquent/Builder->__call('query', Array)
#3 E:/1KERJAAN/Telisik Studio/Dashboard HSE/hse-dashboard/hse-backend/vendor/laravel/framework/src/Illuminate/Routing/ControllerDispatcher.php(47): App/Http/Controllers/Api/PermitController->index(Object(Illuminate/Http/Request))
#4 E:/1KERJAAN/Telisik Studio/Dashboard HSE/hse-dashboard/hse-backend/vendor/laravel/framework/src/Illuminate/Routing/Route.php(266): Illuminate/Routing/ControllerDispatcher->dispatch(Object(Illuminate/Routing/Route), Object(App/Http/Controllers/Api/PermitController), 'index')
#5 E:/1KERJAAN/Telisik Studio/Dashboard HSE/hse-dashboard/hse-backend/vendor/laravel/framework/src/Illuminate/Routing/Route.php(212): Illuminate/Routing/Route->runController()
#6 E:/1KERJAAN/Telisik Studio/Dashboard HSE/hse-dashboard/hse-backend/vendor/laravel/framework/src/Illuminate/Routing/Router.php(808): Illuminate/Routing/Route->run()
#7 E:/1KERJAAN/Telisik Studio/Dashboard HSE/hse-dashboard/hse-backend/vendor/laravel/framework/src/Illuminate/Pipeline/Pipeline.php(170): Illuminate/Routing/Router->Illuminate/Routing/{closure}(Object(Illuminate/Http/Request))
#8 E:/1KERJAAN/Telisik Studio/Dashboard HSE/hse-dashboard/hse-backend/app/Http/Middleware/EnsureAnyPermission.php(26): Illuminate/Pipeline/Pipeline->Illuminate/Pipeline/{closure}(Object(Illuminate/Http/Request))
#9 E:/1KERJAAN/Telisik Studio/Dashboard HSE/hse-dashboard/hse-backend/vendor/laravel/framework/src/Illuminate/Pipeline/Pipeline.php(209): App/Http/Middleware/EnsureAnyPermission->handle(Object(Illuminate/Http/Request), Object(Closure), 'permits', 'permits_own')
#10 E:/1KERJAAN/Telisik Studio/Dashboard HSE/hse-dashboard/hse-backend/vendor/laravel/framework/src/Illuminate/Routing/Middleware/SubstituteBindings.php(51): Illuminate/Pipeline/Pipeline->Illuminate/Pipeline/{closure}(Object(Illuminate/Http/Request))
#11 E:/1KERJAAN/Telisik Studio/Dashboard HSE/hse-dashboard/hse-backend/vendor/laravel/framework/src/Illuminate/Pipeline/Pipeline.php(209): Illuminate/Routing/Middleware/SubstituteBindings->handle(Object(Illuminate/Http/Request), Object(Closure))
#12 E:/1KERJAAN/Telisik Studio/Dashboard HSE/hse-dashboard/hse-backend/vendor/laravel/framework/src/Illuminate/Auth/Middleware/Authenticate.php(64): Illuminate/Pipeline/Pipeline->Illuminate/Pipeline/{closure}(Object(Illuminate/Http/Request))
#13 E:/1KERJAAN/Telisik Studio/Dashboard HSE/hse-dashboard/hse-backend/vendor/laravel/framework/src/Illuminate/Pipeline/Pipeline.php(209): Illuminate/Auth/Middleware/Authenticate->handle(Object(Illuminate/Http/Request), Object(Closure), 'sanctum')
#14 E:/1KERJAAN/Telisik Studio/Dashboard HSE/hse-dashboard/hse-backend/vendor/laravel/sanctum/src/Http/Middleware/EnsureFrontendRequestsAreStateful.php(26): Illuminate/Pipeline/Pipeline->Illuminate/Pipeline/{closure}(Object(Illuminate/Http/Request))
#15 E:/1KERJAAN/Telisik Studio/Dashboard HSE/hse-dashboard/hse-backend/vendor/laravel/framework/src/Illuminate/Pipeline/Pipeline.php(170): Laravel/Sanctum/Http/Middleware/EnsureFrontendRequestsAreStateful->Laravel/Sanctum/Http/Middleware/{closure}(Object(Illuminate/Http/Request))
#16 E:/1KERJAAN/Telisik Studio/Dashboard HSE/hse-dashboard/hse-backend/vendor/laravel/sanctum/src/Http/Middleware/AuthenticateSession.php(60): Illuminate/Pipeline/Pipeline->Illuminate/Pipeline/{closure}(Object(Illuminate/Http/Request))
#17 E:/1KERJAAN/Telisik Studio/Dashboard HSE/hse-dashboard/hse-backend/vendor/laravel/framework/src/Illuminate/Pipeline/Pipeline.php(209): Laravel/Sanctum/Http/Middleware/AuthenticateSession->handle(Object(Illuminate/Http/Request), Object(Closure))
#18 E:/1KERJAAN/Telisik Studio/Dashboard HSE/hse-dashboard/hse-backend/vendor/laravel/framework/src/Illuminate/Foundation/Http/Middleware/VerifyCsrfToken.php(88): Illuminate/Pipeline/Pipeline->Illuminate/Pipeline/{closure}(Object(Illuminate/Http/Request))
#19 E:/1KERJAAN/Telisik Studio/Dashboard HSE/hse-dashboard/hse-backend/vendor/laravel/framework/src/Illuminate/Pipeline/Pipeline.php(209): Illuminate/Foundation/Http/Middleware/VerifyCsrfToken->handle(Object(Illuminate/Http/Request), Object(Closure))
#20 E:/1KERJAAN/Telisik Studio/Dashboard HSE/hse-dashboard/hse-backend/vendor/laravel/framework/src/Illuminate/Session/Middleware/StartSession.php(121): Illuminate/Pipeline/Pipeline->Illuminate/Pipeline/{closure}(Object(Illuminate/Http/Request))
#21 E:/1KERJAAN/Telisik Studio/Dashboard HSE/hse-dashboard/hse-backend/vendor/laravel/framework/src/Illuminate/Session/Middleware/StartSession.php(64): Illuminate/Session/Middleware/StartSession->handleStatefulRequest(Object(Illuminate/Http/Request), Object(Illuminate/Session/Store), Object(Closure))
#22 E:/1KERJAAN/Telisik Studio/Dashboard HSE/hse-dashboard/hse-backend/vendor/laravel/framework/src/Illuminate/Pipeline/Pipeline.php(209): Illuminate/Session/Middleware/StartSession->handle(Object(Illuminate/Http/Request), Object(Closure))
#23 E:/1KERJAAN/Telisik Studio/Dashboard HSE/hse-dashboard/hse-backend/vendor/laravel/framework/src/Illuminate/Cookie/Middleware/AddQueuedCookiesToResponse.php(37): Illuminate/Pipeline/Pipeline->Illuminate/Pipeline/{closure}(Object(Illuminate/Http/Request))
#24 E:/1KERJAAN/Telisik Studio/Dashboard HSE/hse-dashboard/hse-backend/vendor/laravel/framework/src/Illuminate/Pipeline/Pipeline.php(209): Illuminate/Cookie/Middleware/AddQueuedCookiesToResponse->handle(Object(Illuminate/Http/Request), Object(Closure))
#25 E:/1KERJAAN/Telisik Studio/Dashboard HSE/hse-dashboard/hse-backend/vendor/laravel/framework/src/Illuminate/Cookie/Middleware/EncryptCookies.php(75): Illuminate/Pipeline/Pipeline->Illuminate/Pipeline/{closure}(Object(Illuminate/Http/Request))
#26 E:/1KERJAAN/Telisik Studio/Dashboard HSE/hse-dashboard/hse-backend/vendor/laravel/framework/src/Illuminate/Pipeline/Pipeline.php(209): Illuminate/Cookie/Middleware/EncryptCookies->handle(Object(Illuminate/Http/Request), Object(Closure))
#27 E:/1KERJAAN/Telisik Studio/Dashboard HSE/hse-dashboard/hse-backend/vendor/laravel/sanctum/src/Http/Middleware/EnsureFrontendRequestsAreStateful.php(61): Illuminate/Pipeline/Pipeline->Illuminate/Pipeline/{closure}(Object(Illuminate/Http/Request))
#28 E:/1KERJAAN/Telisik Studio/Dashboard HSE/hse-dashboard/hse-backend/vendor/laravel/framework/src/Illuminate/Pipeline/Pipeline.php(191): Laravel/Sanctum/Http/Middleware/EnsureFrontendRequestsAreStateful->Laravel/Sanctum/Http/Middleware/{closure}(Object(Illuminate/Http/Request), Object(Closure))
#29 E:/1KERJAAN/Telisik Studio/Dashboard HSE/hse-dashboard/hse-backend/vendor/laravel/framework/src/Illuminate/Pipeline/Pipeline.php(127): Illuminate/Pipeline/Pipeline->Illuminate/Pipeline/{closure}(Object(Illuminate/Http/Request))
#30 E:/1KERJAAN/Telisik Studio/Dashboard HSE/hse-dashboard/hse-backend/vendor/laravel/sanctum/src/Http/Middleware/EnsureFrontendRequestsAreStateful.php(25): Illuminate/Pipeline/Pipeline->then(Object(Closure))
#31 E:/1KERJAAN/Telisik Studio/Dashboard HSE/hse-dashboard/hse-backend/vendor/laravel/framework/src/Illuminate/Pipeline/Pipeline.php(209): Laravel/Sanctum/Http/Middleware/EnsureFrontendRequestsAreStateful->handle(Object(Illuminate/Http/Request), Object(Closure))
#32 E:/1KERJAAN/Telisik Studio/Dashboard HSE/hse-dashboard/hse-backend/vendor/laravel/framework/src/Illuminate/Pipeline/Pipeline.php(127): Illuminate/Pipeline/Pipeline->Illuminate/Pipeline/{closure}(Object(Illuminate/Http/Request))
#33 E:/1KERJAAN/Telisik Studio/Dashboard HSE/hse-dashboard/hse-backend/vendor/laravel/framework/src/Illuminate/Routing/Router.php(807): Illuminate/Pipeline/Pipeline->then(Object(Closure))
#34 E:/1KERJAAN/Telisik Studio/Dashboard HSE/hse-dashboard/hse-backend/vendor/laravel/framework/src/Illuminate/Routing/Router.php(786): Illuminate/Routing/Router->runRouteWithinStack(Object(Illuminate/Routing/Route), Object(Illuminate/Http/Request))
#35 E:/1KERJAAN/Telisik Studio/Dashboard HSE/hse-dashboard/hse-backend/vendor/laravel/framework/src/Illuminate/Routing/Router.php(750): Illuminate/Routing/Router->runRoute(Object(Illuminate/Http/Request), Object(Illuminate/Routing/Route))
#36 E:/1KERJAAN/Telisik Studio/Dashboard HSE/hse-dashboard/hse-backend/vendor/laravel/framework/src/Illuminate/Routing/Router.php(739): Illuminate/Routing/Router->dispatchToRoute(Object(Illuminate/Http/Request))
#37 E:/1KERJAAN/Telisik Studio/Dashboard HSE/hse-dashboard/hse-backend/vendor/laravel/framework/src/Illuminate/Foundation/Http/Kernel.php(201): Illuminate/Routing/Router->dispatch(Object(Illuminate/Http/Request))
#38 E:/1KERJAAN/Telisik Studio/Dashboard HSE/hse-dashboard/hse-backend/vendor/laravel/framework/src/Illuminate/Pipeline/Pipeline.php(170): Illuminate/Foundation/Http/Kernel->Illuminate/Foundation/Http/{closure}(Object(Illuminate/Http/Request))
#39 E:/1KERJAAN/Telisik Studio/Dashboard HSE/hse-dashboard/hse-backend/vendor/laravel/framework/src/Illuminate/Foundation/Http/Middleware/TransformsRequest.php(21): Illuminate/Pipeline/Pipeline->Illuminate/Pipeline/{closure}(Object(Illuminate/Http/Request))
#40 E:/1KERJAAN/Telisik Studio/Dashboard HSE/hse-dashboard/hse-backend/vendor/laravel/framework/src/Illuminate/Foundation/Http/Middleware/ConvertEmptyStringsToNull.php(31): Illuminate/Foundation/Http/Middleware/TransformsRequest->handle(Object(Illuminate/Http/Request), Object(Closure))
#41 E:/1KERJAAN/Telisik Studio/Dashboard HSE/hse-dashboard/hse-backend/vendor/laravel/framework/src/Illuminate/Pipeline/Pipeline.php(209): Illuminate/Foundation/Http/Middleware/ConvertEmptyStringsToNull->handle(Object(Illuminate/Http/Request), Object(Closure))
#42 E:/1KERJAAN/Telisik Studio/Dashboard HSE/hse-dashboard/hse-backend/vendor/laravel/framework/src/Illuminate/Foundation/Http/Middleware/TransformsRequest.php(21): Illuminate/Pipeline/Pipeline->Illuminate/Pipeline/{closure}(Object(Illuminate/Http/Request))
#43 E:/1KERJAAN/Telisik Studio/Dashboard HSE/hse-dashboard/hse-backend/vendor/laravel/framework/src/Illuminate/Foundation/Http/Middleware/TrimStrings.php(51): Illuminate/Foundation/Http/Middleware/TransformsRequest->handle(Object(Illuminate/Http/Request), Object(Closure))
#44 E:/1KERJAAN/Telisik Studio/Dashboard HSE/hse-dashboard/hse-backend/vendor/laravel/framework/src/Illuminate/Pipeline/Pipeline.php(209): Illuminate/Foundation/Http/Middleware/TrimStrings->handle(Object(Illuminate/Http/Request), Object(Closure))
#45 E:/1KERJAAN/Telisik Studio/Dashboard HSE/hse-dashboard/hse-backend/vendor/laravel/framework/src/Illuminate/Http/Middleware/ValidatePostSize.php(27): Illuminate/Pipeline/Pipeline->Illuminate/Pipeline/{closure}(Object(Illuminate/Http/Request))
#46 E:/1KERJAAN/Telisik Studio/Dashboard HSE/hse-dashboard/hse-backend/vendor/laravel/framework/src/Illuminate/Pipeline/Pipeline.php(209): Illuminate/Http/Middleware/ValidatePostSize->handle(Object(Illuminate/Http/Request), Object(Closure))
#47 E:/1KERJAAN/Telisik Studio/Dashboard HSE/hse-dashboard/hse-backend/vendor/laravel/framework/src/Illuminate/Foundation/Http/Middleware/PreventRequestsDuringMaintenance.php(110): Illuminate/Pipeline/Pipeline->Illuminate/Pipeline/{closure}(Object(Illuminate/Http/Request))
#48 E:/1KERJAAN/Telisik Studio/Dashboard HSE/hse-dashboard/hse-backend/vendor/laravel/framework/src/Illuminate/Pipeline/Pipeline.php(209): Illuminate/Foundation/Http/Middleware/PreventRequestsDuringMaintenance->handle(Object(Illuminate/Http/Request), Object(Closure))
#49 E:/1KERJAAN/Telisik Studio/Dashboard HSE/hse-dashboard/hse-backend/vendor/laravel/framework/src/Illuminate/Http/Middleware/HandleCors.php(62): Illuminate/Pipeline/Pipeline->Illuminate/Pipeline/{closure}(Object(Illuminate/Http/Request))
#50 E:/1KERJAAN/Telisik Studio/Dashboard HSE/hse-dashboard/hse-backend/vendor/laravel/framework/src/Illuminate/Pipeline/Pipeline.php(209): Illuminate/Http/Middleware/HandleCors->handle(Object(Illuminate/Http/Request), Object(Closure))
#51 E:/1KERJAAN/Telisik Studio/Dashboard HSE/hse-dashboard/hse-backend/vendor/laravel/framework/src/Illuminate/Http/Middleware/TrustProxies.php(58): Illuminate/Pipeline/Pipeline->Illuminate/Pipeline/{closure}(Object(Illuminate/Http/Request))
#52 E:/1KERJAAN/Telisik Studio/Dashboard HSE/hse-dashboard/hse-backend/vendor/laravel/framework/src/Illuminate/Pipeline/Pipeline.php(209): Illuminate/Http/Middleware/TrustProxies->handle(Object(Illuminate/Http/Request), Object(Closure))
#53 E:/1KERJAAN/Telisik Studio/Dashboard HSE/hse-dashboard/hse-backend/vendor/laravel/framework/src/Illuminate/Foundation/Http/Middleware/InvokeDeferredCallbacks.php(22): Illuminate/Pipeline/Pipeline->Illuminate/Pipeline/{closure}(Object(Illuminate/Http/Request))
#54 E:/1KERJAAN/Telisik Studio/Dashboard HSE/hse-dashboard/hse-backend/vendor/laravel/framework/src/Illuminate/Pipeline/Pipeline.php(209): Illuminate/Foundation/Http/Middleware/InvokeDeferredCallbacks->handle(Object(Illuminate/Http/Request), Object(Closure))
#55 E:/1KERJAAN/Telisik Studio/Dashboard HSE/hse-dashboard/hse-backend/vendor/laravel/framework/src/Illuminate/Pipeline/Pipeline.php(127): Illuminate/Pipeline/Pipeline->Illuminate/Pipeline/{closure}(Object(Illuminate/Http/Request))
#56 E:/1KERJAAN/Telisik Studio/Dashboard HSE/hse-dashboard/hse-backend/vendor/laravel/framework/src/Illuminate/Foundation/Http/Kernel.php(176): Illuminate/Pipeline/Pipeline->then(Object(Closure))
#57 E:/1KERJAAN/Telisik Studio/Dashboard HSE/hse-dashboard/hse-backend/vendor/laravel/framework/src/Illuminate/Foundation/Http/Kernel.php(145): Illuminate/Foundation/Http/Kernel->sendRequestThroughRouter(Object(Illuminate/Http/Request))
#58 E:/1KERJAAN/Telisik Studio/Dashboard HSE/hse-dashboard/hse-backend/vendor/laravel/framework/src/Illuminate/Foundation/Application.php(1220): Illuminate/Foundation/Http/Kernel->handle(Object(Illuminate/Http/Request))
#59 E:/1KERJAAN/Telisik Studio/Dashboard HSE/hse-dashboard/hse-backend/public/index.php(17): Illuminate/Foundation/Application->handleRequest(Object(Illuminate/Http/Request))
#60 E:/1KERJAAN/Telisik Studio/Dashboard HSE/hse-dashboard/hse-backend/vendor/laravel/framework/src/Illuminate/Foundation/resources/server.php(23): require_once('E://1KERJAAN//Tel...')
#61 {main}
"} 
[2026-08-04 17:13:05] local.ERROR: Call to undefined method Illuminate\Database\Eloquent\Builder::query() {"userId":2,"exception":"[object] (BadMethodCallException(code: 0): Call to undefined method Illuminate\\Database\\Eloquent\\Builder::query() at E:/1KERJAAN/Telisik Studio/Dashboard HSE/hse-dashboard/hse-backend/vendor/laravel/framework/src/Illuminate/Support/Traits/ForwardsCalls.php:67)
[stacktrace]
#0 E:/1KERJAAN/Telisik Studio/Dashboard HSE/hse-dashboard/hse-backend/vendor/laravel/framework/src/Illuminate/Support/Traits/ForwardsCalls.php(36): Illuminate/Database/Eloquent/Builder::throwBadMethodCallException('query')
#1 E:/1KERJAAN/Telisik Studio/Dashboard HSE/hse-dashboard/hse-backend/vendor/laravel/framework/src/Illuminate/Database/Eloquent/Builder.php(2123): Illuminate/Database/Eloquent/Builder->forwardCallTo(Object(Illuminate/Database/Query/Builder), 'query', Array)
#2 E:/1KERJAAN/Telisik Studio/Dashboard HSE/hse-dashboard/hse-backend/app/Http/Controllers/Api/PermitController.php(23): Illuminate/Database/Eloquent/Builder->__call('query', Array)
#3 E:/1KERJAAN/Telisik Studio/Dashboard HSE/hse-dashboard/hse-backend/vendor/laravel/framework/src/Illuminate/Routing/ControllerDispatcher.php(47): App/Http/Controllers/Api/PermitController->index(Object(Illuminate/Http/Request))
#4 E:/1KERJAAN/Telisik Studio/Dashboard HSE/hse-dashboard/hse-backend/vendor/laravel/framework/src/Illuminate/Routing/Route.php(266): Illuminate/Routing/ControllerDispatcher->dispatch(Object(Illuminate/Routing/Route), Object(App/Http/Controllers/Api/PermitController), 'index')
#5 E:/1KERJAAN/Telisik Studio/Dashboard HSE/hse-dashboard/hse-backend/vendor/laravel/framework/src/Illuminate/Routing/Route.php(212): Illuminate/Routing/Route->runController()
#6 E:/1KERJAAN/Telisik Studio/Dashboard HSE/hse-dashboard/hse-backend/vendor/laravel/framework/src/Illuminate/Routing/Router.php(808): Illuminate/Routing/Route->run()
#7 E:/1KERJAAN/Telisik Studio/Dashboard HSE/hse-dashboard/hse-backend/vendor/laravel/framework/src/Illuminate/Pipeline/Pipeline.php(170): Illuminate/Routing/Router->Illuminate/Routing/{closure}(Object(Illuminate/Http/Request))
#8 E:/1KERJAAN/Telisik Studio/Dashboard HSE/hse-dashboard/hse-backend/app/Http/Middleware/EnsureAnyPermission.php(26): Illuminate/Pipeline/Pipeline->Illuminate/Pipeline/{closure}(Object(Illuminate/Http/Request))
#9 E:/1KERJAAN/Telisik Studio/Dashboard HSE/hse-dashboard/hse-backend/vendor/laravel/framework/src/Illuminate/Pipeline/Pipeline.php(209): App/Http/Middleware/EnsureAnyPermission->handle(Object(Illuminate/Http/Request), Object(Closure), 'permits', 'permits_own')
#10 E:/1KERJAAN/Telisik Studio/Dashboard HSE/hse-dashboard/hse-backend/vendor/laravel/framework/src/Illuminate/Routing/Middleware/SubstituteBindings.php(51): Illuminate/Pipeline/Pipeline->Illuminate/Pipeline/{closure}(Object(Illuminate/Http/Request))
#11 E:/1KERJAAN/Telisik Studio/Dashboard HSE/hse-dashboard/hse-backend/vendor/laravel/framework/src/Illuminate/Pipeline/Pipeline.php(209): Illuminate/Routing/Middleware/SubstituteBindings->handle(Object(Illuminate/Http/Request), Object(Closure))
#12 E:/1KERJAAN/Telisik Studio/Dashboard HSE/hse-dashboard/hse-backend/vendor/laravel/framework/src/Illuminate/Auth/Middleware/Authenticate.php(64): Illuminate/Pipeline/Pipeline->Illuminate/Pipeline/{closure}(Object(Illuminate/Http/Request))
#13 E:/1KERJAAN/Telisik Studio/Dashboard HSE/hse-dashboard/hse-backend/vendor/laravel/framework/src/Illuminate/Pipeline/Pipeline.php(209): Illuminate/Auth/Middleware/Authenticate->handle(Object(Illuminate/Http/Request), Object(Closure), 'sanctum')
#14 E:/1KERJAAN/Telisik Studio/Dashboard HSE/hse-dashboard/hse-backend/vendor/laravel/sanctum/src/Http/Middleware/EnsureFrontendRequestsAreStateful.php(26): Illuminate/Pipeline/Pipeline->Illuminate/Pipeline/{closure}(Object(Illuminate/Http/Request))
#15 E:/1KERJAAN/Telisik Studio/Dashboard HSE/hse-dashboard/hse-backend/vendor/laravel/framework/src/Illuminate/Pipeline/Pipeline.php(170): Laravel/Sanctum/Http/Middleware/EnsureFrontendRequestsAreStateful->Laravel/Sanctum/Http/Middleware/{closure}(Object(Illuminate/Http/Request))
#16 E:/1KERJAAN/Telisik Studio/Dashboard HSE/hse-dashboard/hse-backend/vendor/laravel/sanctum/src/Http/Middleware/AuthenticateSession.php(60): Illuminate/Pipeline/Pipeline->Illuminate/Pipeline/{closure}(Object(Illuminate/Http/Request))
#17 E:/1KERJAAN/Telisik Studio/Dashboard HSE/hse-dashboard/hse-backend/vendor/laravel/framework/src/Illuminate/Pipeline/Pipeline.php(209): Laravel/Sanctum/Http/Middleware/AuthenticateSession->handle(Object(Illuminate/Http/Request), Object(Closure))
#18 E:/1KERJAAN/Telisik Studio/Dashboard HSE/hse-dashboard/hse-backend/vendor/laravel/framework/src/Illuminate/Foundation/Http/Middleware/VerifyCsrfToken.php(88): Illuminate/Pipeline/Pipeline->Illuminate/Pipeline/{closure}(Object(Illuminate/Http/Request))
#19 E:/1KERJAAN/Telisik Studio/Dashboard HSE/hse-dashboard/hse-backend/vendor/laravel/framework/src/Illuminate/Pipeline/Pipeline.php(209): Illuminate/Foundation/Http/Middleware/VerifyCsrfToken->handle(Object(Illuminate/Http/Request), Object(Closure))
#20 E:/1KERJAAN/Telisik Studio/Dashboard HSE/hse-dashboard/hse-backend/vendor/laravel/framework/src/Illuminate/Session/Middleware/StartSession.php(121): Illuminate/Pipeline/Pipeline->Illuminate/Pipeline/{closure}(Object(Illuminate/Http/Request))
#21 E:/1KERJAAN/Telisik Studio/Dashboard HSE/hse-dashboard/hse-backend/vendor/laravel/framework/src/Illuminate/Session/Middleware/StartSession.php(64): Illuminate/Session/Middleware/StartSession->handleStatefulRequest(Object(Illuminate/Http/Request), Object(Illuminate/Session/Store), Object(Closure))
#22 E:/1KERJAAN/Telisik Studio/Dashboard HSE/hse-dashboard/hse-backend/vendor/laravel/framework/src/Illuminate/Pipeline/Pipeline.php(209): Illuminate/Session/Middleware/StartSession->handle(Object(Illuminate/Http/Request), Object(Closure))
#23 E:/1KERJAAN/Telisik Studio/Dashboard HSE/hse-dashboard/hse-backend/vendor/laravel/framework/src/Illuminate/Cookie/Middleware/AddQueuedCookiesToResponse.php(37): Illuminate/Pipeline/Pipeline->Illuminate/Pipeline/{closure}(Object(Illuminate/Http/Request))
#24 E:/1KERJAAN/Telisik Studio/Dashboard HSE/hse-dashboard/hse-backend/vendor/laravel/framework/src/Illuminate/Pipeline/Pipeline.php(209): Illuminate/Cookie/Middleware/AddQueuedCookiesToResponse->handle(Object(Illuminate/Http/Request), Object(Closure))
#25 E:/1KERJAAN/Telisik Studio/Dashboard HSE/hse-dashboard/hse-backend/vendor/laravel/framework/src/Illuminate/Cookie/Middleware/EncryptCookies.php(75): Illuminate/Pipeline/Pipeline->Illuminate/Pipeline/{closure}(Object(Illuminate/Http/Request))
#26 E:/1KERJAAN/Telisik Studio/Dashboard HSE/hse-dashboard/hse-backend/vendor/laravel/framework/src/Illuminate/Pipeline/Pipeline.php(209): Illuminate/Cookie/Middleware/EncryptCookies->handle(Object(Illuminate/Http/Request), Object(Closure))
#27 E:/1KERJAAN/Telisik Studio/Dashboard HSE/hse-dashboard/hse-backend/vendor/laravel/sanctum/src/Http/Middleware/EnsureFrontendRequestsAreStateful.php(61): Illuminate/Pipeline/Pipeline->Illuminate/Pipeline/{closure}(Object(Illuminate/Http/Request))
#28 E:/1KERJAAN/Telisik Studio/Dashboard HSE/hse-dashboard/hse-backend/vendor/laravel/framework/src/Illuminate/Pipeline/Pipeline.php(191): Laravel/Sanctum/Http/Middleware/EnsureFrontendRequestsAreStateful->Laravel/Sanctum/Http/Middleware/{closure}(Object(Illuminate/Http/Request), Object(Closure))
#29 E:/1KERJAAN/Telisik Studio/Dashboard HSE/hse-dashboard/hse-backend/vendor/laravel/framework/src/Illuminate/Pipeline/Pipeline.php(127): Illuminate/Pipeline/Pipeline->Illuminate/Pipeline/{closure}(Object(Illuminate/Http/Request))
#30 E:/1KERJAAN/Telisik Studio/Dashboard HSE/hse-dashboard/hse-backend/vendor/laravel/sanctum/src/Http/Middleware/EnsureFrontendRequestsAreStateful.php(25): Illuminate/Pipeline/Pipeline->then(Object(Closure))
#31 E:/1KERJAAN/Telisik Studio/Dashboard HSE/hse-dashboard/hse-backend/vendor/laravel/framework/src/Illuminate/Pipeline/Pipeline.php(209): Laravel/Sanctum/Http/Middleware/EnsureFrontendRequestsAreStateful->handle(Object(Illuminate/Http/Request), Object(Closure))
#32 E:/1KERJAAN/Telisik Studio/Dashboard HSE/hse-dashboard/hse-backend/vendor/laravel/framework/src/Illuminate/Pipeline/Pipeline.php(127): Illuminate/Pipeline/Pipeline->Illuminate/Pipeline/{closure}(Object(Illuminate/Http/Request))
#33 E:/1KERJAAN/Telisik Studio/Dashboard HSE/hse-dashboard/hse-backend/vendor/laravel/framework/src/Illuminate/Routing/Router.php(807): Illuminate/Pipeline/Pipeline->then(Object(Closure))
#34 E:/1KERJAAN/Telisik Studio/Dashboard HSE/hse-dashboard/hse-backend/vendor/laravel/framework/src/Illuminate/Routing/Router.php(786): Illuminate/Routing/Router->runRouteWithinStack(Object(Illuminate/Routing/Route), Object(Illuminate/Http/Request))
#35 E:/1KERJAAN/Telisik Studio/Dashboard HSE/hse-dashboard/hse-backend/vendor/laravel/framework/src/Illuminate/Routing/Router.php(750): Illuminate/Routing/Router->runRoute(Object(Illuminate/Http/Request), Object(Illuminate/Routing/Route))
#36 E:/1KERJAAN/Telisik Studio/Dashboard HSE/hse-dashboard/hse-backend/vendor/laravel/framework/src/Illuminate/Routing/Router.php(739): Illuminate/Routing/Router->dispatchToRoute(Object(Illuminate/Http/Request))
#37 E:/1KERJAAN/Telisik Studio/Dashboard HSE/hse-dashboard/hse-backend/vendor/laravel/framework/src/Illuminate/Foundation/Http/Kernel.php(201): Illuminate/Routing/Router->dispatch(Object(Illuminate/Http/Request))
#38 E:/1KERJAAN/Telisik Studio/Dashboard HSE/hse-dashboard/hse-backend/vendor/laravel/framework/src/Illuminate/Pipeline/Pipeline.php(170): Illuminate/Foundation/Http/Kernel->Illuminate/Foundation/Http/{closure}(Object(Illuminate/Http/Request))
#39 E:/1KERJAAN/Telisik Studio/Dashboard HSE/hse-dashboard/hse-backend/vendor/laravel/framework/src/Illuminate/Foundation/Http/Middleware/TransformsRequest.php(21): Illuminate/Pipeline/Pipeline->Illuminate/Pipeline/{closure}(Object(Illuminate/Http/Request))
#40 E:/1KERJAAN/Telisik Studio/Dashboard HSE/hse-dashboard/hse-backend/vendor/laravel/framework/src/Illuminate/Foundation/Http/Middleware/ConvertEmptyStringsToNull.php(31): Illuminate/Foundation/Http/Middleware/TransformsRequest->handle(Object(Illuminate/Http/Request), Object(Closure))
#41 E:/1KERJAAN/Telisik Studio/Dashboard HSE/hse-dashboard/hse-backend/vendor/laravel/framework/src/Illuminate/Pipeline/Pipeline.php(209): Illuminate/Foundation/Http/Middleware/ConvertEmptyStringsToNull->handle(Object(Illuminate/Http/Request), Object(Closure))
#42 E:/1KERJAAN/Telisik Studio/Dashboard HSE/hse-dashboard/hse-backend/vendor/laravel/framework/src/Illuminate/Foundation/Http/Middleware/TransformsRequest.php(21): Illuminate/Pipeline/Pipeline->Illuminate/Pipeline/{closure}(Object(Illuminate/Http/Request))
#43 E:/1KERJAAN/Telisik Studio/Dashboard HSE/hse-dashboard/hse-backend/vendor/laravel/framework/src/Illuminate/Foundation/Http/Middleware/TrimStrings.php(51): Illuminate/Foundation/Http/Middleware/TransformsRequest->handle(Object(Illuminate/Http/Request), Object(Closure))
#44 E:/1KERJAAN/Telisik Studio/Dashboard HSE/hse-dashboard/hse-backend/vendor/laravel/framework/src/Illuminate/Pipeline/Pipeline.php(209): Illuminate/Foundation/Http/Middleware/TrimStrings->handle(Object(Illuminate/Http/Request), Object(Closure))
#45 E:/1KERJAAN/Telisik Studio/Dashboard HSE/hse-dashboard/hse-backend/vendor/laravel/framework/src/Illuminate/Http/Middleware/ValidatePostSize.php(27): Illuminate/Pipeline/Pipeline->Illuminate/Pipeline/{closure}(Object(Illuminate/Http/Request))
#46 E:/1KERJAAN/Telisik Studio/Dashboard HSE/hse-dashboard/hse-backend/vendor/laravel/framework/src/Illuminate/Pipeline/Pipeline.php(209): Illuminate/Http/Middleware/ValidatePostSize->handle(Object(Illuminate/Http/Request), Object(Closure))
#47 E:/1KERJAAN/Telisik Studio/Dashboard HSE/hse-dashboard/hse-backend/vendor/laravel/framework/src/Illuminate/Foundation/Http/Middleware/PreventRequestsDuringMaintenance.php(110): Illuminate/Pipeline/Pipeline->Illuminate/Pipeline/{closure}(Object(Illuminate/Http/Request))
#48 E:/1KERJAAN/Telisik Studio/Dashboard HSE/hse-dashboard/hse-backend/vendor/laravel/framework/src/Illuminate/Pipeline/Pipeline.php(209): Illuminate/Foundation/Http/Middleware/PreventRequestsDuringMaintenance->handle(Object(Illuminate/Http/Request), Object(Closure))
#49 E:/1KERJAAN/Telisik Studio/Dashboard HSE/hse-dashboard/hse-backend/vendor/laravel/framework/src/Illuminate/Http/Middleware/HandleCors.php(62): Illuminate/Pipeline/Pipeline->Illuminate/Pipeline/{closure}(Object(Illuminate/Http/Request))
#50 E:/1KERJAAN/Telisik Studio/Dashboard HSE/hse-dashboard/hse-backend/vendor/laravel/framework/src/Illuminate/Pipeline/Pipeline.php(209): Illuminate/Http/Middleware/HandleCors->handle(Object(Illuminate/Http/Request), Object(Closure))
#51 E:/1KERJAAN/Telisik Studio/Dashboard HSE/hse-dashboard/hse-backend/vendor/laravel/framework/src/Illuminate/Http/Middleware/TrustProxies.php(58): Illuminate/Pipeline/Pipeline->Illuminate/Pipeline/{closure}(Object(Illuminate/Http/Request))
#52 E:/1KERJAAN/Telisik Studio/Dashboard HSE/hse-dashboard/hse-backend/vendor/laravel/framework/src/Illuminate/Pipeline/Pipeline.php(209): Illuminate/Http/Middleware/TrustProxies->handle(Object(Illuminate/Http/Request), Object(Closure))
#53 E:/1KERJAAN/Telisik Studio/Dashboard HSE/hse-dashboard/hse-backend/vendor/laravel/framework/src/Illuminate/Foundation/Http/Middleware/InvokeDeferredCallbacks.php(22): Illuminate/Pipeline/Pipeline->Illuminate/Pipeline/{closure}(Object(Illuminate/Http/Request))
#54 E:/1KERJAAN/Telisik Studio/Dashboard HSE/hse-dashboard/hse-backend/vendor/laravel/framework/src/Illuminate/Pipeline/Pipeline.php(209): Illuminate/Foundation/Http/Middleware/InvokeDeferredCallbacks->handle(Object(Illuminate/Http/Request), Object(Closure))
#55 E:/1KERJAAN/Telisik Studio/Dashboard HSE/hse-dashboard/hse-backend/vendor/laravel/framework/src/Illuminate/Pipeline/Pipeline.php(127): Illuminate/Pipeline/Pipeline->Illuminate/Pipeline/{closure}(Object(Illuminate/Http/Request))
#56 E:/1KERJAAN/Telisik Studio/Dashboard HSE/hse-dashboard/hse-backend/vendor/laravel/framework/src/Illuminate/Foundation/Http/Kernel.php(176): Illuminate/Pipeline/Pipeline->then(Object(Closure))
#57 E:/1KERJAAN/Telisik Studio/Dashboard HSE/hse-dashboard/hse-backend/vendor/laravel/framework/src/Illuminate/Foundation/Http/Kernel.php(145): Illuminate/Foundation/Http/Kernel->sendRequestThroughRouter(Object(Illuminate/Http/Request))
#58 E:/1KERJAAN/Telisik Studio/Dashboard HSE/hse-dashboard/hse-backend/vendor/laravel/framework/src/Illuminate/Foundation/Application.php(1220): Illuminate/Foundation/Http/Kernel->handle(Object(Illuminate/Http/Request))
#59 E:/1KERJAAN/Telisik Studio/Dashboard HSE/hse-dashboard/hse-backend/public/index.php(17): Illuminate/Foundation/Application->handleRequest(Object(Illuminate/Http/Request))
#60 E:/1KERJAAN/Telisik Studio/Dashboard HSE/hse-dashboard/hse-backend/vendor/laravel/framework/src/Illuminate/Foundation/resources/server.php(23): require_once('E://1KERJAAN//Tel...')
#61 {main}
"} 
[2026-08-04 17:13:15] local.ERROR: Call to undefined method Illuminate\Database\Eloquent\Builder::query() {"userId":2,"exception":"[object] (BadMethodCallException(code: 0): Call to undefined method Illuminate\\Database\\Eloquent\\Builder::query() at E:/1KERJAAN/Telisik Studio/Dashboard HSE/hse-dashboard/hse-backend/vendor/laravel/framework/src/Illuminate/Support/Traits/ForwardsCalls.php:67)
[stacktrace]
#0 E:/1KERJAAN/Telisik Studio/Dashboard HSE/hse-dashboard/hse-backend/vendor/laravel/framework/src/Illuminate/Support/Traits/ForwardsCalls.php(36): Illuminate/Database/Eloquent/Builder::throwBadMethodCallException('query')
#1 E:/1KERJAAN/Telisik Studio/Dashboard HSE/hse-dashboard/hse-backend/vendor/laravel/framework/src/Illuminate/Database/Eloquent/Builder.php(2123): Illuminate/Database/Eloquent/Builder->forwardCallTo(Object(Illuminate/Database/Query/Builder), 'query', Array)
#2 E:/1KERJAAN/Telisik Studio/Dashboard HSE/hse-dashboard/hse-backend/app/Http/Controllers/Api/PermitController.php(23): Illuminate/Database/Eloquent/Builder->__call('query', Array)
#3 E:/1KERJAAN/Telisik Studio/Dashboard HSE/hse-dashboard/hse-backend/vendor/laravel/framework/src/Illuminate/Routing/ControllerDispatcher.php(47): App/Http/Controllers/Api/PermitController->index(Object(Illuminate/Http/Request))
#4 E:/1KERJAAN/Telisik Studio/Dashboard HSE/hse-dashboard/hse-backend/vendor/laravel/framework/src/Illuminate/Routing/Route.php(266): Illuminate/Routing/ControllerDispatcher->dispatch(Object(Illuminate/Routing/Route), Object(App/Http/Controllers/Api/PermitController), 'index')
#5 E:/1KERJAAN/Telisik Studio/Dashboard HSE/hse-dashboard/hse-backend/vendor/laravel/framework/src/Illuminate/Routing/Route.php(212): Illuminate/Routing/Route->runController()
#6 E:/1KERJAAN/Telisik Studio/Dashboard HSE/hse-dashboard/hse-backend/vendor/laravel/framework/src/Illuminate/Routing/Router.php(808): Illuminate/Routing/Route->run()
#7 E:/1KERJAAN/Telisik Studio/Dashboard HSE/hse-dashboard/hse-backend/vendor/laravel/framework/src/Illuminate/Pipeline/Pipeline.php(170): Illuminate/Routing/Router->Illuminate/Routing/{closure}(Object(Illuminate/Http/Request))
#8 E:/1KERJAAN/Telisik Studio/Dashboard HSE/hse-dashboard/hse-backend/app/Http/Middleware/EnsureAnyPermission.php(26): Illuminate/Pipeline/Pipeline->Illuminate/Pipeline/{closure}(Object(Illuminate/Http/Request))
#9 E:/1KERJAAN/Telisik Studio/Dashboard HSE/hse-dashboard/hse-backend/vendor/laravel/framework/src/Illuminate/Pipeline/Pipeline.php(209): App/Http/Middleware/EnsureAnyPermission->handle(Object(Illuminate/Http/Request), Object(Closure), 'permits', 'permits_own')
#10 E:/1KERJAAN/Telisik Studio/Dashboard HSE/hse-dashboard/hse-backend/vendor/laravel/framework/src/Illuminate/Routing/Middleware/SubstituteBindings.php(51): Illuminate/Pipeline/Pipeline->Illuminate/Pipeline/{closure}(Object(Illuminate/Http/Request))
#11 E:/1KERJAAN/Telisik Studio/Dashboard HSE/hse-dashboard/hse-backend/vendor/laravel/framework/src/Illuminate/Pipeline/Pipeline.php(209): Illuminate/Routing/Middleware/SubstituteBindings->handle(Object(Illuminate/Http/Request), Object(Closure))
#12 E:/1KERJAAN/Telisik Studio/Dashboard HSE/hse-dashboard/hse-backend/vendor/laravel/framework/src/Illuminate/Auth/Middleware/Authenticate.php(64): Illuminate/Pipeline/Pipeline->Illuminate/Pipeline/{closure}(Object(Illuminate/Http/Request))
#13 E:/1KERJAAN/Telisik Studio/Dashboard HSE/hse-dashboard/hse-backend/vendor/laravel/framework/src/Illuminate/Pipeline/Pipeline.php(209): Illuminate/Auth/Middleware/Authenticate->handle(Object(Illuminate/Http/Request), Object(Closure), 'sanctum')
#14 E:/1KERJAAN/Telisik Studio/Dashboard HSE/hse-dashboard/hse-backend/vendor/laravel/sanctum/src/Http/Middleware/EnsureFrontendRequestsAreStateful.php(26): Illuminate/Pipeline/Pipeline->Illuminate/Pipeline/{closure}(Object(Illuminate/Http/Request))
#15 E:/1KERJAAN/Telisik Studio/Dashboard HSE/hse-dashboard/hse-backend/vendor/laravel/framework/src/Illuminate/Pipeline/Pipeline.php(170): Laravel/Sanctum/Http/Middleware/EnsureFrontendRequestsAreStateful->Laravel/Sanctum/Http/Middleware/{closure}(Object(Illuminate/Http/Request))
#16 E:/1KERJAAN/Telisik Studio/Dashboard HSE/hse-dashboard/hse-backend/vendor/laravel/sanctum/src/Http/Middleware/AuthenticateSession.php(60): Illuminate/Pipeline/Pipeline->Illuminate/Pipeline/{closure}(Object(Illuminate/Http/Request))
#17 E:/1KERJAAN/Telisik Studio/Dashboard HSE/hse-dashboard/hse-backend/vendor/laravel/framework/src/Illuminate/Pipeline/Pipeline.php(209): Laravel/Sanctum/Http/Middleware/AuthenticateSession->handle(Object(Illuminate/Http/Request), Object(Closure))
#18 E:/1KERJAAN/Telisik Studio/Dashboard HSE/hse-dashboard/hse-backend/vendor/laravel/framework/src/Illuminate/Foundation/Http/Middleware/VerifyCsrfToken.php(88): Illuminate/Pipeline/Pipeline->Illuminate/Pipeline/{closure}(Object(Illuminate/Http/Request))
#19 E:/1KERJAAN/Telisik Studio/Dashboard HSE/hse-dashboard/hse-backend/vendor/laravel/framework/src/Illuminate/Pipeline/Pipeline.php(209): Illuminate/Foundation/Http/Middleware/VerifyCsrfToken->handle(Object(Illuminate/Http/Request), Object(Closure))
#20 E:/1KERJAAN/Telisik Studio/Dashboard HSE/hse-dashboard/hse-backend/vendor/laravel/framework/src/Illuminate/Session/Middleware/StartSession.php(121): Illuminate/Pipeline/Pipeline->Illuminate/Pipeline/{closure}(Object(Illuminate/Http/Request))
#21 E:/1KERJAAN/Telisik Studio/Dashboard HSE/hse-dashboard/hse-backend/vendor/laravel/framework/src/Illuminate/Session/Middleware/StartSession.php(64): Illuminate/Session/Middleware/StartSession->handleStatefulRequest(Object(Illuminate/Http/Request), Object(Illuminate/Session/Store), Object(Closure))
#22 E:/1KERJAAN/Telisik Studio/Dashboard HSE/hse-dashboard/hse-backend/vendor/laravel/framework/src/Illuminate/Pipeline/Pipeline.php(209): Illuminate/Session/Middleware/StartSession->handle(Object(Illuminate/Http/Request), Object(Closure))
#23 E:/1KERJAAN/Telisik Studio/Dashboard HSE/hse-dashboard/hse-backend/vendor/laravel/framework/src/Illuminate/Cookie/Middleware/AddQueuedCookiesToResponse.php(37): Illuminate/Pipeline/Pipeline->Illuminate/Pipeline/{closure}(Object(Illuminate/Http/Request))
#24 E:/1KERJAAN/Telisik Studio/Dashboard HSE/hse-dashboard/hse-backend/vendor/laravel/framework/src/Illuminate/Pipeline/Pipeline.php(209): Illuminate/Cookie/Middleware/AddQueuedCookiesToResponse->handle(Object(Illuminate/Http/Request), Object(Closure))
#25 E:/1KERJAAN/Telisik Studio/Dashboard HSE/hse-dashboard/hse-backend/vendor/laravel/framework/src/Illuminate/Cookie/Middleware/EncryptCookies.php(75): Illuminate/Pipeline/Pipeline->Illuminate/Pipeline/{closure}(Object(Illuminate/Http/Request))
#26 E:/1KERJAAN/Telisik Studio/Dashboard HSE/hse-dashboard/hse-backend/vendor/laravel/framework/src/Illuminate/Pipeline/Pipeline.php(209): Illuminate/Cookie/Middleware/EncryptCookies->handle(Object(Illuminate/Http/Request), Object(Closure))
#27 E:/1KERJAAN/Telisik Studio/Dashboard HSE/hse-dashboard/hse-backend/vendor/laravel/sanctum/src/Http/Middleware/EnsureFrontendRequestsAreStateful.php(61): Illuminate/Pipeline/Pipeline->Illuminate/Pipeline/{closure}(Object(Illuminate/Http/Request))
#28 E:/1KERJAAN/Telisik Studio/Dashboard HSE/hse-dashboard/hse-backend/vendor/laravel/framework/src/Illuminate/Pipeline/Pipeline.php(191): Laravel/Sanctum/Http/Middleware/EnsureFrontendRequestsAreStateful->Laravel/Sanctum/Http/Middleware/{closure}(Object(Illuminate/Http/Request), Object(Closure))
#29 E:/1KERJAAN/Telisik Studio/Dashboard HSE/hse-dashboard/hse-backend/vendor/laravel/framework/src/Illuminate/Pipeline/Pipeline.php(127): Illuminate/Pipeline/Pipeline->Illuminate/Pipeline/{closure}(Object(Illuminate/Http/Request))
#30 E:/1KERJAAN/Telisik Studio/Dashboard HSE/hse-dashboard/hse-backend/vendor/laravel/sanctum/src/Http/Middleware/EnsureFrontendRequestsAreStateful.php(25): Illuminate/Pipeline/Pipeline->then(Object(Closure))
#31 E:/1KERJAAN/Telisik Studio/Dashboard HSE/hse-dashboard/hse-backend/vendor/laravel/framework/src/Illuminate/Pipeline/Pipeline.php(209): Laravel/Sanctum/Http/Middleware/EnsureFrontendRequestsAreStateful->handle(Object(Illuminate/Http/Request), Object(Closure))
#32 E:/1KERJAAN/Telisik Studio/Dashboard HSE/hse-dashboard/hse-backend/vendor/laravel/framework/src/Illuminate/Pipeline/Pipeline.php(127): Illuminate/Pipeline/Pipeline->Illuminate/Pipeline/{closure}(Object(Illuminate/Http/Request))
#33 E:/1KERJAAN/Telisik Studio/Dashboard HSE/hse-dashboard/hse-backend/vendor/laravel/framework/src/Illuminate/Routing/Router.php(807): Illuminate/Pipeline/Pipeline->then(Object(Closure))
#34 E:/1KERJAAN/Telisik Studio/Dashboard HSE/hse-dashboard/hse-backend/vendor/laravel/framework/src/Illuminate/Routing/Router.php(786): Illuminate/Routing/Router->runRouteWithinStack(Object(Illuminate/Routing/Route), Object(Illuminate/Http/Request))
#35 E:/1KERJAAN/Telisik Studio/Dashboard HSE/hse-dashboard/hse-backend/vendor/laravel/framework/src/Illuminate/Routing/Router.php(750): Illuminate/Routing/Router->runRoute(Object(Illuminate/Http/Request), Object(Illuminate/Routing/Route))
#36 E:/1KERJAAN/Telisik Studio/Dashboard HSE/hse-dashboard/hse-backend/vendor/laravel/framework/src/Illuminate/Routing/Router.php(739): Illuminate/Routing/Router->dispatchToRoute(Object(Illuminate/Http/Request))
#37 E:/1KERJAAN/Telisik Studio/Dashboard HSE/hse-dashboard/hse-backend/vendor/laravel/framework/src/Illuminate/Foundation/Http/Kernel.php(201): Illuminate/Routing/Router->dispatch(Object(Illuminate/Http/Request))
#38 E:/1KERJAAN/Telisik Studio/Dashboard HSE/hse-dashboard/hse-backend/vendor/laravel/framework/src/Illuminate/Pipeline/Pipeline.php(170): Illuminate/Foundation/Http/Kernel->Illuminate/Foundation/Http/{closure}(Object(Illuminate/Http/Request))
#39 E:/1KERJAAN/Telisik Studio/Dashboard HSE/hse-dashboard/hse-backend/vendor/laravel/framework/src/Illuminate/Foundation/Http/Middleware/TransformsRequest.php(21): Illuminate/Pipeline/Pipeline->Illuminate/Pipeline/{closure}(Object(Illuminate/Http/Request))
#40 E:/1KERJAAN/Telisik Studio/Dashboard HSE/hse-dashboard/hse-backend/vendor/laravel/framework/src/Illuminate/Foundation/Http/Middleware/ConvertEmptyStringsToNull.php(31): Illuminate/Foundation/Http/Middleware/TransformsRequest->handle(Object(Illuminate/Http/Request), Object(Closure))
#41 E:/1KERJAAN/Telisik Studio/Dashboard HSE/hse-dashboard/hse-backend/vendor/laravel/framework/src/Illuminate/Pipeline/Pipeline.php(209): Illuminate/Foundation/Http/Middleware/ConvertEmptyStringsToNull->handle(Object(Illuminate/Http/Request), Object(Closure))
#42 E:/1KERJAAN/Telisik Studio/Dashboard HSE/hse-dashboard/hse-backend/vendor/laravel/framework/src/Illuminate/Foundation/Http/Middleware/TransformsRequest.php(21): Illuminate/Pipeline/Pipeline->Illuminate/Pipeline/{closure}(Object(Illuminate/Http/Request))
#43 E:/1KERJAAN/Telisik Studio/Dashboard HSE/hse-dashboard/hse-backend/vendor/laravel/framework/src/Illuminate/Foundation/Http/Middleware/TrimStrings.php(51): Illuminate/Foundation/Http/Middleware/TransformsRequest->handle(Object(Illuminate/Http/Request), Object(Closure))
#44 E:/1KERJAAN/Telisik Studio/Dashboard HSE/hse-dashboard/hse-backend/vendor/laravel/framework/src/Illuminate/Pipeline/Pipeline.php(209): Illuminate/Foundation/Http/Middleware/TrimStrings->handle(Object(Illuminate/Http/Request), Object(Closure))
#45 E:/1KERJAAN/Telisik Studio/Dashboard HSE/hse-dashboard/hse-backend/vendor/laravel/framework/src/Illuminate/Http/Middleware/ValidatePostSize.php(27): Illuminate/Pipeline/Pipeline->Illuminate/Pipeline/{closure}(Object(Illuminate/Http/Request))
#46 E:/1KERJAAN/Telisik Studio/Dashboard HSE/hse-dashboard/hse-backend/vendor/laravel/framework/src/Illuminate/Pipeline/Pipeline.php(209): Illuminate/Http/Middleware/ValidatePostSize->handle(Object(Illuminate/Http/Request), Object(Closure))
#47 E:/1KERJAAN/Telisik Studio/Dashboard HSE/hse-dashboard/hse-backend/vendor/laravel/framework/src/Illuminate/Foundation/Http/Middleware/PreventRequestsDuringMaintenance.php(110): Illuminate/Pipeline/Pipeline->Illuminate/Pipeline/{closure}(Object(Illuminate/Http/Request))
#48 E:/1KERJAAN/Telisik Studio/Dashboard HSE/hse-dashboard/hse-backend/vendor/laravel/framework/src/Illuminate/Pipeline/Pipeline.php(209): Illuminate/Foundation/Http/Middleware/PreventRequestsDuringMaintenance->handle(Object(Illuminate/Http/Request), Object(Closure))
#49 E:/1KERJAAN/Telisik Studio/Dashboard HSE/hse-dashboard/hse-backend/vendor/laravel/framework/src/Illuminate/Http/Middleware/HandleCors.php(62): Illuminate/Pipeline/Pipeline->Illuminate/Pipeline/{closure}(Object(Illuminate/Http/Request))
#50 E:/1KERJAAN/Telisik Studio/Dashboard HSE/hse-dashboard/hse-backend/vendor/laravel/framework/src/Illuminate/Pipeline/Pipeline.php(209): Illuminate/Http/Middleware/HandleCors->handle(Object(Illuminate/Http/Request), Object(Closure))
#51 E:/1KERJAAN/Telisik Studio/Dashboard HSE/hse-dashboard/hse-backend/vendor/laravel/framework/src/Illuminate/Http/Middleware/TrustProxies.php(58): Illuminate/Pipeline/Pipeline->Illuminate/Pipeline/{closure}(Object(Illuminate/Http/Request))
#52 E:/1KERJAAN/Telisik Studio/Dashboard HSE/hse-dashboard/hse-backend/vendor/laravel/framework/src/Illuminate/Pipeline/Pipeline.php(209): Illuminate/Http/Middleware/TrustProxies->handle(Object(Illuminate/Http/Request), Object(Closure))
#53 E:/1KERJAAN/Telisik Studio/Dashboard HSE/hse-dashboard/hse-backend/vendor/laravel/framework/src/Illuminate/Foundation/Http/Middleware/InvokeDeferredCallbacks.php(22): Illuminate/Pipeline/Pipeline->Illuminate/Pipeline/{closure}(Object(Illuminate/Http/Request))
#54 E:/1KERJAAN/Telisik Studio/Dashboard HSE/hse-dashboard/hse-backend/vendor/laravel/framework/src/Illuminate/Pipeline/Pipeline.php(209): Illuminate/Foundation/Http/Middleware/InvokeDeferredCallbacks->handle(Object(Illuminate/Http/Request), Object(Closure))
#55 E:/1KERJAAN/Telisik Studio/Dashboard HSE/hse-dashboard/hse-backend/vendor/laravel/framework/src/Illuminate/Pipeline/Pipeline.php(127): Illuminate/Pipeline/Pipeline->Illuminate/Pipeline/{closure}(Object(Illuminate/Http/Request))
#56 E:/1KERJAAN/Telisik Studio/Dashboard HSE/hse-dashboard/hse-backend/vendor/laravel/framework/src/Illuminate/Foundation/Http/Kernel.php(176): Illuminate/Pipeline/Pipeline->then(Object(Closure))
#57 E:/1KERJAAN/Telisik Studio/Dashboard HSE/hse-dashboard/hse-backend/vendor/laravel/framework/src/Illuminate/Foundation/Http/Kernel.php(145): Illuminate/Foundation/Http/Kernel->sendRequestThroughRouter(Object(Illuminate/Http/Request))
#58 E:/1KERJAAN/Telisik Studio/Dashboard HSE/hse-dashboard/hse-backend/vendor/laravel/framework/src/Illuminate/Foundation/Application.php(1220): Illuminate/Foundation/Http/Kernel->handle(Object(Illuminate/Http/Request))
#59 E:/1KERJAAN/Telisik Studio/Dashboard HSE/hse-dashboard/hse-backend/public/index.php(17): Illuminate/Foundation/Application->handleRequest(Object(Illuminate/Http/Request))
#60 E:/1KERJAAN/Telisik Studio/Dashboard HSE/hse-dashboard/hse-backend/vendor/laravel/framework/src/Illuminate/Foundation/resources/server.php(23): require_once('E://1KERJAAN//Tel...')
#61 {main}
"} 
[2026-08-04 17:13:16] local.ERROR: Call to undefined method Illuminate\Database\Eloquent\Builder::query() {"userId":2,"exception":"[object] (BadMethodCallException(code: 0): Call to undefined method Illuminate\\Database\\Eloquent\\Builder::query() at E:/1KERJAAN/Telisik Studio/Dashboard HSE/hse-dashboard/hse-backend/vendor/laravel/framework/src/Illuminate/Support/Traits/ForwardsCalls.php:67)
[stacktrace]
#0 E:/1KERJAAN/Telisik Studio/Dashboard HSE/hse-dashboard/hse-backend/vendor/laravel/framework/src/Illuminate/Support/Traits/ForwardsCalls.php(36): Illuminate/Database/Eloquent/Builder::throwBadMethodCallException('query')
#1 E:/1KERJAAN/Telisik Studio/Dashboard HSE/hse-dashboard/hse-backend/vendor/laravel/framework/src/Illuminate/Database/Eloquent/Builder.php(2123): Illuminate/Database/Eloquent/Builder->forwardCallTo(Object(Illuminate/Database/Query/Builder), 'query', Array)
#2 E:/1KERJAAN/Telisik Studio/Dashboard HSE/hse-dashboard/hse-backend/app/Http/Controllers/Api/PermitController.php(23): Illuminate/Database/Eloquent/Builder->__call('query', Array)
#3 E:/1KERJAAN/Telisik Studio/Dashboard HSE/hse-dashboard/hse-backend/vendor/laravel/framework/src/Illuminate/Routing/ControllerDispatcher.php(47): App/Http/Controllers/Api/PermitController->index(Object(Illuminate/Http/Request))
#4 E:/1KERJAAN/Telisik Studio/Dashboard HSE/hse-dashboard/hse-backend/vendor/laravel/framework/src/Illuminate/Routing/Route.php(266): Illuminate/Routing/ControllerDispatcher->dispatch(Object(Illuminate/Routing/Route), Object(App/Http/Controllers/Api/PermitController), 'index')
#5 E:/1KERJAAN/Telisik Studio/Dashboard HSE/hse-dashboard/hse-backend/vendor/laravel/framework/src/Illuminate/Routing/Route.php(212): Illuminate/Routing/Route->runController()
#6 E:/1KERJAAN/Telisik Studio/Dashboard HSE/hse-dashboard/hse-backend/vendor/laravel/framework/src/Illuminate/Routing/Router.php(808): Illuminate/Routing/Route->run()
#7 E:/1KERJAAN/Telisik Studio/Dashboard HSE/hse-dashboard/hse-backend/vendor/laravel/framework/src/Illuminate/Pipeline/Pipeline.php(170): Illuminate/Routing/Router->Illuminate/Routing/{closure}(Object(Illuminate/Http/Request))
#8 E:/1KERJAAN/Telisik Studio/Dashboard HSE/hse-dashboard/hse-backend/app/Http/Middleware/EnsureAnyPermission.php(26): Illuminate/Pipeline/Pipeline->Illuminate/Pipeline/{closure}(Object(Illuminate/Http/Request))
#9 E:/1KERJAAN/Telisik Studio/Dashboard HSE/hse-dashboard/hse-backend/vendor/laravel/framework/src/Illuminate/Pipeline/Pipeline.php(209): App/Http/Middleware/EnsureAnyPermission->handle(Object(Illuminate/Http/Request), Object(Closure), 'permits', 'permits_own')
#10 E:/1KERJAAN/Telisik Studio/Dashboard HSE/hse-dashboard/hse-backend/vendor/laravel/framework/src/Illuminate/Routing/Middleware/SubstituteBindings.php(51): Illuminate/Pipeline/Pipeline->Illuminate/Pipeline/{closure}(Object(Illuminate/Http/Request))
#11 E:/1KERJAAN/Telisik Studio/Dashboard HSE/hse-dashboard/hse-backend/vendor/laravel/framework/src/Illuminate/Pipeline/Pipeline.php(209): Illuminate/Routing/Middleware/SubstituteBindings->handle(Object(Illuminate/Http/Request), Object(Closure))
#12 E:/1KERJAAN/Telisik Studio/Dashboard HSE/hse-dashboard/hse-backend/vendor/laravel/framework/src/Illuminate/Auth/Middleware/Authenticate.php(64): Illuminate/Pipeline/Pipeline->Illuminate/Pipeline/{closure}(Object(Illuminate/Http/Request))
#13 E:/1KERJAAN/Telisik Studio/Dashboard HSE/hse-dashboard/hse-backend/vendor/laravel/framework/src/Illuminate/Pipeline/Pipeline.php(209): Illuminate/Auth/Middleware/Authenticate->handle(Object(Illuminate/Http/Request), Object(Closure), 'sanctum')
#14 E:/1KERJAAN/Telisik Studio/Dashboard HSE/hse-dashboard/hse-backend/vendor/laravel/sanctum/src/Http/Middleware/EnsureFrontendRequestsAreStateful.php(26): Illuminate/Pipeline/Pipeline->Illuminate/Pipeline/{closure}(Object(Illuminate/Http/Request))
#15 E:/1KERJAAN/Telisik Studio/Dashboard HSE/hse-dashboard/hse-backend/vendor/laravel/framework/src/Illuminate/Pipeline/Pipeline.php(170): Laravel/Sanctum/Http/Middleware/EnsureFrontendRequestsAreStateful->Laravel/Sanctum/Http/Middleware/{closure}(Object(Illuminate/Http/Request))
#16 E:/1KERJAAN/Telisik Studio/Dashboard HSE/hse-dashboard/hse-backend/vendor/laravel/sanctum/src/Http/Middleware/AuthenticateSession.php(60): Illuminate/Pipeline/Pipeline->Illuminate/Pipeline/{closure}(Object(Illuminate/Http/Request))
#17 E:/1KERJAAN/Telisik Studio/Dashboard HSE/hse-dashboard/hse-backend/vendor/laravel/framework/src/Illuminate/Pipeline/Pipeline.php(209): Laravel/Sanctum/Http/Middleware/AuthenticateSession->handle(Object(Illuminate/Http/Request), Object(Closure))
#18 E:/1KERJAAN/Telisik Studio/Dashboard HSE/hse-dashboard/hse-backend/vendor/laravel/framework/src/Illuminate/Foundation/Http/Middleware/VerifyCsrfToken.php(88): Illuminate/Pipeline/Pipeline->Illuminate/Pipeline/{closure}(Object(Illuminate/Http/Request))
#19 E:/1KERJAAN/Telisik Studio/Dashboard HSE/hse-dashboard/hse-backend/vendor/laravel/framework/src/Illuminate/Pipeline/Pipeline.php(209): Illuminate/Foundation/Http/Middleware/VerifyCsrfToken->handle(Object(Illuminate/Http/Request), Object(Closure))
#20 E:/1KERJAAN/Telisik Studio/Dashboard HSE/hse-dashboard/hse-backend/vendor/laravel/framework/src/Illuminate/Session/Middleware/StartSession.php(121): Illuminate/Pipeline/Pipeline->Illuminate/Pipeline/{closure}(Object(Illuminate/Http/Request))
#21 E:/1KERJAAN/Telisik Studio/Dashboard HSE/hse-dashboard/hse-backend/vendor/laravel/framework/src/Illuminate/Session/Middleware/StartSession.php(64): Illuminate/Session/Middleware/StartSession->handleStatefulRequest(Object(Illuminate/Http/Request), Object(Illuminate/Session/Store), Object(Closure))
#22 E:/1KERJAAN/Telisik Studio/Dashboard HSE/hse-dashboard/hse-backend/vendor/laravel/framework/src/Illuminate/Pipeline/Pipeline.php(209): Illuminate/Session/Middleware/StartSession->handle(Object(Illuminate/Http/Request), Object(Closure))
#23 E:/1KERJAAN/Telisik Studio/Dashboard HSE/hse-dashboard/hse-backend/vendor/laravel/framework/src/Illuminate/Cookie/Middleware/AddQueuedCookiesToResponse.php(37): Illuminate/Pipeline/Pipeline->Illuminate/Pipeline/{closure}(Object(Illuminate/Http/Request))
#24 E:/1KERJAAN/Telisik Studio/Dashboard HSE/hse-dashboard/hse-backend/vendor/laravel/framework/src/Illuminate/Pipeline/Pipeline.php(209): Illuminate/Cookie/Middleware/AddQueuedCookiesToResponse->handle(Object(Illuminate/Http/Request), Object(Closure))
#25 E:/1KERJAAN/Telisik Studio/Dashboard HSE/hse-dashboard/hse-backend/vendor/laravel/framework/src/Illuminate/Cookie/Middleware/EncryptCookies.php(75): Illuminate/Pipeline/Pipeline->Illuminate/Pipeline/{closure}(Object(Illuminate/Http/Request))
#26 E:/1KERJAAN/Telisik Studio/Dashboard HSE/hse-dashboard/hse-backend/vendor/laravel/framework/src/Illuminate/Pipeline/Pipeline.php(209): Illuminate/Cookie/Middleware/EncryptCookies->handle(Object(Illuminate/Http/Request), Object(Closure))
#27 E:/1KERJAAN/Telisik Studio/Dashboard HSE/hse-dashboard/hse-backend/vendor/laravel/sanctum/src/Http/Middleware/EnsureFrontendRequestsAreStateful.php(61): Illuminate/Pipeline/Pipeline->Illuminate/Pipeline/{closure}(Object(Illuminate/Http/Request))
#28 E:/1KERJAAN/Telisik Studio/Dashboard HSE/hse-dashboard/hse-backend/vendor/laravel/framework/src/Illuminate/Pipeline/Pipeline.php(191): Laravel/Sanctum/Http/Middleware/EnsureFrontendRequestsAreStateful->Laravel/Sanctum/Http/Middleware/{closure}(Object(Illuminate/Http/Request), Object(Closure))
#29 E:/1KERJAAN/Telisik Studio/Dashboard HSE/hse-dashboard/hse-backend/vendor/laravel/framework/src/Illuminate/Pipeline/Pipeline.php(127): Illuminate/Pipeline/Pipeline->Illuminate/Pipeline/{closure}(Object(Illuminate/Http/Request))
#30 E:/1KERJAAN/Telisik Studio/Dashboard HSE/hse-dashboard/hse-backend/vendor/laravel/sanctum/src/Http/Middleware/EnsureFrontendRequestsAreStateful.php(25): Illuminate/Pipeline/Pipeline->then(Object(Closure))
#31 E:/1KERJAAN/Telisik Studio/Dashboard HSE/hse-dashboard/hse-backend/vendor/laravel/framework/src/Illuminate/Pipeline/Pipeline.php(209): Laravel/Sanctum/Http/Middleware/EnsureFrontendRequestsAreStateful->handle(Object(Illuminate/Http/Request), Object(Closure))
#32 E:/1KERJAAN/Telisik Studio/Dashboard HSE/hse-dashboard/hse-backend/vendor/laravel/framework/src/Illuminate/Pipeline/Pipeline.php(127): Illuminate/Pipeline/Pipeline->Illuminate/Pipeline/{closure}(Object(Illuminate/Http/Request))
#33 E:/1KERJAAN/Telisik Studio/Dashboard HSE/hse-dashboard/hse-backend/vendor/laravel/framework/src/Illuminate/Routing/Router.php(807): Illuminate/Pipeline/Pipeline->then(Object(Closure))
#34 E:/1KERJAAN/Telisik Studio/Dashboard HSE/hse-dashboard/hse-backend/vendor/laravel/framework/src/Illuminate/Routing/Router.php(786): Illuminate/Routing/Router->runRouteWithinStack(Object(Illuminate/Routing/Route), Object(Illuminate/Http/Request))
#35 E:/1KERJAAN/Telisik Studio/Dashboard HSE/hse-dashboard/hse-backend/vendor/laravel/framework/src/Illuminate/Routing/Router.php(750): Illuminate/Routing/Router->runRoute(Object(Illuminate/Http/Request), Object(Illuminate/Routing/Route))
#36 E:/1KERJAAN/Telisik Studio/Dashboard HSE/hse-dashboard/hse-backend/vendor/laravel/framework/src/Illuminate/Routing/Router.php(739): Illuminate/Routing/Router->dispatchToRoute(Object(Illuminate/Http/Request))
#37 E:/1KERJAAN/Telisik Studio/Dashboard HSE/hse-dashboard/hse-backend/vendor/laravel/framework/src/Illuminate/Foundation/Http/Kernel.php(201): Illuminate/Routing/Router->dispatch(Object(Illuminate/Http/Request))
#38 E:/1KERJAAN/Telisik Studio/Dashboard HSE/hse-dashboard/hse-backend/vendor/laravel/framework/src/Illuminate/Pipeline/Pipeline.php(170): Illuminate/Foundation/Http/Kernel->Illuminate/Foundation/Http/{closure}(Object(Illuminate/Http/Request))
#39 E:/1KERJAAN/Telisik Studio/Dashboard HSE/hse-dashboard/hse-backend/vendor/laravel/framework/src/Illuminate/Foundation/Http/Middleware/TransformsRequest.php(21): Illuminate/Pipeline/Pipeline->Illuminate/Pipeline/{closure}(Object(Illuminate/Http/Request))
#40 E:/1KERJAAN/Telisik Studio/Dashboard HSE/hse-dashboard/hse-backend/vendor/laravel/framework/src/Illuminate/Foundation/Http/Middleware/ConvertEmptyStringsToNull.php(31): Illuminate/Foundation/Http/Middleware/TransformsRequest->handle(Object(Illuminate/Http/Request), Object(Closure))
#41 E:/1KERJAAN/Telisik Studio/Dashboard HSE/hse-dashboard/hse-backend/vendor/laravel/framework/src/Illuminate/Pipeline/Pipeline.php(209): Illuminate/Foundation/Http/Middleware/ConvertEmptyStringsToNull->handle(Object(Illuminate/Http/Request), Object(Closure))
#42 E:/1KERJAAN/Telisik Studio/Dashboard HSE/hse-dashboard/hse-backend/vendor/laravel/framework/src/Illuminate/Foundation/Http/Middleware/TransformsRequest.php(21): Illuminate/Pipeline/Pipeline->Illuminate/Pipeline/{closure}(Object(Illuminate/Http/Request))
#43 E:/1KERJAAN/Telisik Studio/Dashboard HSE/hse-dashboard/hse-backend/vendor/laravel/framework/src/Illuminate/Foundation/Http/Middleware/TrimStrings.php(51): Illuminate/Foundation/Http/Middleware/TransformsRequest->handle(Object(Illuminate/Http/Request), Object(Closure))
#44 E:/1KERJAAN/Telisik Studio/Dashboard HSE/hse-dashboard/hse-backend/vendor/laravel/framework/src/Illuminate/Pipeline/Pipeline.php(209): Illuminate/Foundation/Http/Middleware/TrimStrings->handle(Object(Illuminate/Http/Request), Object(Closure))
#45 E:/1KERJAAN/Telisik Studio/Dashboard HSE/hse-dashboard/hse-backend/vendor/laravel/framework/src/Illuminate/Http/Middleware/ValidatePostSize.php(27): Illuminate/Pipeline/Pipeline->Illuminate/Pipeline/{closure}(Object(Illuminate/Http/Request))
#46 E:/1KERJAAN/Telisik Studio/Dashboard HSE/hse-dashboard/hse-backend/vendor/laravel/framework/src/Illuminate/Pipeline/Pipeline.php(209): Illuminate/Http/Middleware/ValidatePostSize->handle(Object(Illuminate/Http/Request), Object(Closure))
#47 E:/1KERJAAN/Telisik Studio/Dashboard HSE/hse-dashboard/hse-backend/vendor/laravel/framework/src/Illuminate/Foundation/Http/Middleware/PreventRequestsDuringMaintenance.php(110): Illuminate/Pipeline/Pipeline->Illuminate/Pipeline/{closure}(Object(Illuminate/Http/Request))
#48 E:/1KERJAAN/Telisik Studio/Dashboard HSE/hse-dashboard/hse-backend/vendor/laravel/framework/src/Illuminate/Pipeline/Pipeline.php(209): Illuminate/Foundation/Http/Middleware/PreventRequestsDuringMaintenance->handle(Object(Illuminate/Http/Request), Object(Closure))
#49 E:/1KERJAAN/Telisik Studio/Dashboard HSE/hse-dashboard/hse-backend/vendor/laravel/framework/src/Illuminate/Http/Middleware/HandleCors.php(62): Illuminate/Pipeline/Pipeline->Illuminate/Pipeline/{closure}(Object(Illuminate/Http/Request))
#50 E:/1KERJAAN/Telisik Studio/Dashboard HSE/hse-dashboard/hse-backend/vendor/laravel/framework/src/Illuminate/Pipeline/Pipeline.php(209): Illuminate/Http/Middleware/HandleCors->handle(Object(Illuminate/Http/Request), Object(Closure))
#51 E:/1KERJAAN/Telisik Studio/Dashboard HSE/hse-dashboard/hse-backend/vendor/laravel/framework/src/Illuminate/Http/Middleware/TrustProxies.php(58): Illuminate/Pipeline/Pipeline->Illuminate/Pipeline/{closure}(Object(Illuminate/Http/Request))
#52 E:/1KERJAAN/Telisik Studio/Dashboard HSE/hse-dashboard/hse-backend/vendor/laravel/framework/src/Illuminate/Pipeline/Pipeline.php(209): Illuminate/Http/Middleware/TrustProxies->handle(Object(Illuminate/Http/Request), Object(Closure))
#53 E:/1KERJAAN/Telisik Studio/Dashboard HSE/hse-dashboard/hse-backend/vendor/laravel/framework/src/Illuminate/Foundation/Http/Middleware/InvokeDeferredCallbacks.php(22): Illuminate/Pipeline/Pipeline->Illuminate/Pipeline/{closure}(Object(Illuminate/Http/Request))
#54 E:/1KERJAAN/Telisik Studio/Dashboard HSE/hse-dashboard/hse-backend/vendor/laravel/framework/src/Illuminate/Pipeline/Pipeline.php(209): Illuminate/Foundation/Http/Middleware/InvokeDeferredCallbacks->handle(Object(Illuminate/Http/Request), Object(Closure))
#55 E:/1KERJAAN/Telisik Studio/Dashboard HSE/hse-dashboard/hse-backend/vendor/laravel/framework/src/Illuminate/Pipeline/Pipeline.php(127): Illuminate/Pipeline/Pipeline->Illuminate/Pipeline/{closure}(Object(Illuminate/Http/Request))
#56 E:/1KERJAAN/Telisik Studio/Dashboard HSE/hse-dashboard/hse-backend/vendor/laravel/framework/src/Illuminate/Foundation/Http/Kernel.php(176): Illuminate/Pipeline/Pipeline->then(Object(Closure))
#57 E:/1KERJAAN/Telisik Studio/Dashboard HSE/hse-dashboard/hse-backend/vendor/laravel/framework/src/Illuminate/Foundation/Http/Kernel.php(145): Illuminate/Foundation/Http/Kernel->sendRequestThroughRouter(Object(Illuminate/Http/Request))
#58 E:/1KERJAAN/Telisik Studio/Dashboard HSE/hse-dashboard/hse-backend/vendor/laravel/framework/src/Illuminate/Foundation/Application.php(1220): Illuminate/Foundation/Http/Kernel->handle(Object(Illuminate/Http/Request))
#59 E:/1KERJAAN/Telisik Studio/Dashboard HSE/hse-dashboard/hse-backend/public/index.php(17): Illuminate/Foundation/Application->handleRequest(Object(Illuminate/Http/Request))
#60 E:/1KERJAAN/Telisik Studio/Dashboard HSE/hse-dashboard/hse-backend/vendor/laravel/framework/src/Illuminate/Foundation/resources/server.php(23): require_once('E://1KERJAAN//Tel...')
#61 {main}
"} 
[2026-08-04 17:13:17] local.ERROR: Call to undefined method Illuminate\Database\Eloquent\Builder::query() {"userId":2,"exception":"[object] (BadMethodCallException(code: 0): Call to undefined method Illuminate\\Database\\Eloquent\\Builder::query() at E:/1KERJAAN/Telisik Studio/Dashboard HSE/hse-dashboard/hse-backend/vendor/laravel/framework/src/Illuminate/Support/Traits/ForwardsCalls.php:67)
[stacktrace]
#0 E:/1KERJAAN/Telisik Studio/Dashboard HSE/hse-dashboard/hse-backend/vendor/laravel/framework/src/Illuminate/Support/Traits/ForwardsCalls.php(36): Illuminate/Database/Eloquent/Builder::throwBadMethodCallException('query')
#1 E:/1KERJAAN/Telisik Studio/Dashboard HSE/hse-dashboard/hse-backend/vendor/laravel/framework/src/Illuminate/Database/Eloquent/Builder.php(2123): Illuminate/Database/Eloquent/Builder->forwardCallTo(Object(Illuminate/Database/Query/Builder), 'query', Array)
#2 E:/1KERJAAN/Telisik Studio/Dashboard HSE/hse-dashboard/hse-backend/app/Http/Controllers/Api/PermitController.php(23): Illuminate/Database/Eloquent/Builder->__call('query', Array)
#3 E:/1KERJAAN/Telisik Studio/Dashboard HSE/hse-dashboard/hse-backend/vendor/laravel/framework/src/Illuminate/Routing/ControllerDispatcher.php(47): App/Http/Controllers/Api/PermitController->index(Object(Illuminate/Http/Request))
#4 E:/1KERJAAN/Telisik Studio/Dashboard HSE/hse-dashboard/hse-backend/vendor/laravel/framework/src/Illuminate/Routing/Route.php(266): Illuminate/Routing/ControllerDispatcher->dispatch(Object(Illuminate/Routing/Route), Object(App/Http/Controllers/Api/PermitController), 'index')
#5 E:/1KERJAAN/Telisik Studio/Dashboard HSE/hse-dashboard/hse-backend/vendor/laravel/framework/src/Illuminate/Routing/Route.php(212): Illuminate/Routing/Route->runController()
#6 E:/1KERJAAN/Telisik Studio/Dashboard HSE/hse-dashboard/hse-backend/vendor/laravel/framework/src/Illuminate/Routing/Router.php(808): Illuminate/Routing/Route->run()
#7 E:/1KERJAAN/Telisik Studio/Dashboard HSE/hse-dashboard/hse-backend/vendor/laravel/framework/src/Illuminate/Pipeline/Pipeline.php(170): Illuminate/Routing/Router->Illuminate/Routing/{closure}(Object(Illuminate/Http/Request))
#8 E:/1KERJAAN/Telisik Studio/Dashboard HSE/hse-dashboard/hse-backend/app/Http/Middleware/EnsureAnyPermission.php(26): Illuminate/Pipeline/Pipeline->Illuminate/Pipeline/{closure}(Object(Illuminate/Http/Request))
#9 E:/1KERJAAN/Telisik Studio/Dashboard HSE/hse-dashboard/hse-backend/vendor/laravel/framework/src/Illuminate/Pipeline/Pipeline.php(209): App/Http/Middleware/EnsureAnyPermission->handle(Object(Illuminate/Http/Request), Object(Closure), 'permits', 'permits_own')
#10 E:/1KERJAAN/Telisik Studio/Dashboard HSE/hse-dashboard/hse-backend/vendor/laravel/framework/src/Illuminate/Routing/Middleware/SubstituteBindings.php(51): Illuminate/Pipeline/Pipeline->Illuminate/Pipeline/{closure}(Object(Illuminate/Http/Request))
#11 E:/1KERJAAN/Telisik Studio/Dashboard HSE/hse-dashboard/hse-backend/vendor/laravel/framework/src/Illuminate/Pipeline/Pipeline.php(209): Illuminate/Routing/Middleware/SubstituteBindings->handle(Object(Illuminate/Http/Request), Object(Closure))
#12 E:/1KERJAAN/Telisik Studio/Dashboard HSE/hse-dashboard/hse-backend/vendor/laravel/framework/src/Illuminate/Auth/Middleware/Authenticate.php(64): Illuminate/Pipeline/Pipeline->Illuminate/Pipeline/{closure}(Object(Illuminate/Http/Request))
#13 E:/1KERJAAN/Telisik Studio/Dashboard HSE/hse-dashboard/hse-backend/vendor/laravel/framework/src/Illuminate/Pipeline/Pipeline.php(209): Illuminate/Auth/Middleware/Authenticate->handle(Object(Illuminate/Http/Request), Object(Closure), 'sanctum')
#14 E:/1KERJAAN/Telisik Studio/Dashboard HSE/hse-dashboard/hse-backend/vendor/laravel/sanctum/src/Http/Middleware/EnsureFrontendRequestsAreStateful.php(26): Illuminate/Pipeline/Pipeline->Illuminate/Pipeline/{closure}(Object(Illuminate/Http/Request))
#15 E:/1KERJAAN/Telisik Studio/Dashboard HSE/hse-dashboard/hse-backend/vendor/laravel/framework/src/Illuminate/Pipeline/Pipeline.php(170): Laravel/Sanctum/Http/Middleware/EnsureFrontendRequestsAreStateful->Laravel/Sanctum/Http/Middleware/{closure}(Object(Illuminate/Http/Request))
#16 E:/1KERJAAN/Telisik Studio/Dashboard HSE/hse-dashboard/hse-backend/vendor/laravel/sanctum/src/Http/Middleware/AuthenticateSession.php(60): Illuminate/Pipeline/Pipeline->Illuminate/Pipeline/{closure}(Object(Illuminate/Http/Request))
#17 E:/1KERJAAN/Telisik Studio/Dashboard HSE/hse-dashboard/hse-backend/vendor/laravel/framework/src/Illuminate/Pipeline/Pipeline.php(209): Laravel/Sanctum/Http/Middleware/AuthenticateSession->handle(Object(Illuminate/Http/Request), Object(Closure))
#18 E:/1KERJAAN/Telisik Studio/Dashboard HSE/hse-dashboard/hse-backend/vendor/laravel/framework/src/Illuminate/Foundation/Http/Middleware/VerifyCsrfToken.php(88): Illuminate/Pipeline/Pipeline->Illuminate/Pipeline/{closure}(Object(Illuminate/Http/Request))
#19 E:/1KERJAAN/Telisik Studio/Dashboard HSE/hse-dashboard/hse-backend/vendor/laravel/framework/src/Illuminate/Pipeline/Pipeline.php(209): Illuminate/Foundation/Http/Middleware/VerifyCsrfToken->handle(Object(Illuminate/Http/Request), Object(Closure))
#20 E:/1KERJAAN/Telisik Studio/Dashboard HSE/hse-dashboard/hse-backend/vendor/laravel/framework/src/Illuminate/Session/Middleware/StartSession.php(121): Illuminate/Pipeline/Pipeline->Illuminate/Pipeline/{closure}(Object(Illuminate/Http/Request))
#21 E:/1KERJAAN/Telisik Studio/Dashboard HSE/hse-dashboard/hse-backend/vendor/laravel/framework/src/Illuminate/Session/Middleware/StartSession.php(64): Illuminate/Session/Middleware/StartSession->handleStatefulRequest(Object(Illuminate/Http/Request), Object(Illuminate/Session/Store), Object(Closure))
#22 E:/1KERJAAN/Telisik Studio/Dashboard HSE/hse-dashboard/hse-backend/vendor/laravel/framework/src/Illuminate/Pipeline/Pipeline.php(209): Illuminate/Session/Middleware/StartSession->handle(Object(Illuminate/Http/Request), Object(Closure))
#23 E:/1KERJAAN/Telisik Studio/Dashboard HSE/hse-dashboard/hse-backend/vendor/laravel/framework/src/Illuminate/Cookie/Middleware/AddQueuedCookiesToResponse.php(37): Illuminate/Pipeline/Pipeline->Illuminate/Pipeline/{closure}(Object(Illuminate/Http/Request))
#24 E:/1KERJAAN/Telisik Studio/Dashboard HSE/hse-dashboard/hse-backend/vendor/laravel/framework/src/Illuminate/Pipeline/Pipeline.php(209): Illuminate/Cookie/Middleware/AddQueuedCookiesToResponse->handle(Object(Illuminate/Http/Request), Object(Closure))
#25 E:/1KERJAAN/Telisik Studio/Dashboard HSE/hse-dashboard/hse-backend/vendor/laravel/framework/src/Illuminate/Cookie/Middleware/EncryptCookies.php(75): Illuminate/Pipeline/Pipeline->Illuminate/Pipeline/{closure}(Object(Illuminate/Http/Request))
#26 E:/1KERJAAN/Telisik Studio/Dashboard HSE/hse-dashboard/hse-backend/vendor/laravel/framework/src/Illuminate/Pipeline/Pipeline.php(209): Illuminate/Cookie/Middleware/EncryptCookies->handle(Object(Illuminate/Http/Request), Object(Closure))
#27 E:/1KERJAAN/Telisik Studio/Dashboard HSE/hse-dashboard/hse-backend/vendor/laravel/sanctum/src/Http/Middleware/EnsureFrontendRequestsAreStateful.php(61): Illuminate/Pipeline/Pipeline->Illuminate/Pipeline/{closure}(Object(Illuminate/Http/Request))
#28 E:/1KERJAAN/Telisik Studio/Dashboard HSE/hse-dashboard/hse-backend/vendor/laravel/framework/src/Illuminate/Pipeline/Pipeline.php(191): Laravel/Sanctum/Http/Middleware/EnsureFrontendRequestsAreStateful->Laravel/Sanctum/Http/Middleware/{closure}(Object(Illuminate/Http/Request), Object(Closure))
#29 E:/1KERJAAN/Telisik Studio/Dashboard HSE/hse-dashboard/hse-backend/vendor/laravel/framework/src/Illuminate/Pipeline/Pipeline.php(127): Illuminate/Pipeline/Pipeline->Illuminate/Pipeline/{closure}(Object(Illuminate/Http/Request))
#30 E:/1KERJAAN/Telisik Studio/Dashboard HSE/hse-dashboard/hse-backend/vendor/laravel/sanctum/src/Http/Middleware/EnsureFrontendRequestsAreStateful.php(25): Illuminate/Pipeline/Pipeline->then(Object(Closure))
#31 E:/1KERJAAN/Telisik Studio/Dashboard HSE/hse-dashboard/hse-backend/vendor/laravel/framework/src/Illuminate/Pipeline/Pipeline.php(209): Laravel/Sanctum/Http/Middleware/EnsureFrontendRequestsAreStateful->handle(Object(Illuminate/Http/Request), Object(Closure))
#32 E:/1KERJAAN/Telisik Studio/Dashboard HSE/hse-dashboard/hse-backend/vendor/laravel/framework/src/Illuminate/Pipeline/Pipeline.php(127): Illuminate/Pipeline/Pipeline->Illuminate/Pipeline/{closure}(Object(Illuminate/Http/Request))
#33 E:/1KERJAAN/Telisik Studio/Dashboard HSE/hse-dashboard/hse-backend/vendor/laravel/framework/src/Illuminate/Routing/Router.php(807): Illuminate/Pipeline/Pipeline->then(Object(Closure))
#34 E:/1KERJAAN/Telisik Studio/Dashboard HSE/hse-dashboard/hse-backend/vendor/laravel/framework/src/Illuminate/Routing/Router.php(786): Illuminate/Routing/Router->runRouteWithinStack(Object(Illuminate/Routing/Route), Object(Illuminate/Http/Request))
#35 E:/1KERJAAN/Telisik Studio/Dashboard HSE/hse-dashboard/hse-backend/vendor/laravel/framework/src/Illuminate/Routing/Router.php(750): Illuminate/Routing/Router->runRoute(Object(Illuminate/Http/Request), Object(Illuminate/Routing/Route))
#36 E:/1KERJAAN/Telisik Studio/Dashboard HSE/hse-dashboard/hse-backend/vendor/laravel/framework/src/Illuminate/Routing/Router.php(739): Illuminate/Routing/Router->dispatchToRoute(Object(Illuminate/Http/Request))
#37 E:/1KERJAAN/Telisik Studio/Dashboard HSE/hse-dashboard/hse-backend/vendor/laravel/framework/src/Illuminate/Foundation/Http/Kernel.php(201): Illuminate/Routing/Router->dispatch(Object(Illuminate/Http/Request))
#38 E:/1KERJAAN/Telisik Studio/Dashboard HSE/hse-dashboard/hse-backend/vendor/laravel/framework/src/Illuminate/Pipeline/Pipeline.php(170): Illuminate/Foundation/Http/Kernel->Illuminate/Foundation/Http/{closure}(Object(Illuminate/Http/Request))
#39 E:/1KERJAAN/Telisik Studio/Dashboard HSE/hse-dashboard/hse-backend/vendor/laravel/framework/src/Illuminate/Foundation/Http/Middleware/TransformsRequest.php(21): Illuminate/Pipeline/Pipeline->Illuminate/Pipeline/{closure}(Object(Illuminate/Http/Request))
#40 E:/1KERJAAN/Telisik Studio/Dashboard HSE/hse-dashboard/hse-backend/vendor/laravel/framework/src/Illuminate/Foundation/Http/Middleware/ConvertEmptyStringsToNull.php(31): Illuminate/Foundation/Http/Middleware/TransformsRequest->handle(Object(Illuminate/Http/Request), Object(Closure))
#41 E:/1KERJAAN/Telisik Studio/Dashboard HSE/hse-dashboard/hse-backend/vendor/laravel/framework/src/Illuminate/Pipeline/Pipeline.php(209): Illuminate/Foundation/Http/Middleware/ConvertEmptyStringsToNull->handle(Object(Illuminate/Http/Request), Object(Closure))
#42 E:/1KERJAAN/Telisik Studio/Dashboard HSE/hse-dashboard/hse-backend/vendor/laravel/framework/src/Illuminate/Foundation/Http/Middleware/TransformsRequest.php(21): Illuminate/Pipeline/Pipeline->Illuminate/Pipeline/{closure}(Object(Illuminate/Http/Request))
#43 E:/1KERJAAN/Telisik Studio/Dashboard HSE/hse-dashboard/hse-backend/vendor/laravel/framework/src/Illuminate/Foundation/Http/Middleware/TrimStrings.php(51): Illuminate/Foundation/Http/Middleware/TransformsRequest->handle(Object(Illuminate/Http/Request), Object(Closure))
#44 E:/1KERJAAN/Telisik Studio/Dashboard HSE/hse-dashboard/hse-backend/vendor/laravel/framework/src/Illuminate/Pipeline/Pipeline.php(209): Illuminate/Foundation/Http/Middleware/TrimStrings->handle(Object(Illuminate/Http/Request), Object(Closure))
#45 E:/1KERJAAN/Telisik Studio/Dashboard HSE/hse-dashboard/hse-backend/vendor/laravel/framework/src/Illuminate/Http/Middleware/ValidatePostSize.php(27): Illuminate/Pipeline/Pipeline->Illuminate/Pipeline/{closure}(Object(Illuminate/Http/Request))
#46 E:/1KERJAAN/Telisik Studio/Dashboard HSE/hse-dashboard/hse-backend/vendor/laravel/framework/src/Illuminate/Pipeline/Pipeline.php(209): Illuminate/Http/Middleware/ValidatePostSize->handle(Object(Illuminate/Http/Request), Object(Closure))
#47 E:/1KERJAAN/Telisik Studio/Dashboard HSE/hse-dashboard/hse-backend/vendor/laravel/framework/src/Illuminate/Foundation/Http/Middleware/PreventRequestsDuringMaintenance.php(110): Illuminate/Pipeline/Pipeline->Illuminate/Pipeline/{closure}(Object(Illuminate/Http/Request))
#48 E:/1KERJAAN/Telisik Studio/Dashboard HSE/hse-dashboard/hse-backend/vendor/laravel/framework/src/Illuminate/Pipeline/Pipeline.php(209): Illuminate/Foundation/Http/Middleware/PreventRequestsDuringMaintenance->handle(Object(Illuminate/Http/Request), Object(Closure))
#49 E:/1KERJAAN/Telisik Studio/Dashboard HSE/hse-dashboard/hse-backend/vendor/laravel/framework/src/Illuminate/Http/Middleware/HandleCors.php(62): Illuminate/Pipeline/Pipeline->Illuminate/Pipeline/{closure}(Object(Illuminate/Http/Request))
#50 E:/1KERJAAN/Telisik Studio/Dashboard HSE/hse-dashboard/hse-backend/vendor/laravel/framework/src/Illuminate/Pipeline/Pipeline.php(209): Illuminate/Http/Middleware/HandleCors->handle(Object(Illuminate/Http/Request), Object(Closure))
#51 E:/1KERJAAN/Telisik Studio/Dashboard HSE/hse-dashboard/hse-backend/vendor/laravel/framework/src/Illuminate/Http/Middleware/TrustProxies.php(58): Illuminate/Pipeline/Pipeline->Illuminate/Pipeline/{closure}(Object(Illuminate/Http/Request))
#52 E:/1KERJAAN/Telisik Studio/Dashboard HSE/hse-dashboard/hse-backend/vendor/laravel/framework/src/Illuminate/Pipeline/Pipeline.php(209): Illuminate/Http/Middleware/TrustProxies->handle(Object(Illuminate/Http/Request), Object(Closure))
#53 E:/1KERJAAN/Telisik Studio/Dashboard HSE/hse-dashboard/hse-backend/vendor/laravel/framework/src/Illuminate/Foundation/Http/Middleware/InvokeDeferredCallbacks.php(22): Illuminate/Pipeline/Pipeline->Illuminate/Pipeline/{closure}(Object(Illuminate/Http/Request))
#54 E:/1KERJAAN/Telisik Studio/Dashboard HSE/hse-dashboard/hse-backend/vendor/laravel/framework/src/Illuminate/Pipeline/Pipeline.php(209): Illuminate/Foundation/Http/Middleware/InvokeDeferredCallbacks->handle(Object(Illuminate/Http/Request), Object(Closure))
#55 E:/1KERJAAN/Telisik Studio/Dashboard HSE/hse-dashboard/hse-backend/vendor/laravel/framework/src/Illuminate/Pipeline/Pipeline.php(127): Illuminate/Pipeline/Pipeline->Illuminate/Pipeline/{closure}(Object(Illuminate/Http/Request))
#56 E:/1KERJAAN/Telisik Studio/Dashboard HSE/hse-dashboard/hse-backend/vendor/laravel/framework/src/Illuminate/Foundation/Http/Kernel.php(176): Illuminate/Pipeline/Pipeline->then(Object(Closure))
#57 E:/1KERJAAN/Telisik Studio/Dashboard HSE/hse-dashboard/hse-backend/vendor/laravel/framework/src/Illuminate/Foundation/Http/Kernel.php(145): Illuminate/Foundation/Http/Kernel->sendRequestThroughRouter(Object(Illuminate/Http/Request))
#58 E:/1KERJAAN/Telisik Studio/Dashboard HSE/hse-dashboard/hse-backend/vendor/laravel/framework/src/Illuminate/Foundation/Application.php(1220): Illuminate/Foundation/Http/Kernel->handle(Object(Illuminate/Http/Request))
#59 E:/1KERJAAN/Telisik Studio/Dashboard HSE/hse-dashboard/hse-backend/public/index.php(17): Illuminate/Foundation/Application->handleRequest(Object(Illuminate/Http/Request))
#60 E:/1KERJAAN/Telisik Studio/Dashboard HSE/hse-dashboard/hse-backend/vendor/laravel/framework/src/Illuminate/Foundation/resources/server.php(23): require_once('E://1KERJAAN//Tel...')
#61 {main}
"} 
[2026-08-04 17:13:44] local.ERROR: Call to undefined method Illuminate\Database\Eloquent\Builder::query() {"userId":2,"exception":"[object] (BadMethodCallException(code: 0): Call to undefined method Illuminate\\Database\\Eloquent\\Builder::query() at E:/1KERJAAN/Telisik Studio/Dashboard HSE/hse-dashboard/hse-backend/vendor/laravel/framework/src/Illuminate/Support/Traits/ForwardsCalls.php:67)
[stacktrace]
#0 E:/1KERJAAN/Telisik Studio/Dashboard HSE/hse-dashboard/hse-backend/vendor/laravel/framework/src/Illuminate/Support/Traits/ForwardsCalls.php(36): Illuminate/Database/Eloquent/Builder::throwBadMethodCallException('query')
#1 E:/1KERJAAN/Telisik Studio/Dashboard HSE/hse-dashboard/hse-backend/vendor/laravel/framework/src/Illuminate/Database/Eloquent/Builder.php(2123): Illuminate/Database/Eloquent/Builder->forwardCallTo(Object(Illuminate/Database/Query/Builder), 'query', Array)
#2 E:/1KERJAAN/Telisik Studio/Dashboard HSE/hse-dashboard/hse-backend/app/Http/Controllers/Api/PermitController.php(23): Illuminate/Database/Eloquent/Builder->__call('query', Array)
#3 E:/1KERJAAN/Telisik Studio/Dashboard HSE/hse-dashboard/hse-backend/vendor/laravel/framework/src/Illuminate/Routing/ControllerDispatcher.php(47): App/Http/Controllers/Api/PermitController->index(Object(Illuminate/Http/Request))
#4 E:/1KERJAAN/Telisik Studio/Dashboard HSE/hse-dashboard/hse-backend/vendor/laravel/framework/src/Illuminate/Routing/Route.php(266): Illuminate/Routing/ControllerDispatcher->dispatch(Object(Illuminate/Routing/Route), Object(App/Http/Controllers/Api/PermitController), 'index')
#5 E:/1KERJAAN/Telisik Studio/Dashboard HSE/hse-dashboard/hse-backend/vendor/laravel/framework/src/Illuminate/Routing/Route.php(212): Illuminate/Routing/Route->runController()
#6 E:/1KERJAAN/Telisik Studio/Dashboard HSE/hse-dashboard/hse-backend/vendor/laravel/framework/src/Illuminate/Routing/Router.php(808): Illuminate/Routing/Route->run()
#7 E:/1KERJAAN/Telisik Studio/Dashboard HSE/hse-dashboard/hse-backend/vendor/laravel/framework/src/Illuminate/Pipeline/Pipeline.php(170): Illuminate/Routing/Router->Illuminate/Routing/{closure}(Object(Illuminate/Http/Request))
#8 E:/1KERJAAN/Telisik Studio/Dashboard HSE/hse-dashboard/hse-backend/app/Http/Middleware/EnsureAnyPermission.php(26): Illuminate/Pipeline/Pipeline->Illuminate/Pipeline/{closure}(Object(Illuminate/Http/Request))
#9 E:/1KERJAAN/Telisik Studio/Dashboard HSE/hse-dashboard/hse-backend/vendor/laravel/framework/src/Illuminate/Pipeline/Pipeline.php(209): App/Http/Middleware/EnsureAnyPermission->handle(Object(Illuminate/Http/Request), Object(Closure), 'permits', 'permits_own')
#10 E:/1KERJAAN/Telisik Studio/Dashboard HSE/hse-dashboard/hse-backend/vendor/laravel/framework/src/Illuminate/Routing/Middleware/SubstituteBindings.php(51): Illuminate/Pipeline/Pipeline->Illuminate/Pipeline/{closure}(Object(Illuminate/Http/Request))
#11 E:/1KERJAAN/Telisik Studio/Dashboard HSE/hse-dashboard/hse-backend/vendor/laravel/framework/src/Illuminate/Pipeline/Pipeline.php(209): Illuminate/Routing/Middleware/SubstituteBindings->handle(Object(Illuminate/Http/Request), Object(Closure))
#12 E:/1KERJAAN/Telisik Studio/Dashboard HSE/hse-dashboard/hse-backend/vendor/laravel/framework/src/Illuminate/Auth/Middleware/Authenticate.php(64): Illuminate/Pipeline/Pipeline->Illuminate/Pipeline/{closure}(Object(Illuminate/Http/Request))
#13 E:/1KERJAAN/Telisik Studio/Dashboard HSE/hse-dashboard/hse-backend/vendor/laravel/framework/src/Illuminate/Pipeline/Pipeline.php(209): Illuminate/Auth/Middleware/Authenticate->handle(Object(Illuminate/Http/Request), Object(Closure), 'sanctum')
#14 E:/1KERJAAN/Telisik Studio/Dashboard HSE/hse-dashboard/hse-backend/vendor/laravel/sanctum/src/Http/Middleware/EnsureFrontendRequestsAreStateful.php(26): Illuminate/Pipeline/Pipeline->Illuminate/Pipeline/{closure}(Object(Illuminate/Http/Request))
#15 E:/1KERJAAN/Telisik Studio/Dashboard HSE/hse-dashboard/hse-backend/vendor/laravel/framework/src/Illuminate/Pipeline/Pipeline.php(170): Laravel/Sanctum/Http/Middleware/EnsureFrontendRequestsAreStateful->Laravel/Sanctum/Http/Middleware/{closure}(Object(Illuminate/Http/Request))
#16 E:/1KERJAAN/Telisik Studio/Dashboard HSE/hse-dashboard/hse-backend/vendor/laravel/sanctum/src/Http/Middleware/AuthenticateSession.php(60): Illuminate/Pipeline/Pipeline->Illuminate/Pipeline/{closure}(Object(Illuminate/Http/Request))
#17 E:/1KERJAAN/Telisik Studio/Dashboard HSE/hse-dashboard/hse-backend/vendor/laravel/framework/src/Illuminate/Pipeline/Pipeline.php(209): Laravel/Sanctum/Http/Middleware/AuthenticateSession->handle(Object(Illuminate/Http/Request), Object(Closure))
#18 E:/1KERJAAN/Telisik Studio/Dashboard HSE/hse-dashboard/hse-backend/vendor/laravel/framework/src/Illuminate/Foundation/Http/Middleware/VerifyCsrfToken.php(88): Illuminate/Pipeline/Pipeline->Illuminate/Pipeline/{closure}(Object(Illuminate/Http/Request))
#19 E:/1KERJAAN/Telisik Studio/Dashboard HSE/hse-dashboard/hse-backend/vendor/laravel/framework/src/Illuminate/Pipeline/Pipeline.php(209): Illuminate/Foundation/Http/Middleware/VerifyCsrfToken->handle(Object(Illuminate/Http/Request), Object(Closure))
#20 E:/1KERJAAN/Telisik Studio/Dashboard HSE/hse-dashboard/hse-backend/vendor/laravel/framework/src/Illuminate/Session/Middleware/StartSession.php(121): Illuminate/Pipeline/Pipeline->Illuminate/Pipeline/{closure}(Object(Illuminate/Http/Request))
#21 E:/1KERJAAN/Telisik Studio/Dashboard HSE/hse-dashboard/hse-backend/vendor/laravel/framework/src/Illuminate/Session/Middleware/StartSession.php(64): Illuminate/Session/Middleware/StartSession->handleStatefulRequest(Object(Illuminate/Http/Request), Object(Illuminate/Session/Store), Object(Closure))
#22 E:/1KERJAAN/Telisik Studio/Dashboard HSE/hse-dashboard/hse-backend/vendor/laravel/framework/src/Illuminate/Pipeline/Pipeline.php(209): Illuminate/Session/Middleware/StartSession->handle(Object(Illuminate/Http/Request), Object(Closure))
#23 E:/1KERJAAN/Telisik Studio/Dashboard HSE/hse-dashboard/hse-backend/vendor/laravel/framework/src/Illuminate/Cookie/Middleware/AddQueuedCookiesToResponse.php(37): Illuminate/Pipeline/Pipeline->Illuminate/Pipeline/{closure}(Object(Illuminate/Http/Request))
#24 E:/1KERJAAN/Telisik Studio/Dashboard HSE/hse-dashboard/hse-backend/vendor/laravel/framework/src/Illuminate/Pipeline/Pipeline.php(209): Illuminate/Cookie/Middleware/AddQueuedCookiesToResponse->handle(Object(Illuminate/Http/Request), Object(Closure))
#25 E:/1KERJAAN/Telisik Studio/Dashboard HSE/hse-dashboard/hse-backend/vendor/laravel/framework/src/Illuminate/Cookie/Middleware/EncryptCookies.php(75): Illuminate/Pipeline/Pipeline->Illuminate/Pipeline/{closure}(Object(Illuminate/Http/Request))
#26 E:/1KERJAAN/Telisik Studio/Dashboard HSE/hse-dashboard/hse-backend/vendor/laravel/framework/src/Illuminate/Pipeline/Pipeline.php(209): Illuminate/Cookie/Middleware/EncryptCookies->handle(Object(Illuminate/Http/Request), Object(Closure))
#27 E:/1KERJAAN/Telisik Studio/Dashboard HSE/hse-dashboard/hse-backend/vendor/laravel/sanctum/src/Http/Middleware/EnsureFrontendRequestsAreStateful.php(61): Illuminate/Pipeline/Pipeline->Illuminate/Pipeline/{closure}(Object(Illuminate/Http/Request))
#28 E:/1KERJAAN/Telisik Studio/Dashboard HSE/hse-dashboard/hse-backend/vendor/laravel/framework/src/Illuminate/Pipeline/Pipeline.php(191): Laravel/Sanctum/Http/Middleware/EnsureFrontendRequestsAreStateful->Laravel/Sanctum/Http/Middleware/{closure}(Object(Illuminate/Http/Request), Object(Closure))
#29 E:/1KERJAAN/Telisik Studio/Dashboard HSE/hse-dashboard/hse-backend/vendor/laravel/framework/src/Illuminate/Pipeline/Pipeline.php(127): Illuminate/Pipeline/Pipeline->Illuminate/Pipeline/{closure}(Object(Illuminate/Http/Request))
#30 E:/1KERJAAN/Telisik Studio/Dashboard HSE/hse-dashboard/hse-backend/vendor/laravel/sanctum/src/Http/Middleware/EnsureFrontendRequestsAreStateful.php(25): Illuminate/Pipeline/Pipeline->then(Object(Closure))
#31 E:/1KERJAAN/Telisik Studio/Dashboard HSE/hse-dashboard/hse-backend/vendor/laravel/framework/src/Illuminate/Pipeline/Pipeline.php(209): Laravel/Sanctum/Http/Middleware/EnsureFrontendRequestsAreStateful->handle(Object(Illuminate/Http/Request), Object(Closure))
#32 E:/1KERJAAN/Telisik Studio/Dashboard HSE/hse-dashboard/hse-backend/vendor/laravel/framework/src/Illuminate/Pipeline/Pipeline.php(127): Illuminate/Pipeline/Pipeline->Illuminate/Pipeline/{closure}(Object(Illuminate/Http/Request))
#33 E:/1KERJAAN/Telisik Studio/Dashboard HSE/hse-dashboard/hse-backend/vendor/laravel/framework/src/Illuminate/Routing/Router.php(807): Illuminate/Pipeline/Pipeline->then(Object(Closure))
#34 E:/1KERJAAN/Telisik Studio/Dashboard HSE/hse-dashboard/hse-backend/vendor/laravel/framework/src/Illuminate/Routing/Router.php(786): Illuminate/Routing/Router->runRouteWithinStack(Object(Illuminate/Routing/Route), Object(Illuminate/Http/Request))
#35 E:/1KERJAAN/Telisik Studio/Dashboard HSE/hse-dashboard/hse-backend/vendor/laravel/framework/src/Illuminate/Routing/Router.php(750): Illuminate/Routing/Router->runRoute(Object(Illuminate/Http/Request), Object(Illuminate/Routing/Route))
#36 E:/1KERJAAN/Telisik Studio/Dashboard HSE/hse-dashboard/hse-backend/vendor/laravel/framework/src/Illuminate/Routing/Router.php(739): Illuminate/Routing/Router->dispatchToRoute(Object(Illuminate/Http/Request))
#37 E:/1KERJAAN/Telisik Studio/Dashboard HSE/hse-dashboard/hse-backend/vendor/laravel/framework/src/Illuminate/Foundation/Http/Kernel.php(201): Illuminate/Routing/Router->dispatch(Object(Illuminate/Http/Request))
#38 E:/1KERJAAN/Telisik Studio/Dashboard HSE/hse-dashboard/hse-backend/vendor/laravel/framework/src/Illuminate/Pipeline/Pipeline.php(170): Illuminate/Foundation/Http/Kernel->Illuminate/Foundation/Http/{closure}(Object(Illuminate/Http/Request))
#39 E:/1KERJAAN/Telisik Studio/Dashboard HSE/hse-dashboard/hse-backend/vendor/laravel/framework/src/Illuminate/Foundation/Http/Middleware/TransformsRequest.php(21): Illuminate/Pipeline/Pipeline->Illuminate/Pipeline/{closure}(Object(Illuminate/Http/Request))
#40 E:/1KERJAAN/Telisik Studio/Dashboard HSE/hse-dashboard/hse-backend/vendor/laravel/framework/src/Illuminate/Foundation/Http/Middleware/ConvertEmptyStringsToNull.php(31): Illuminate/Foundation/Http/Middleware/TransformsRequest->handle(Object(Illuminate/Http/Request), Object(Closure))
#41 E:/1KERJAAN/Telisik Studio/Dashboard HSE/hse-dashboard/hse-backend/vendor/laravel/framework/src/Illuminate/Pipeline/Pipeline.php(209): Illuminate/Foundation/Http/Middleware/ConvertEmptyStringsToNull->handle(Object(Illuminate/Http/Request), Object(Closure))
#42 E:/1KERJAAN/Telisik Studio/Dashboard HSE/hse-dashboard/hse-backend/vendor/laravel/framework/src/Illuminate/Foundation/Http/Middleware/TransformsRequest.php(21): Illuminate/Pipeline/Pipeline->Illuminate/Pipeline/{closure}(Object(Illuminate/Http/Request))
#43 E:/1KERJAAN/Telisik Studio/Dashboard HSE/hse-dashboard/hse-backend/vendor/laravel/framework/src/Illuminate/Foundation/Http/Middleware/TrimStrings.php(51): Illuminate/Foundation/Http/Middleware/TransformsRequest->handle(Object(Illuminate/Http/Request), Object(Closure))
#44 E:/1KERJAAN/Telisik Studio/Dashboard HSE/hse-dashboard/hse-backend/vendor/laravel/framework/src/Illuminate/Pipeline/Pipeline.php(209): Illuminate/Foundation/Http/Middleware/TrimStrings->handle(Object(Illuminate/Http/Request), Object(Closure))
#45 E:/1KERJAAN/Telisik Studio/Dashboard HSE/hse-dashboard/hse-backend/vendor/laravel/framework/src/Illuminate/Http/Middleware/ValidatePostSize.php(27): Illuminate/Pipeline/Pipeline->Illuminate/Pipeline/{closure}(Object(Illuminate/Http/Request))
#46 E:/1KERJAAN/Telisik Studio/Dashboard HSE/hse-dashboard/hse-backend/vendor/laravel/framework/src/Illuminate/Pipeline/Pipeline.php(209): Illuminate/Http/Middleware/ValidatePostSize->handle(Object(Illuminate/Http/Request), Object(Closure))
#47 E:/1KERJAAN/Telisik Studio/Dashboard HSE/hse-dashboard/hse-backend/vendor/laravel/framework/src/Illuminate/Foundation/Http/Middleware/PreventRequestsDuringMaintenance.php(110): Illuminate/Pipeline/Pipeline->Illuminate/Pipeline/{closure}(Object(Illuminate/Http/Request))
#48 E:/1KERJAAN/Telisik Studio/Dashboard HSE/hse-dashboard/hse-backend/vendor/laravel/framework/src/Illuminate/Pipeline/Pipeline.php(209): Illuminate/Foundation/Http/Middleware/PreventRequestsDuringMaintenance->handle(Object(Illuminate/Http/Request), Object(Closure))
#49 E:/1KERJAAN/Telisik Studio/Dashboard HSE/hse-dashboard/hse-backend/vendor/laravel/framework/src/Illuminate/Http/Middleware/HandleCors.php(62): Illuminate/Pipeline/Pipeline->Illuminate/Pipeline/{closure}(Object(Illuminate/Http/Request))
#50 E:/1KERJAAN/Telisik Studio/Dashboard HSE/hse-dashboard/hse-backend/vendor/laravel/framework/src/Illuminate/Pipeline/Pipeline.php(209): Illuminate/Http/Middleware/HandleCors->handle(Object(Illuminate/Http/Request), Object(Closure))
#51 E:/1KERJAAN/Telisik Studio/Dashboard HSE/hse-dashboard/hse-backend/vendor/laravel/framework/src/Illuminate/Http/Middleware/TrustProxies.php(58): Illuminate/Pipeline/Pipeline->Illuminate/Pipeline/{closure}(Object(Illuminate/Http/Request))
#52 E:/1KERJAAN/Telisik Studio/Dashboard HSE/hse-dashboard/hse-backend/vendor/laravel/framework/src/Illuminate/Pipeline/Pipeline.php(209): Illuminate/Http/Middleware/TrustProxies->handle(Object(Illuminate/Http/Request), Object(Closure))
#53 E:/1KERJAAN/Telisik Studio/Dashboard HSE/hse-dashboard/hse-backend/vendor/laravel/framework/src/Illuminate/Foundation/Http/Middleware/InvokeDeferredCallbacks.php(22): Illuminate/Pipeline/Pipeline->Illuminate/Pipeline/{closure}(Object(Illuminate/Http/Request))
#54 E:/1KERJAAN/Telisik Studio/Dashboard HSE/hse-dashboard/hse-backend/vendor/laravel/framework/src/Illuminate/Pipeline/Pipeline.php(209): Illuminate/Foundation/Http/Middleware/InvokeDeferredCallbacks->handle(Object(Illuminate/Http/Request), Object(Closure))
#55 E:/1KERJAAN/Telisik Studio/Dashboard HSE/hse-dashboard/hse-backend/vendor/laravel/framework/src/Illuminate/Pipeline/Pipeline.php(127): Illuminate/Pipeline/Pipeline->Illuminate/Pipeline/{closure}(Object(Illuminate/Http/Request))
#56 E:/1KERJAAN/Telisik Studio/Dashboard HSE/hse-dashboard/hse-backend/vendor/laravel/framework/src/Illuminate/Foundation/Http/Kernel.php(176): Illuminate/Pipeline/Pipeline->then(Object(Closure))
#57 E:/1KERJAAN/Telisik Studio/Dashboard HSE/hse-dashboard/hse-backend/vendor/laravel/framework/src/Illuminate/Foundation/Http/Kernel.php(145): Illuminate/Foundation/Http/Kernel->sendRequestThroughRouter(Object(Illuminate/Http/Request))
#58 E:/1KERJAAN/Telisik Studio/Dashboard HSE/hse-dashboard/hse-backend/vendor/laravel/framework/src/Illuminate/Foundation/Application.php(1220): Illuminate/Foundation/Http/Kernel->handle(Object(Illuminate/Http/Request))
#59 E:/1KERJAAN/Telisik Studio/Dashboard HSE/hse-dashboard/hse-backend/public/index.php(17): Illuminate/Foundation/Application->handleRequest(Object(Illuminate/Http/Request))
#60 E:/1KERJAAN/Telisik Studio/Dashboard HSE/hse-dashboard/hse-backend/vendor/laravel/framework/src/Illuminate/Foundation/resources/server.php(23): require_once('E://1KERJAAN//Tel...')
#61 {main}
"} 
[2026-08-04 17:13:46] local.ERROR: Call to undefined method Illuminate\Database\Eloquent\Builder::query() {"userId":2,"exception":"[object] (BadMethodCallException(code: 0): Call to undefined method Illuminate\\Database\\Eloquent\\Builder::query() at E:/1KERJAAN/Telisik Studio/Dashboard HSE/hse-dashboard/hse-backend/vendor/laravel/framework/src/Illuminate/Support/Traits/ForwardsCalls.php:67)
[stacktrace]
#0 E:/1KERJAAN/Telisik Studio/Dashboard HSE/hse-dashboard/hse-backend/vendor/laravel/framework/src/Illuminate/Support/Traits/ForwardsCalls.php(36): Illuminate/Database/Eloquent/Builder::throwBadMethodCallException('query')
#1 E:/1KERJAAN/Telisik Studio/Dashboard HSE/hse-dashboard/hse-backend/vendor/laravel/framework/src/Illuminate/Database/Eloquent/Builder.php(2123): Illuminate/Database/Eloquent/Builder->forwardCallTo(Object(Illuminate/Database/Query/Builder), 'query', Array)
#2 E:/1KERJAAN/Telisik Studio/Dashboard HSE/hse-dashboard/hse-backend/app/Http/Controllers/Api/PermitController.php(23): Illuminate/Database/Eloquent/Builder->__call('query', Array)
#3 E:/1KERJAAN/Telisik Studio/Dashboard HSE/hse-dashboard/hse-backend/vendor/laravel/framework/src/Illuminate/Routing/ControllerDispatcher.php(47): App/Http/Controllers/Api/PermitController->index(Object(Illuminate/Http/Request))
#4 E:/1KERJAAN/Telisik Studio/Dashboard HSE/hse-dashboard/hse-backend/vendor/laravel/framework/src/Illuminate/Routing/Route.php(266): Illuminate/Routing/ControllerDispatcher->dispatch(Object(Illuminate/Routing/Route), Object(App/Http/Controllers/Api/PermitController), 'index')
#5 E:/1KERJAAN/Telisik Studio/Dashboard HSE/hse-dashboard/hse-backend/vendor/laravel/framework/src/Illuminate/Routing/Route.php(212): Illuminate/Routing/Route->runController()
#6 E:/1KERJAAN/Telisik Studio/Dashboard HSE/hse-dashboard/hse-backend/vendor/laravel/framework/src/Illuminate/Routing/Router.php(808): Illuminate/Routing/Route->run()
#7 E:/1KERJAAN/Telisik Studio/Dashboard HSE/hse-dashboard/hse-backend/vendor/laravel/framework/src/Illuminate/Pipeline/Pipeline.php(170): Illuminate/Routing/Router->Illuminate/Routing/{closure}(Object(Illuminate/Http/Request))
#8 E:/1KERJAAN/Telisik Studio/Dashboard HSE/hse-dashboard/hse-backend/app/Http/Middleware/EnsureAnyPermission.php(26): Illuminate/Pipeline/Pipeline->Illuminate/Pipeline/{closure}(Object(Illuminate/Http/Request))
#9 E:/1KERJAAN/Telisik Studio/Dashboard HSE/hse-dashboard/hse-backend/vendor/laravel/framework/src/Illuminate/Pipeline/Pipeline.php(209): App/Http/Middleware/EnsureAnyPermission->handle(Object(Illuminate/Http/Request), Object(Closure), 'permits', 'permits_own')
#10 E:/1KERJAAN/Telisik Studio/Dashboard HSE/hse-dashboard/hse-backend/vendor/laravel/framework/src/Illuminate/Routing/Middleware/SubstituteBindings.php(51): Illuminate/Pipeline/Pipeline->Illuminate/Pipeline/{closure}(Object(Illuminate/Http/Request))
#11 E:/1KERJAAN/Telisik Studio/Dashboard HSE/hse-dashboard/hse-backend/vendor/laravel/framework/src/Illuminate/Pipeline/Pipeline.php(209): Illuminate/Routing/Middleware/SubstituteBindings->handle(Object(Illuminate/Http/Request), Object(Closure))
#12 E:/1KERJAAN/Telisik Studio/Dashboard HSE/hse-dashboard/hse-backend/vendor/laravel/framework/src/Illuminate/Auth/Middleware/Authenticate.php(64): Illuminate/Pipeline/Pipeline->Illuminate/Pipeline/{closure}(Object(Illuminate/Http/Request))
#13 E:/1KERJAAN/Telisik Studio/Dashboard HSE/hse-dashboard/hse-backend/vendor/laravel/framework/src/Illuminate/Pipeline/Pipeline.php(209): Illuminate/Auth/Middleware/Authenticate->handle(Object(Illuminate/Http/Request), Object(Closure), 'sanctum')
#14 E:/1KERJAAN/Telisik Studio/Dashboard HSE/hse-dashboard/hse-backend/vendor/laravel/sanctum/src/Http/Middleware/EnsureFrontendRequestsAreStateful.php(26): Illuminate/Pipeline/Pipeline->Illuminate/Pipeline/{closure}(Object(Illuminate/Http/Request))
#15 E:/1KERJAAN/Telisik Studio/Dashboard HSE/hse-dashboard/hse-backend/vendor/laravel/framework/src/Illuminate/Pipeline/Pipeline.php(170): Laravel/Sanctum/Http/Middleware/EnsureFrontendRequestsAreStateful->Laravel/Sanctum/Http/Middleware/{closure}(Object(Illuminate/Http/Request))
#16 E:/1KERJAAN/Telisik Studio/Dashboard HSE/hse-dashboard/hse-backend/vendor/laravel/sanctum/src/Http/Middleware/AuthenticateSession.php(60): Illuminate/Pipeline/Pipeline->Illuminate/Pipeline/{closure}(Object(Illuminate/Http/Request))
#17 E:/1KERJAAN/Telisik Studio/Dashboard HSE/hse-dashboard/hse-backend/vendor/laravel/framework/src/Illuminate/Pipeline/Pipeline.php(209): Laravel/Sanctum/Http/Middleware/AuthenticateSession->handle(Object(Illuminate/Http/Request), Object(Closure))
#18 E:/1KERJAAN/Telisik Studio/Dashboard HSE/hse-dashboard/hse-backend/vendor/laravel/framework/src/Illuminate/Foundation/Http/Middleware/VerifyCsrfToken.php(88): Illuminate/Pipeline/Pipeline->Illuminate/Pipeline/{closure}(Object(Illuminate/Http/Request))
#19 E:/1KERJAAN/Telisik Studio/Dashboard HSE/hse-dashboard/hse-backend/vendor/laravel/framework/src/Illuminate/Pipeline/Pipeline.php(209): Illuminate/Foundation/Http/Middleware/VerifyCsrfToken->handle(Object(Illuminate/Http/Request), Object(Closure))
#20 E:/1KERJAAN/Telisik Studio/Dashboard HSE/hse-dashboard/hse-backend/vendor/laravel/framework/src/Illuminate/Session/Middleware/StartSession.php(121): Illuminate/Pipeline/Pipeline->Illuminate/Pipeline/{closure}(Object(Illuminate/Http/Request))
#21 E:/1KERJAAN/Telisik Studio/Dashboard HSE/hse-dashboard/hse-backend/vendor/laravel/framework/src/Illuminate/Session/Middleware/StartSession.php(64): Illuminate/Session/Middleware/StartSession->handleStatefulRequest(Object(Illuminate/Http/Request), Object(Illuminate/Session/Store), Object(Closure))
#22 E:/1KERJAAN/Telisik Studio/Dashboard HSE/hse-dashboard/hse-backend/vendor/laravel/framework/src/Illuminate/Pipeline/Pipeline.php(209): Illuminate/Session/Middleware/StartSession->handle(Object(Illuminate/Http/Request), Object(Closure))
#23 E:/1KERJAAN/Telisik Studio/Dashboard HSE/hse-dashboard/hse-backend/vendor/laravel/framework/src/Illuminate/Cookie/Middleware/AddQueuedCookiesToResponse.php(37): Illuminate/Pipeline/Pipeline->Illuminate/Pipeline/{closure}(Object(Illuminate/Http/Request))
#24 E:/1KERJAAN/Telisik Studio/Dashboard HSE/hse-dashboard/hse-backend/vendor/laravel/framework/src/Illuminate/Pipeline/Pipeline.php(209): Illuminate/Cookie/Middleware/AddQueuedCookiesToResponse->handle(Object(Illuminate/Http/Request), Object(Closure))
#25 E:/1KERJAAN/Telisik Studio/Dashboard HSE/hse-dashboard/hse-backend/vendor/laravel/framework/src/Illuminate/Cookie/Middleware/EncryptCookies.php(75): Illuminate/Pipeline/Pipeline->Illuminate/Pipeline/{closure}(Object(Illuminate/Http/Request))
#26 E:/1KERJAAN/Telisik Studio/Dashboard HSE/hse-dashboard/hse-backend/vendor/laravel/framework/src/Illuminate/Pipeline/Pipeline.php(209): Illuminate/Cookie/Middleware/EncryptCookies->handle(Object(Illuminate/Http/Request), Object(Closure))
#27 E:/1KERJAAN/Telisik Studio/Dashboard HSE/hse-dashboard/hse-backend/vendor/laravel/sanctum/src/Http/Middleware/EnsureFrontendRequestsAreStateful.php(61): Illuminate/Pipeline/Pipeline->Illuminate/Pipeline/{closure}(Object(Illuminate/Http/Request))
#28 E:/1KERJAAN/Telisik Studio/Dashboard HSE/hse-dashboard/hse-backend/vendor/laravel/framework/src/Illuminate/Pipeline/Pipeline.php(191): Laravel/Sanctum/Http/Middleware/EnsureFrontendRequestsAreStateful->Laravel/Sanctum/Http/Middleware/{closure}(Object(Illuminate/Http/Request), Object(Closure))
#29 E:/1KERJAAN/Telisik Studio/Dashboard HSE/hse-dashboard/hse-backend/vendor/laravel/framework/src/Illuminate/Pipeline/Pipeline.php(127): Illuminate/Pipeline/Pipeline->Illuminate/Pipeline/{closure}(Object(Illuminate/Http/Request))
#30 E:/1KERJAAN/Telisik Studio/Dashboard HSE/hse-dashboard/hse-backend/vendor/laravel/sanctum/src/Http/Middleware/EnsureFrontendRequestsAreStateful.php(25): Illuminate/Pipeline/Pipeline->then(Object(Closure))
#31 E:/1KERJAAN/Telisik Studio/Dashboard HSE/hse-dashboard/hse-backend/vendor/laravel/framework/src/Illuminate/Pipeline/Pipeline.php(209): Laravel/Sanctum/Http/Middleware/EnsureFrontendRequestsAreStateful->handle(Object(Illuminate/Http/Request), Object(Closure))
#32 E:/1KERJAAN/Telisik Studio/Dashboard HSE/hse-dashboard/hse-backend/vendor/laravel/framework/src/Illuminate/Pipeline/Pipeline.php(127): Illuminate/Pipeline/Pipeline->Illuminate/Pipeline/{closure}(Object(Illuminate/Http/Request))
#33 E:/1KERJAAN/Telisik Studio/Dashboard HSE/hse-dashboard/hse-backend/vendor/laravel/framework/src/Illuminate/Routing/Router.php(807): Illuminate/Pipeline/Pipeline->then(Object(Closure))
#34 E:/1KERJAAN/Telisik Studio/Dashboard HSE/hse-dashboard/hse-backend/vendor/laravel/framework/src/Illuminate/Routing/Router.php(786): Illuminate/Routing/Router->runRouteWithinStack(Object(Illuminate/Routing/Route), Object(Illuminate/Http/Request))
#35 E:/1KERJAAN/Telisik Studio/Dashboard HSE/hse-dashboard/hse-backend/vendor/laravel/framework/src/Illuminate/Routing/Router.php(750): Illuminate/Routing/Router->runRoute(Object(Illuminate/Http/Request), Object(Illuminate/Routing/Route))
#36 E:/1KERJAAN/Telisik Studio/Dashboard HSE/hse-dashboard/hse-backend/vendor/laravel/framework/src/Illuminate/Routing/Router.php(739): Illuminate/Routing/Router->dispatchToRoute(Object(Illuminate/Http/Request))
#37 E:/1KERJAAN/Telisik Studio/Dashboard HSE/hse-dashboard/hse-backend/vendor/laravel/framework/src/Illuminate/Foundation/Http/Kernel.php(201): Illuminate/Routing/Router->dispatch(Object(Illuminate/Http/Request))
#38 E:/1KERJAAN/Telisik Studio/Dashboard HSE/hse-dashboard/hse-backend/vendor/laravel/framework/src/Illuminate/Pipeline/Pipeline.php(170): Illuminate/Foundation/Http/Kernel->Illuminate/Foundation/Http/{closure}(Object(Illuminate/Http/Request))
#39 E:/1KERJAAN/Telisik Studio/Dashboard HSE/hse-dashboard/hse-backend/vendor/laravel/framework/src/Illuminate/Foundation/Http/Middleware/TransformsRequest.php(21): Illuminate/Pipeline/Pipeline->Illuminate/Pipeline/{closure}(Object(Illuminate/Http/Request))
#40 E:/1KERJAAN/Telisik Studio/Dashboard HSE/hse-dashboard/hse-backend/vendor/laravel/framework/src/Illuminate/Foundation/Http/Middleware/ConvertEmptyStringsToNull.php(31): Illuminate/Foundation/Http/Middleware/TransformsRequest->handle(Object(Illuminate/Http/Request), Object(Closure))
#41 E:/1KERJAAN/Telisik Studio/Dashboard HSE/hse-dashboard/hse-backend/vendor/laravel/framework/src/Illuminate/Pipeline/Pipeline.php(209): Illuminate/Foundation/Http/Middleware/ConvertEmptyStringsToNull->handle(Object(Illuminate/Http/Request), Object(Closure))
#42 E:/1KERJAAN/Telisik Studio/Dashboard HSE/hse-dashboard/hse-backend/vendor/laravel/framework/src/Illuminate/Foundation/Http/Middleware/TransformsRequest.php(21): Illuminate/Pipeline/Pipeline->Illuminate/Pipeline/{closure}(Object(Illuminate/Http/Request))
#43 E:/1KERJAAN/Telisik Studio/Dashboard HSE/hse-dashboard/hse-backend/vendor/laravel/framework/src/Illuminate/Foundation/Http/Middleware/TrimStrings.php(51): Illuminate/Foundation/Http/Middleware/TransformsRequest->handle(Object(Illuminate/Http/Request), Object(Closure))
#44 E:/1KERJAAN/Telisik Studio/Dashboard HSE/hse-dashboard/hse-backend/vendor/laravel/framework/src/Illuminate/Pipeline/Pipeline.php(209): Illuminate/Foundation/Http/Middleware/TrimStrings->handle(Object(Illuminate/Http/Request), Object(Closure))
#45 E:/1KERJAAN/Telisik Studio/Dashboard HSE/hse-dashboard/hse-backend/vendor/laravel/framework/src/Illuminate/Http/Middleware/ValidatePostSize.php(27): Illuminate/Pipeline/Pipeline->Illuminate/Pipeline/{closure}(Object(Illuminate/Http/Request))
#46 E:/1KERJAAN/Telisik Studio/Dashboard HSE/hse-dashboard/hse-backend/vendor/laravel/framework/src/Illuminate/Pipeline/Pipeline.php(209): Illuminate/Http/Middleware/ValidatePostSize->handle(Object(Illuminate/Http/Request), Object(Closure))
#47 E:/1KERJAAN/Telisik Studio/Dashboard HSE/hse-dashboard/hse-backend/vendor/laravel/framework/src/Illuminate/Foundation/Http/Middleware/PreventRequestsDuringMaintenance.php(110): Illuminate/Pipeline/Pipeline->Illuminate/Pipeline/{closure}(Object(Illuminate/Http/Request))
#48 E:/1KERJAAN/Telisik Studio/Dashboard HSE/hse-dashboard/hse-backend/vendor/laravel/framework/src/Illuminate/Pipeline/Pipeline.php(209): Illuminate/Foundation/Http/Middleware/PreventRequestsDuringMaintenance->handle(Object(Illuminate/Http/Request), Object(Closure))
#49 E:/1KERJAAN/Telisik Studio/Dashboard HSE/hse-dashboard/hse-backend/vendor/laravel/framework/src/Illuminate/Http/Middleware/HandleCors.php(62): Illuminate/Pipeline/Pipeline->Illuminate/Pipeline/{closure}(Object(Illuminate/Http/Request))
#50 E:/1KERJAAN/Telisik Studio/Dashboard HSE/hse-dashboard/hse-backend/vendor/laravel/framework/src/Illuminate/Pipeline/Pipeline.php(209): Illuminate/Http/Middleware/HandleCors->handle(Object(Illuminate/Http/Request), Object(Closure))
#51 E:/1KERJAAN/Telisik Studio/Dashboard HSE/hse-dashboard/hse-backend/vendor/laravel/framework/src/Illuminate/Http/Middleware/TrustProxies.php(58): Illuminate/Pipeline/Pipeline->Illuminate/Pipeline/{closure}(Object(Illuminate/Http/Request))
#52 E:/1KERJAAN/Telisik Studio/Dashboard HSE/hse-dashboard/hse-backend/vendor/laravel/framework/src/Illuminate/Pipeline/Pipeline.php(209): Illuminate/Http/Middleware/TrustProxies->handle(Object(Illuminate/Http/Request), Object(Closure))
#53 E:/1KERJAAN/Telisik Studio/Dashboard HSE/hse-dashboard/hse-backend/vendor/laravel/framework/src/Illuminate/Foundation/Http/Middleware/InvokeDeferredCallbacks.php(22): Illuminate/Pipeline/Pipeline->Illuminate/Pipeline/{closure}(Object(Illuminate/Http/Request))
#54 E:/1KERJAAN/Telisik Studio/Dashboard HSE/hse-dashboard/hse-backend/vendor/laravel/framework/src/Illuminate/Pipeline/Pipeline.php(209): Illuminate/Foundation/Http/Middleware/InvokeDeferredCallbacks->handle(Object(Illuminate/Http/Request), Object(Closure))
#55 E:/1KERJAAN/Telisik Studio/Dashboard HSE/hse-dashboard/hse-backend/vendor/laravel/framework/src/Illuminate/Pipeline/Pipeline.php(127): Illuminate/Pipeline/Pipeline->Illuminate/Pipeline/{closure}(Object(Illuminate/Http/Request))
#56 E:/1KERJAAN/Telisik Studio/Dashboard HSE/hse-dashboard/hse-backend/vendor/laravel/framework/src/Illuminate/Foundation/Http/Kernel.php(176): Illuminate/Pipeline/Pipeline->then(Object(Closure))
#57 E:/1KERJAAN/Telisik Studio/Dashboard HSE/hse-dashboard/hse-backend/vendor/laravel/framework/src/Illuminate/Foundation/Http/Kernel.php(145): Illuminate/Foundation/Http/Kernel->sendRequestThroughRouter(Object(Illuminate/Http/Request))
#58 E:/1KERJAAN/Telisik Studio/Dashboard HSE/hse-dashboard/hse-backend/vendor/laravel/framework/src/Illuminate/Foundation/Application.php(1220): Illuminate/Foundation/Http/Kernel->handle(Object(Illuminate/Http/Request))
#59 E:/1KERJAAN/Telisik Studio/Dashboard HSE/hse-dashboard/hse-backend/public/index.php(17): Illuminate/Foundation/Application->handleRequest(Object(Illuminate/Http/Request))
#60 E:/1KERJAAN/Telisik Studio/Dashboard HSE/hse-dashboard/hse-backend/vendor/laravel/framework/src/Illuminate/Foundation/resources/server.php(23): require_once('E://1KERJAAN//Tel...')
#61 {main}
"} 
[2026-08-04 17:13:47] local.ERROR: Call to undefined method Illuminate\Database\Eloquent\Builder::query() {"userId":2,"exception":"[object] (BadMethodCallException(code: 0): Call to undefined method Illuminate\\Database\\Eloquent\\Builder::query() at E:/1KERJAAN/Telisik Studio/Dashboard HSE/hse-dashboard/hse-backend/vendor/laravel/framework/src/Illuminate/Support/Traits/ForwardsCalls.php:67)
[stacktrace]
#0 E:/1KERJAAN/Telisik Studio/Dashboard HSE/hse-dashboard/hse-backend/vendor/laravel/framework/src/Illuminate/Support/Traits/ForwardsCalls.php(36): Illuminate/Database/Eloquent/Builder::throwBadMethodCallException('query')
#1 E:/1KERJAAN/Telisik Studio/Dashboard HSE/hse-dashboard/hse-backend/vendor/laravel/framework/src/Illuminate/Database/Eloquent/Builder.php(2123): Illuminate/Database/Eloquent/Builder->forwardCallTo(Object(Illuminate/Database/Query/Builder), 'query', Array)
#2 E:/1KERJAAN/Telisik Studio/Dashboard HSE/hse-dashboard/hse-backend/app/Http/Controllers/Api/PermitController.php(23): Illuminate/Database/Eloquent/Builder->__call('query', Array)
#3 E:/1KERJAAN/Telisik Studio/Dashboard HSE/hse-dashboard/hse-backend/vendor/laravel/framework/src/Illuminate/Routing/ControllerDispatcher.php(47): App/Http/Controllers/Api/PermitController->index(Object(Illuminate/Http/Request))
#4 E:/1KERJAAN/Telisik Studio/Dashboard HSE/hse-dashboard/hse-backend/vendor/laravel/framework/src/Illuminate/Routing/Route.php(266): Illuminate/Routing/ControllerDispatcher->dispatch(Object(Illuminate/Routing/Route), Object(App/Http/Controllers/Api/PermitController), 'index')
#5 E:/1KERJAAN/Telisik Studio/Dashboard HSE/hse-dashboard/hse-backend/vendor/laravel/framework/src/Illuminate/Routing/Route.php(212): Illuminate/Routing/Route->runController()
#6 E:/1KERJAAN/Telisik Studio/Dashboard HSE/hse-dashboard/hse-backend/vendor/laravel/framework/src/Illuminate/Routing/Router.php(808): Illuminate/Routing/Route->run()
#7 E:/1KERJAAN/Telisik Studio/Dashboard HSE/hse-dashboard/hse-backend/vendor/laravel/framework/src/Illuminate/Pipeline/Pipeline.php(170): Illuminate/Routing/Router->Illuminate/Routing/{closure}(Object(Illuminate/Http/Request))
#8 E:/1KERJAAN/Telisik Studio/Dashboard HSE/hse-dashboard/hse-backend/app/Http/Middleware/EnsureAnyPermission.php(26): Illuminate/Pipeline/Pipeline->Illuminate/Pipeline/{closure}(Object(Illuminate/Http/Request))
#9 E:/1KERJAAN/Telisik Studio/Dashboard HSE/hse-dashboard/hse-backend/vendor/laravel/framework/src/Illuminate/Pipeline/Pipeline.php(209): App/Http/Middleware/EnsureAnyPermission->handle(Object(Illuminate/Http/Request), Object(Closure), 'permits', 'permits_own')
#10 E:/1KERJAAN/Telisik Studio/Dashboard HSE/hse-dashboard/hse-backend/vendor/laravel/framework/src/Illuminate/Routing/Middleware/SubstituteBindings.php(51): Illuminate/Pipeline/Pipeline->Illuminate/Pipeline/{closure}(Object(Illuminate/Http/Request))
#11 E:/1KERJAAN/Telisik Studio/Dashboard HSE/hse-dashboard/hse-backend/vendor/laravel/framework/src/Illuminate/Pipeline/Pipeline.php(209): Illuminate/Routing/Middleware/SubstituteBindings->handle(Object(Illuminate/Http/Request), Object(Closure))
#12 E:/1KERJAAN/Telisik Studio/Dashboard HSE/hse-dashboard/hse-backend/vendor/laravel/framework/src/Illuminate/Auth/Middleware/Authenticate.php(64): Illuminate/Pipeline/Pipeline->Illuminate/Pipeline/{closure}(Object(Illuminate/Http/Request))
#13 E:/1KERJAAN/Telisik Studio/Dashboard HSE/hse-dashboard/hse-backend/vendor/laravel/framework/src/Illuminate/Pipeline/Pipeline.php(209): Illuminate/Auth/Middleware/Authenticate->handle(Object(Illuminate/Http/Request), Object(Closure), 'sanctum')
#14 E:/1KERJAAN/Telisik Studio/Dashboard HSE/hse-dashboard/hse-backend/vendor/laravel/sanctum/src/Http/Middleware/EnsureFrontendRequestsAreStateful.php(26): Illuminate/Pipeline/Pipeline->Illuminate/Pipeline/{closure}(Object(Illuminate/Http/Request))
#15 E:/1KERJAAN/Telisik Studio/Dashboard HSE/hse-dashboard/hse-backend/vendor/laravel/framework/src/Illuminate/Pipeline/Pipeline.php(170): Laravel/Sanctum/Http/Middleware/EnsureFrontendRequestsAreStateful->Laravel/Sanctum/Http/Middleware/{closure}(Object(Illuminate/Http/Request))
#16 E:/1KERJAAN/Telisik Studio/Dashboard HSE/hse-dashboard/hse-backend/vendor/laravel/sanctum/src/Http/Middleware/AuthenticateSession.php(60): Illuminate/Pipeline/Pipeline->Illuminate/Pipeline/{closure}(Object(Illuminate/Http/Request))
#17 E:/1KERJAAN/Telisik Studio/Dashboard HSE/hse-dashboard/hse-backend/vendor/laravel/framework/src/Illuminate/Pipeline/Pipeline.php(209): Laravel/Sanctum/Http/Middleware/AuthenticateSession->handle(Object(Illuminate/Http/Request), Object(Closure))
#18 E:/1KERJAAN/Telisik Studio/Dashboard HSE/hse-dashboard/hse-backend/vendor/laravel/framework/src/Illuminate/Foundation/Http/Middleware/VerifyCsrfToken.php(88): Illuminate/Pipeline/Pipeline->Illuminate/Pipeline/{closure}(Object(Illuminate/Http/Request))
#19 E:/1KERJAAN/Telisik Studio/Dashboard HSE/hse-dashboard/hse-backend/vendor/laravel/framework/src/Illuminate/Pipeline/Pipeline.php(209): Illuminate/Foundation/Http/Middleware/VerifyCsrfToken->handle(Object(Illuminate/Http/Request), Object(Closure))
#20 E:/1KERJAAN/Telisik Studio/Dashboard HSE/hse-dashboard/hse-backend/vendor/laravel/framework/src/Illuminate/Session/Middleware/StartSession.php(121): Illuminate/Pipeline/Pipeline->Illuminate/Pipeline/{closure}(Object(Illuminate/Http/Request))
#21 E:/1KERJAAN/Telisik Studio/Dashboard HSE/hse-dashboard/hse-backend/vendor/laravel/framework/src/Illuminate/Session/Middleware/StartSession.php(64): Illuminate/Session/Middleware/StartSession->handleStatefulRequest(Object(Illuminate/Http/Request), Object(Illuminate/Session/Store), Object(Closure))
#22 E:/1KERJAAN/Telisik Studio/Dashboard HSE/hse-dashboard/hse-backend/vendor/laravel/framework/src/Illuminate/Pipeline/Pipeline.php(209): Illuminate/Session/Middleware/StartSession->handle(Object(Illuminate/Http/Request), Object(Closure))
#23 E:/1KERJAAN/Telisik Studio/Dashboard HSE/hse-dashboard/hse-backend/vendor/laravel/framework/src/Illuminate/Cookie/Middleware/AddQueuedCookiesToResponse.php(37): Illuminate/Pipeline/Pipeline->Illuminate/Pipeline/{closure}(Object(Illuminate/Http/Request))
#24 E:/1KERJAAN/Telisik Studio/Dashboard HSE/hse-dashboard/hse-backend/vendor/laravel/framework/src/Illuminate/Pipeline/Pipeline.php(209): Illuminate/Cookie/Middleware/AddQueuedCookiesToResponse->handle(Object(Illuminate/Http/Request), Object(Closure))
#25 E:/1KERJAAN/Telisik Studio/Dashboard HSE/hse-dashboard/hse-backend/vendor/laravel/framework/src/Illuminate/Cookie/Middleware/EncryptCookies.php(75): Illuminate/Pipeline/Pipeline->Illuminate/Pipeline/{closure}(Object(Illuminate/Http/Request))
#26 E:/1KERJAAN/Telisik Studio/Dashboard HSE/hse-dashboard/hse-backend/vendor/laravel/framework/src/Illuminate/Pipeline/Pipeline.php(209): Illuminate/Cookie/Middleware/EncryptCookies->handle(Object(Illuminate/Http/Request), Object(Closure))
#27 E:/1KERJAAN/Telisik Studio/Dashboard HSE/hse-dashboard/hse-backend/vendor/laravel/sanctum/src/Http/Middleware/EnsureFrontendRequestsAreStateful.php(61): Illuminate/Pipeline/Pipeline->Illuminate/Pipeline/{closure}(Object(Illuminate/Http/Request))
#28 E:/1KERJAAN/Telisik Studio/Dashboard HSE/hse-dashboard/hse-backend/vendor/laravel/framework/src/Illuminate/Pipeline/Pipeline.php(191): Laravel/Sanctum/Http/Middleware/EnsureFrontendRequestsAreStateful->Laravel/Sanctum/Http/Middleware/{closure}(Object(Illuminate/Http/Request), Object(Closure))
#29 E:/1KERJAAN/Telisik Studio/Dashboard HSE/hse-dashboard/hse-backend/vendor/laravel/framework/src/Illuminate/Pipeline/Pipeline.php(127): Illuminate/Pipeline/Pipeline->Illuminate/Pipeline/{closure}(Object(Illuminate/Http/Request))
#30 E:/1KERJAAN/Telisik Studio/Dashboard HSE/hse-dashboard/hse-backend/vendor/laravel/sanctum/src/Http/Middleware/EnsureFrontendRequestsAreStateful.php(25): Illuminate/Pipeline/Pipeline->then(Object(Closure))
#31 E:/1KERJAAN/Telisik Studio/Dashboard HSE/hse-dashboard/hse-backend/vendor/laravel/framework/src/Illuminate/Pipeline/Pipeline.php(209): Laravel/Sanctum/Http/Middleware/EnsureFrontendRequestsAreStateful->handle(Object(Illuminate/Http/Request), Object(Closure))
#32 E:/1KERJAAN/Telisik Studio/Dashboard HSE/hse-dashboard/hse-backend/vendor/laravel/framework/src/Illuminate/Pipeline/Pipeline.php(127): Illuminate/Pipeline/Pipeline->Illuminate/Pipeline/{closure}(Object(Illuminate/Http/Request))
#33 E:/1KERJAAN/Telisik Studio/Dashboard HSE/hse-dashboard/hse-backend/vendor/laravel/framework/src/Illuminate/Routing/Router.php(807): Illuminate/Pipeline/Pipeline->then(Object(Closure))
#34 E:/1KERJAAN/Telisik Studio/Dashboard HSE/hse-dashboard/hse-backend/vendor/laravel/framework/src/Illuminate/Routing/Router.php(786): Illuminate/Routing/Router->runRouteWithinStack(Object(Illuminate/Routing/Route), Object(Illuminate/Http/Request))
#35 E:/1KERJAAN/Telisik Studio/Dashboard HSE/hse-dashboard/hse-backend/vendor/laravel/framework/src/Illuminate/Routing/Router.php(750): Illuminate/Routing/Router->runRoute(Object(Illuminate/Http/Request), Object(Illuminate/Routing/Route))
#36 E:/1KERJAAN/Telisik Studio/Dashboard HSE/hse-dashboard/hse-backend/vendor/laravel/framework/src/Illuminate/Routing/Router.php(739): Illuminate/Routing/Router->dispatchToRoute(Object(Illuminate/Http/Request))
#37 E:/1KERJAAN/Telisik Studio/Dashboard HSE/hse-dashboard/hse-backend/vendor/laravel/framework/src/Illuminate/Foundation/Http/Kernel.php(201): Illuminate/Routing/Router->dispatch(Object(Illuminate/Http/Request))
#38 E:/1KERJAAN/Telisik Studio/Dashboard HSE/hse-dashboard/hse-backend/vendor/laravel/framework/src/Illuminate/Pipeline/Pipeline.php(170): Illuminate/Foundation/Http/Kernel->Illuminate/Foundation/Http/{closure}(Object(Illuminate/Http/Request))
#39 E:/1KERJAAN/Telisik Studio/Dashboard HSE/hse-dashboard/hse-backend/vendor/laravel/framework/src/Illuminate/Foundation/Http/Middleware/TransformsRequest.php(21): Illuminate/Pipeline/Pipeline->Illuminate/Pipeline/{closure}(Object(Illuminate/Http/Request))
#40 E:/1KERJAAN/Telisik Studio/Dashboard HSE/hse-dashboard/hse-backend/vendor/laravel/framework/src/Illuminate/Foundation/Http/Middleware/ConvertEmptyStringsToNull.php(31): Illuminate/Foundation/Http/Middleware/TransformsRequest->handle(Object(Illuminate/Http/Request), Object(Closure))
#41 E:/1KERJAAN/Telisik Studio/Dashboard HSE/hse-dashboard/hse-backend/vendor/laravel/framework/src/Illuminate/Pipeline/Pipeline.php(209): Illuminate/Foundation/Http/Middleware/ConvertEmptyStringsToNull->handle(Object(Illuminate/Http/Request), Object(Closure))
#42 E:/1KERJAAN/Telisik Studio/Dashboard HSE/hse-dashboard/hse-backend/vendor/laravel/framework/src/Illuminate/Foundation/Http/Middleware/TransformsRequest.php(21): Illuminate/Pipeline/Pipeline->Illuminate/Pipeline/{closure}(Object(Illuminate/Http/Request))
#43 E:/1KERJAAN/Telisik Studio/Dashboard HSE/hse-dashboard/hse-backend/vendor/laravel/framework/src/Illuminate/Foundation/Http/Middleware/TrimStrings.php(51): Illuminate/Foundation/Http/Middleware/TransformsRequest->handle(Object(Illuminate/Http/Request), Object(Closure))
#44 E:/1KERJAAN/Telisik Studio/Dashboard HSE/hse-dashboard/hse-backend/vendor/laravel/framework/src/Illuminate/Pipeline/Pipeline.php(209): Illuminate/Foundation/Http/Middleware/TrimStrings->handle(Object(Illuminate/Http/Request), Object(Closure))
#45 E:/1KERJAAN/Telisik Studio/Dashboard HSE/hse-dashboard/hse-backend/vendor/laravel/framework/src/Illuminate/Http/Middleware/ValidatePostSize.php(27): Illuminate/Pipeline/Pipeline->Illuminate/Pipeline/{closure}(Object(Illuminate/Http/Request))
#46 E:/1KERJAAN/Telisik Studio/Dashboard HSE/hse-dashboard/hse-backend/vendor/laravel/framework/src/Illuminate/Pipeline/Pipeline.php(209): Illuminate/Http/Middleware/ValidatePostSize->handle(Object(Illuminate/Http/Request), Object(Closure))
#47 E:/1KERJAAN/Telisik Studio/Dashboard HSE/hse-dashboard/hse-backend/vendor/laravel/framework/src/Illuminate/Foundation/Http/Middleware/PreventRequestsDuringMaintenance.php(110): Illuminate/Pipeline/Pipeline->Illuminate/Pipeline/{closure}(Object(Illuminate/Http/Request))
#48 E:/1KERJAAN/Telisik Studio/Dashboard HSE/hse-dashboard/hse-backend/vendor/laravel/framework/src/Illuminate/Pipeline/Pipeline.php(209): Illuminate/Foundation/Http/Middleware/PreventRequestsDuringMaintenance->handle(Object(Illuminate/Http/Request), Object(Closure))
#49 E:/1KERJAAN/Telisik Studio/Dashboard HSE/hse-dashboard/hse-backend/vendor/laravel/framework/src/Illuminate/Http/Middleware/HandleCors.php(62): Illuminate/Pipeline/Pipeline->Illuminate/Pipeline/{closure}(Object(Illuminate/Http/Request))
#50 E:/1KERJAAN/Telisik Studio/Dashboard HSE/hse-dashboard/hse-backend/vendor/laravel/framework/src/Illuminate/Pipeline/Pipeline.php(209): Illuminate/Http/Middleware/HandleCors->handle(Object(Illuminate/Http/Request), Object(Closure))
#51 E:/1KERJAAN/Telisik Studio/Dashboard HSE/hse-dashboard/hse-backend/vendor/laravel/framework/src/Illuminate/Http/Middleware/TrustProxies.php(58): Illuminate/Pipeline/Pipeline->Illuminate/Pipeline/{closure}(Object(Illuminate/Http/Request))
#52 E:/1KERJAAN/Telisik Studio/Dashboard HSE/hse-dashboard/hse-backend/vendor/laravel/framework/src/Illuminate/Pipeline/Pipeline.php(209): Illuminate/Http/Middleware/TrustProxies->handle(Object(Illuminate/Http/Request), Object(Closure))
#53 E:/1KERJAAN/Telisik Studio/Dashboard HSE/hse-dashboard/hse-backend/vendor/laravel/framework/src/Illuminate/Foundation/Http/Middleware/InvokeDeferredCallbacks.php(22): Illuminate/Pipeline/Pipeline->Illuminate/Pipeline/{closure}(Object(Illuminate/Http/Request))
#54 E:/1KERJAAN/Telisik Studio/Dashboard HSE/hse-dashboard/hse-backend/vendor/laravel/framework/src/Illuminate/Pipeline/Pipeline.php(209): Illuminate/Foundation/Http/Middleware/InvokeDeferredCallbacks->handle(Object(Illuminate/Http/Request), Object(Closure))
#55 E:/1KERJAAN/Telisik Studio/Dashboard HSE/hse-dashboard/hse-backend/vendor/laravel/framework/src/Illuminate/Pipeline/Pipeline.php(127): Illuminate/Pipeline/Pipeline->Illuminate/Pipeline/{closure}(Object(Illuminate/Http/Request))
#56 E:/1KERJAAN/Telisik Studio/Dashboard HSE/hse-dashboard/hse-backend/vendor/laravel/framework/src/Illuminate/Foundation/Http/Kernel.php(176): Illuminate/Pipeline/Pipeline->then(Object(Closure))
#57 E:/1KERJAAN/Telisik Studio/Dashboard HSE/hse-dashboard/hse-backend/vendor/laravel/framework/src/Illuminate/Foundation/Http/Kernel.php(145): Illuminate/Foundation/Http/Kernel->sendRequestThroughRouter(Object(Illuminate/Http/Request))
#58 E:/1KERJAAN/Telisik Studio/Dashboard HSE/hse-dashboard/hse-backend/vendor/laravel/framework/src/Illuminate/Foundation/Application.php(1220): Illuminate/Foundation/Http/Kernel->handle(Object(Illuminate/Http/Request))
#59 E:/1KERJAAN/Telisik Studio/Dashboard HSE/hse-dashboard/hse-backend/public/index.php(17): Illuminate/Foundation/Application->handleRequest(Object(Illuminate/Http/Request))
#60 E:/1KERJAAN/Telisik Studio/Dashboard HSE/hse-dashboard/hse-backend/vendor/laravel/framework/src/Illuminate/Foundation/resources/server.php(23): require_once('E://1KERJAAN//Tel...')
#61 {main}
"} 
[2026-08-04 17:13:49] local.ERROR: Call to undefined method Illuminate\Database\Eloquent\Builder::query() {"userId":2,"exception":"[object] (BadMethodCallException(code: 0): Call to undefined method Illuminate\\Database\\Eloquent\\Builder::query() at E:/1KERJAAN/Telisik Studio/Dashboard HSE/hse-dashboard/hse-backend/vendor/laravel/framework/src/Illuminate/Support/Traits/ForwardsCalls.php:67)
[stacktrace]
#0 E:/1KERJAAN/Telisik Studio/Dashboard HSE/hse-dashboard/hse-backend/vendor/laravel/framework/src/Illuminate/Support/Traits/ForwardsCalls.php(36): Illuminate/Database/Eloquent/Builder::throwBadMethodCallException('query')
#1 E:/1KERJAAN/Telisik Studio/Dashboard HSE/hse-dashboard/hse-backend/vendor/laravel/framework/src/Illuminate/Database/Eloquent/Builder.php(2123): Illuminate/Database/Eloquent/Builder->forwardCallTo(Object(Illuminate/Database/Query/Builder), 'query', Array)
#2 E:/1KERJAAN/Telisik Studio/Dashboard HSE/hse-dashboard/hse-backend/app/Http/Controllers/Api/PermitController.php(23): Illuminate/Database/Eloquent/Builder->__call('query', Array)
#3 E:/1KERJAAN/Telisik Studio/Dashboard HSE/hse-dashboard/hse-backend/vendor/laravel/framework/src/Illuminate/Routing/ControllerDispatcher.php(47): App/Http/Controllers/Api/PermitController->index(Object(Illuminate/Http/Request))
#4 E:/1KERJAAN/Telisik Studio/Dashboard HSE/hse-dashboard/hse-backend/vendor/laravel/framework/src/Illuminate/Routing/Route.php(266): Illuminate/Routing/ControllerDispatcher->dispatch(Object(Illuminate/Routing/Route), Object(App/Http/Controllers/Api/PermitController), 'index')
#5 E:/1KERJAAN/Telisik Studio/Dashboard HSE/hse-dashboard/hse-backend/vendor/laravel/framework/src/Illuminate/Routing/Route.php(212): Illuminate/Routing/Route->runController()
#6 E:/1KERJAAN/Telisik Studio/Dashboard HSE/hse-dashboard/hse-backend/vendor/laravel/framework/src/Illuminate/Routing/Router.php(808): Illuminate/Routing/Route->run()
#7 E:/1KERJAAN/Telisik Studio/Dashboard HSE/hse-dashboard/hse-backend/vendor/laravel/framework/src/Illuminate/Pipeline/Pipeline.php(170): Illuminate/Routing/Router->Illuminate/Routing/{closure}(Object(Illuminate/Http/Request))
#8 E:/1KERJAAN/Telisik Studio/Dashboard HSE/hse-dashboard/hse-backend/app/Http/Middleware/EnsureAnyPermission.php(26): Illuminate/Pipeline/Pipeline->Illuminate/Pipeline/{closure}(Object(Illuminate/Http/Request))
#9 E:/1KERJAAN/Telisik Studio/Dashboard HSE/hse-dashboard/hse-backend/vendor/laravel/framework/src/Illuminate/Pipeline/Pipeline.php(209): App/Http/Middleware/EnsureAnyPermission->handle(Object(Illuminate/Http/Request), Object(Closure), 'permits', 'permits_own')
#10 E:/1KERJAAN/Telisik Studio/Dashboard HSE/hse-dashboard/hse-backend/vendor/laravel/framework/src/Illuminate/Routing/Middleware/SubstituteBindings.php(51): Illuminate/Pipeline/Pipeline->Illuminate/Pipeline/{closure}(Object(Illuminate/Http/Request))
#11 E:/1KERJAAN/Telisik Studio/Dashboard HSE/hse-dashboard/hse-backend/vendor/laravel/framework/src/Illuminate/Pipeline/Pipeline.php(209): Illuminate/Routing/Middleware/SubstituteBindings->handle(Object(Illuminate/Http/Request), Object(Closure))
#12 E:/1KERJAAN/Telisik Studio/Dashboard HSE/hse-dashboard/hse-backend/vendor/laravel/framework/src/Illuminate/Auth/Middleware/Authenticate.php(64): Illuminate/Pipeline/Pipeline->Illuminate/Pipeline/{closure}(Object(Illuminate/Http/Request))
#13 E:/1KERJAAN/Telisik Studio/Dashboard HSE/hse-dashboard/hse-backend/vendor/laravel/framework/src/Illuminate/Pipeline/Pipeline.php(209): Illuminate/Auth/Middleware/Authenticate->handle(Object(Illuminate/Http/Request), Object(Closure), 'sanctum')
#14 E:/1KERJAAN/Telisik Studio/Dashboard HSE/hse-dashboard/hse-backend/vendor/laravel/sanctum/src/Http/Middleware/EnsureFrontendRequestsAreStateful.php(26): Illuminate/Pipeline/Pipeline->Illuminate/Pipeline/{closure}(Object(Illuminate/Http/Request))
#15 E:/1KERJAAN/Telisik Studio/Dashboard HSE/hse-dashboard/hse-backend/vendor/laravel/framework/src/Illuminate/Pipeline/Pipeline.php(170): Laravel/Sanctum/Http/Middleware/EnsureFrontendRequestsAreStateful->Laravel/Sanctum/Http/Middleware/{closure}(Object(Illuminate/Http/Request))
#16 E:/1KERJAAN/Telisik Studio/Dashboard HSE/hse-dashboard/hse-backend/vendor/laravel/sanctum/src/Http/Middleware/AuthenticateSession.php(60): Illuminate/Pipeline/Pipeline->Illuminate/Pipeline/{closure}(Object(Illuminate/Http/Request))
#17 E:/1KERJAAN/Telisik Studio/Dashboard HSE/hse-dashboard/hse-backend/vendor/laravel/framework/src/Illuminate/Pipeline/Pipeline.php(209): Laravel/Sanctum/Http/Middleware/AuthenticateSession->handle(Object(Illuminate/Http/Request), Object(Closure))
#18 E:/1KERJAAN/Telisik Studio/Dashboard HSE/hse-dashboard/hse-backend/vendor/laravel/framework/src/Illuminate/Foundation/Http/Middleware/VerifyCsrfToken.php(88): Illuminate/Pipeline/Pipeline->Illuminate/Pipeline/{closure}(Object(Illuminate/Http/Request))
#19 E:/1KERJAAN/Telisik Studio/Dashboard HSE/hse-dashboard/hse-backend/vendor/laravel/framework/src/Illuminate/Pipeline/Pipeline.php(209): Illuminate/Foundation/Http/Middleware/VerifyCsrfToken->handle(Object(Illuminate/Http/Request), Object(Closure))
#20 E:/1KERJAAN/Telisik Studio/Dashboard HSE/hse-dashboard/hse-backend/vendor/laravel/framework/src/Illuminate/Session/Middleware/StartSession.php(121): Illuminate/Pipeline/Pipeline->Illuminate/Pipeline/{closure}(Object(Illuminate/Http/Request))
#21 E:/1KERJAAN/Telisik Studio/Dashboard HSE/hse-dashboard/hse-backend/vendor/laravel/framework/src/Illuminate/Session/Middleware/StartSession.php(64): Illuminate/Session/Middleware/StartSession->handleStatefulRequest(Object(Illuminate/Http/Request), Object(Illuminate/Session/Store), Object(Closure))
#22 E:/1KERJAAN/Telisik Studio/Dashboard HSE/hse-dashboard/hse-backend/vendor/laravel/framework/src/Illuminate/Pipeline/Pipeline.php(209): Illuminate/Session/Middleware/StartSession->handle(Object(Illuminate/Http/Request), Object(Closure))
#23 E:/1KERJAAN/Telisik Studio/Dashboard HSE/hse-dashboard/hse-backend/vendor/laravel/framework/src/Illuminate/Cookie/Middleware/AddQueuedCookiesToResponse.php(37): Illuminate/Pipeline/Pipeline->Illuminate/Pipeline/{closure}(Object(Illuminate/Http/Request))
#24 E:/1KERJAAN/Telisik Studio/Dashboard HSE/hse-dashboard/hse-backend/vendor/laravel/framework/src/Illuminate/Pipeline/Pipeline.php(209): Illuminate/Cookie/Middleware/AddQueuedCookiesToResponse->handle(Object(Illuminate/Http/Request), Object(Closure))
#25 E:/1KERJAAN/Telisik Studio/Dashboard HSE/hse-dashboard/hse-backend/vendor/laravel/framework/src/Illuminate/Cookie/Middleware/EncryptCookies.php(75): Illuminate/Pipeline/Pipeline->Illuminate/Pipeline/{closure}(Object(Illuminate/Http/Request))
#26 E:/1KERJAAN/Telisik Studio/Dashboard HSE/hse-dashboard/hse-backend/vendor/laravel/framework/src/Illuminate/Pipeline/Pipeline.php(209): Illuminate/Cookie/Middleware/EncryptCookies->handle(Object(Illuminate/Http/Request), Object(Closure))
#27 E:/1KERJAAN/Telisik Studio/Dashboard HSE/hse-dashboard/hse-backend/vendor/laravel/sanctum/src/Http/Middleware/EnsureFrontendRequestsAreStateful.php(61): Illuminate/Pipeline/Pipeline->Illuminate/Pipeline/{closure}(Object(Illuminate/Http/Request))
#28 E:/1KERJAAN/Telisik Studio/Dashboard HSE/hse-dashboard/hse-backend/vendor/laravel/framework/src/Illuminate/Pipeline/Pipeline.php(191): Laravel/Sanctum/Http/Middleware/EnsureFrontendRequestsAreStateful->Laravel/Sanctum/Http/Middleware/{closure}(Object(Illuminate/Http/Request), Object(Closure))
#29 E:/1KERJAAN/Telisik Studio/Dashboard HSE/hse-dashboard/hse-backend/vendor/laravel/framework/src/Illuminate/Pipeline/Pipeline.php(127): Illuminate/Pipeline/Pipeline->Illuminate/Pipeline/{closure}(Object(Illuminate/Http/Request))
#30 E:/1KERJAAN/Telisik Studio/Dashboard HSE/hse-dashboard/hse-backend/vendor/laravel/sanctum/src/Http/Middleware/EnsureFrontendRequestsAreStateful.php(25): Illuminate/Pipeline/Pipeline->then(Object(Closure))
#31 E:/1KERJAAN/Telisik Studio/Dashboard HSE/hse-dashboard/hse-backend/vendor/laravel/framework/src/Illuminate/Pipeline/Pipeline.php(209): Laravel/Sanctum/Http/Middleware/EnsureFrontendRequestsAreStateful->handle(Object(Illuminate/Http/Request), Object(Closure))
#32 E:/1KERJAAN/Telisik Studio/Dashboard HSE/hse-dashboard/hse-backend/vendor/laravel/framework/src/Illuminate/Pipeline/Pipeline.php(127): Illuminate/Pipeline/Pipeline->Illuminate/Pipeline/{closure}(Object(Illuminate/Http/Request))
#33 E:/1KERJAAN/Telisik Studio/Dashboard HSE/hse-dashboard/hse-backend/vendor/laravel/framework/src/Illuminate/Routing/Router.php(807): Illuminate/Pipeline/Pipeline->then(Object(Closure))
#34 E:/1KERJAAN/Telisik Studio/Dashboard HSE/hse-dashboard/hse-backend/vendor/laravel/framework/src/Illuminate/Routing/Router.php(786): Illuminate/Routing/Router->runRouteWithinStack(Object(Illuminate/Routing/Route), Object(Illuminate/Http/Request))
#35 E:/1KERJAAN/Telisik Studio/Dashboard HSE/hse-dashboard/hse-backend/vendor/laravel/framework/src/Illuminate/Routing/Router.php(750): Illuminate/Routing/Router->runRoute(Object(Illuminate/Http/Request), Object(Illuminate/Routing/Route))
#36 E:/1KERJAAN/Telisik Studio/Dashboard HSE/hse-dashboard/hse-backend/vendor/laravel/framework/src/Illuminate/Routing/Router.php(739): Illuminate/Routing/Router->dispatchToRoute(Object(Illuminate/Http/Request))
#37 E:/1KERJAAN/Telisik Studio/Dashboard HSE/hse-dashboard/hse-backend/vendor/laravel/framework/src/Illuminate/Foundation/Http/Kernel.php(201): Illuminate/Routing/Router->dispatch(Object(Illuminate/Http/Request))
#38 E:/1KERJAAN/Telisik Studio/Dashboard HSE/hse-dashboard/hse-backend/vendor/laravel/framework/src/Illuminate/Pipeline/Pipeline.php(170): Illuminate/Foundation/Http/Kernel->Illuminate/Foundation/Http/{closure}(Object(Illuminate/Http/Request))
#39 E:/1KERJAAN/Telisik Studio/Dashboard HSE/hse-dashboard/hse-backend/vendor/laravel/framework/src/Illuminate/Foundation/Http/Middleware/TransformsRequest.php(21): Illuminate/Pipeline/Pipeline->Illuminate/Pipeline/{closure}(Object(Illuminate/Http/Request))
#40 E:/1KERJAAN/Telisik Studio/Dashboard HSE/hse-dashboard/hse-backend/vendor/laravel/framework/src/Illuminate/Foundation/Http/Middleware/ConvertEmptyStringsToNull.php(31): Illuminate/Foundation/Http/Middleware/TransformsRequest->handle(Object(Illuminate/Http/Request), Object(Closure))
#41 E:/1KERJAAN/Telisik Studio/Dashboard HSE/hse-dashboard/hse-backend/vendor/laravel/framework/src/Illuminate/Pipeline/Pipeline.php(209): Illuminate/Foundation/Http/Middleware/ConvertEmptyStringsToNull->handle(Object(Illuminate/Http/Request), Object(Closure))
#42 E:/1KERJAAN/Telisik Studio/Dashboard HSE/hse-dashboard/hse-backend/vendor/laravel/framework/src/Illuminate/Foundation/Http/Middleware/TransformsRequest.php(21): Illuminate/Pipeline/Pipeline->Illuminate/Pipeline/{closure}(Object(Illuminate/Http/Request))
#43 E:/1KERJAAN/Telisik Studio/Dashboard HSE/hse-dashboard/hse-backend/vendor/laravel/framework/src/Illuminate/Foundation/Http/Middleware/TrimStrings.php(51): Illuminate/Foundation/Http/Middleware/TransformsRequest->handle(Object(Illuminate/Http/Request), Object(Closure))
#44 E:/1KERJAAN/Telisik Studio/Dashboard HSE/hse-dashboard/hse-backend/vendor/laravel/framework/src/Illuminate/Pipeline/Pipeline.php(209): Illuminate/Foundation/Http/Middleware/TrimStrings->handle(Object(Illuminate/Http/Request), Object(Closure))
#45 E:/1KERJAAN/Telisik Studio/Dashboard HSE/hse-dashboard/hse-backend/vendor/laravel/framework/src/Illuminate/Http/Middleware/ValidatePostSize.php(27): Illuminate/Pipeline/Pipeline->Illuminate/Pipeline/{closure}(Object(Illuminate/Http/Request))
#46 E:/1KERJAAN/Telisik Studio/Dashboard HSE/hse-dashboard/hse-backend/vendor/laravel/framework/src/Illuminate/Pipeline/Pipeline.php(209): Illuminate/Http/Middleware/ValidatePostSize->handle(Object(Illuminate/Http/Request), Object(Closure))
#47 E:/1KERJAAN/Telisik Studio/Dashboard HSE/hse-dashboard/hse-backend/vendor/laravel/framework/src/Illuminate/Foundation/Http/Middleware/PreventRequestsDuringMaintenance.php(110): Illuminate/Pipeline/Pipeline->Illuminate/Pipeline/{closure}(Object(Illuminate/Http/Request))
#48 E:/1KERJAAN/Telisik Studio/Dashboard HSE/hse-dashboard/hse-backend/vendor/laravel/framework/src/Illuminate/Pipeline/Pipeline.php(209): Illuminate/Foundation/Http/Middleware/PreventRequestsDuringMaintenance->handle(Object(Illuminate/Http/Request), Object(Closure))
#49 E:/1KERJAAN/Telisik Studio/Dashboard HSE/hse-dashboard/hse-backend/vendor/laravel/framework/src/Illuminate/Http/Middleware/HandleCors.php(62): Illuminate/Pipeline/Pipeline->Illuminate/Pipeline/{closure}(Object(Illuminate/Http/Request))
#50 E:/1KERJAAN/Telisik Studio/Dashboard HSE/hse-dashboard/hse-backend/vendor/laravel/framework/src/Illuminate/Pipeline/Pipeline.php(209): Illuminate/Http/Middleware/HandleCors->handle(Object(Illuminate/Http/Request), Object(Closure))
#51 E:/1KERJAAN/Telisik Studio/Dashboard HSE/hse-dashboard/hse-backend/vendor/laravel/framework/src/Illuminate/Http/Middleware/TrustProxies.php(58): Illuminate/Pipeline/Pipeline->Illuminate/Pipeline/{closure}(Object(Illuminate/Http/Request))
#52 E:/1KERJAAN/Telisik Studio/Dashboard HSE/hse-dashboard/hse-backend/vendor/laravel/framework/src/Illuminate/Pipeline/Pipeline.php(209): Illuminate/Http/Middleware/TrustProxies->handle(Object(Illuminate/Http/Request), Object(Closure))
#53 E:/1KERJAAN/Telisik Studio/Dashboard HSE/hse-dashboard/hse-backend/vendor/laravel/framework/src/Illuminate/Foundation/Http/Middleware/InvokeDeferredCallbacks.php(22): Illuminate/Pipeline/Pipeline->Illuminate/Pipeline/{closure}(Object(Illuminate/Http/Request))
#54 E:/1KERJAAN/Telisik Studio/Dashboard HSE/hse-dashboard/hse-backend/vendor/laravel/framework/src/Illuminate/Pipeline/Pipeline.php(209): Illuminate/Foundation/Http/Middleware/InvokeDeferredCallbacks->handle(Object(Illuminate/Http/Request), Object(Closure))
#55 E:/1KERJAAN/Telisik Studio/Dashboard HSE/hse-dashboard/hse-backend/vendor/laravel/framework/src/Illuminate/Pipeline/Pipeline.php(127): Illuminate/Pipeline/Pipeline->Illuminate/Pipeline/{closure}(Object(Illuminate/Http/Request))
#56 E:/1KERJAAN/Telisik Studio/Dashboard HSE/hse-dashboard/hse-backend/vendor/laravel/framework/src/Illuminate/Foundation/Http/Kernel.php(176): Illuminate/Pipeline/Pipeline->then(Object(Closure))
#57 E:/1KERJAAN/Telisik Studio/Dashboard HSE/hse-dashboard/hse-backend/vendor/laravel/framework/src/Illuminate/Foundation/Http/Kernel.php(145): Illuminate/Foundation/Http/Kernel->sendRequestThroughRouter(Object(Illuminate/Http/Request))
#58 E:/1KERJAAN/Telisik Studio/Dashboard HSE/hse-dashboard/hse-backend/vendor/laravel/framework/src/Illuminate/Foundation/Application.php(1220): Illuminate/Foundation/Http/Kernel->handle(Object(Illuminate/Http/Request))
#59 E:/1KERJAAN/Telisik Studio/Dashboard HSE/hse-dashboard/hse-backend/public/index.php(17): Illuminate/Foundation/Application->handleRequest(Object(Illuminate/Http/Request))
#60 E:/1KERJAAN/Telisik Studio/Dashboard HSE/hse-dashboard/hse-backend/vendor/laravel/framework/src/Illuminate/Foundation/resources/server.php(23): require_once('E://1KERJAAN//Tel...')
#61 {main}
"} 
[2026-08-04 17:13:50] local.ERROR: Call to undefined method Illuminate\Database\Eloquent\Builder::query() {"userId":2,"exception":"[object] (BadMethodCallException(code: 0): Call to undefined method Illuminate\\Database\\Eloquent\\Builder::query() at E:/1KERJAAN/Telisik Studio/Dashboard HSE/hse-dashboard/hse-backend/vendor/laravel/framework/src/Illuminate/Support/Traits/ForwardsCalls.php:67)
[stacktrace]
#0 E:/1KERJAAN/Telisik Studio/Dashboard HSE/hse-dashboard/hse-backend/vendor/laravel/framework/src/Illuminate/Support/Traits/ForwardsCalls.php(36): Illuminate/Database/Eloquent/Builder::throwBadMethodCallException('query')
#1 E:/1KERJAAN/Telisik Studio/Dashboard HSE/hse-dashboard/hse-backend/vendor/laravel/framework/src/Illuminate/Database/Eloquent/Builder.php(2123): Illuminate/Database/Eloquent/Builder->forwardCallTo(Object(Illuminate/Database/Query/Builder), 'query', Array)
#2 E:/1KERJAAN/Telisik Studio/Dashboard HSE/hse-dashboard/hse-backend/app/Http/Controllers/Api/PermitController.php(23): Illuminate/Database/Eloquent/Builder->__call('query', Array)
#3 E:/1KERJAAN/Telisik Studio/Dashboard HSE/hse-dashboard/hse-backend/vendor/laravel/framework/src/Illuminate/Routing/ControllerDispatcher.php(47): App/Http/Controllers/Api/PermitController->index(Object(Illuminate/Http/Request))
#4 E:/1KERJAAN/Telisik Studio/Dashboard HSE/hse-dashboard/hse-backend/vendor/laravel/framework/src/Illuminate/Routing/Route.php(266): Illuminate/Routing/ControllerDispatcher->dispatch(Object(Illuminate/Routing/Route), Object(App/Http/Controllers/Api/PermitController), 'index')
#5 E:/1KERJAAN/Telisik Studio/Dashboard HSE/hse-dashboard/hse-backend/vendor/laravel/framework/src/Illuminate/Routing/Route.php(212): Illuminate/Routing/Route->runController()
#6 E:/1KERJAAN/Telisik Studio/Dashboard HSE/hse-dashboard/hse-backend/vendor/laravel/framework/src/Illuminate/Routing/Router.php(808): Illuminate/Routing/Route->run()
#7 E:/1KERJAAN/Telisik Studio/Dashboard HSE/hse-dashboard/hse-backend/vendor/laravel/framework/src/Illuminate/Pipeline/Pipeline.php(170): Illuminate/Routing/Router->Illuminate/Routing/{closure}(Object(Illuminate/Http/Request))
#8 E:/1KERJAAN/Telisik Studio/Dashboard HSE/hse-dashboard/hse-backend/app/Http/Middleware/EnsureAnyPermission.php(26): Illuminate/Pipeline/Pipeline->Illuminate/Pipeline/{closure}(Object(Illuminate/Http/Request))
#9 E:/1KERJAAN/Telisik Studio/Dashboard HSE/hse-dashboard/hse-backend/vendor/laravel/framework/src/Illuminate/Pipeline/Pipeline.php(209): App/Http/Middleware/EnsureAnyPermission->handle(Object(Illuminate/Http/Request), Object(Closure), 'permits', 'permits_own')
#10 E:/1KERJAAN/Telisik Studio/Dashboard HSE/hse-dashboard/hse-backend/vendor/laravel/framework/src/Illuminate/Routing/Middleware/SubstituteBindings.php(51): Illuminate/Pipeline/Pipeline->Illuminate/Pipeline/{closure}(Object(Illuminate/Http/Request))
#11 E:/1KERJAAN/Telisik Studio/Dashboard HSE/hse-dashboard/hse-backend/vendor/laravel/framework/src/Illuminate/Pipeline/Pipeline.php(209): Illuminate/Routing/Middleware/SubstituteBindings->handle(Object(Illuminate/Http/Request), Object(Closure))
#12 E:/1KERJAAN/Telisik Studio/Dashboard HSE/hse-dashboard/hse-backend/vendor/laravel/framework/src/Illuminate/Auth/Middleware/Authenticate.php(64): Illuminate/Pipeline/Pipeline->Illuminate/Pipeline/{closure}(Object(Illuminate/Http/Request))
#13 E:/1KERJAAN/Telisik Studio/Dashboard HSE/hse-dashboard/hse-backend/vendor/laravel/framework/src/Illuminate/Pipeline/Pipeline.php(209): Illuminate/Auth/Middleware/Authenticate->handle(Object(Illuminate/Http/Request), Object(Closure), 'sanctum')
#14 E:/1KERJAAN/Telisik Studio/Dashboard HSE/hse-dashboard/hse-backend/vendor/laravel/sanctum/src/Http/Middleware/EnsureFrontendRequestsAreStateful.php(26): Illuminate/Pipeline/Pipeline->Illuminate/Pipeline/{closure}(Object(Illuminate/Http/Request))
#15 E:/1KERJAAN/Telisik Studio/Dashboard HSE/hse-dashboard/hse-backend/vendor/laravel/framework/src/Illuminate/Pipeline/Pipeline.php(170): Laravel/Sanctum/Http/Middleware/EnsureFrontendRequestsAreStateful->Laravel/Sanctum/Http/Middleware/{closure}(Object(Illuminate/Http/Request))
#16 E:/1KERJAAN/Telisik Studio/Dashboard HSE/hse-dashboard/hse-backend/vendor/laravel/sanctum/src/Http/Middleware/AuthenticateSession.php(60): Illuminate/Pipeline/Pipeline->Illuminate/Pipeline/{closure}(Object(Illuminate/Http/Request))
#17 E:/1KERJAAN/Telisik Studio/Dashboard HSE/hse-dashboard/hse-backend/vendor/laravel/framework/src/Illuminate/Pipeline/Pipeline.php(209): Laravel/Sanctum/Http/Middleware/AuthenticateSession->handle(Object(Illuminate/Http/Request), Object(Closure))
#18 E:/1KERJAAN/Telisik Studio/Dashboard HSE/hse-dashboard/hse-backend/vendor/laravel/framework/src/Illuminate/Foundation/Http/Middleware/VerifyCsrfToken.php(88): Illuminate/Pipeline/Pipeline->Illuminate/Pipeline/{closure}(Object(Illuminate/Http/Request))
#19 E:/1KERJAAN/Telisik Studio/Dashboard HSE/hse-dashboard/hse-backend/vendor/laravel/framework/src/Illuminate/Pipeline/Pipeline.php(209): Illuminate/Foundation/Http/Middleware/VerifyCsrfToken->handle(Object(Illuminate/Http/Request), Object(Closure))
#20 E:/1KERJAAN/Telisik Studio/Dashboard HSE/hse-dashboard/hse-backend/vendor/laravel/framework/src/Illuminate/Session/Middleware/StartSession.php(121): Illuminate/Pipeline/Pipeline->Illuminate/Pipeline/{closure}(Object(Illuminate/Http/Request))
#21 E:/1KERJAAN/Telisik Studio/Dashboard HSE/hse-dashboard/hse-backend/vendor/laravel/framework/src/Illuminate/Session/Middleware/StartSession.php(64): Illuminate/Session/Middleware/StartSession->handleStatefulRequest(Object(Illuminate/Http/Request), Object(Illuminate/Session/Store), Object(Closure))
#22 E:/1KERJAAN/Telisik Studio/Dashboard HSE/hse-dashboard/hse-backend/vendor/laravel/framework/src/Illuminate/Pipeline/Pipeline.php(209): Illuminate/Session/Middleware/StartSession->handle(Object(Illuminate/Http/Request), Object(Closure))
#23 E:/1KERJAAN/Telisik Studio/Dashboard HSE/hse-dashboard/hse-backend/vendor/laravel/framework/src/Illuminate/Cookie/Middleware/AddQueuedCookiesToResponse.php(37): Illuminate/Pipeline/Pipeline->Illuminate/Pipeline/{closure}(Object(Illuminate/Http/Request))
#24 E:/1KERJAAN/Telisik Studio/Dashboard HSE/hse-dashboard/hse-backend/vendor/laravel/framework/src/Illuminate/Pipeline/Pipeline.php(209): Illuminate/Cookie/Middleware/AddQueuedCookiesToResponse->handle(Object(Illuminate/Http/Request), Object(Closure))
#25 E:/1KERJAAN/Telisik Studio/Dashboard HSE/hse-dashboard/hse-backend/vendor/laravel/framework/src/Illuminate/Cookie/Middleware/EncryptCookies.php(75): Illuminate/Pipeline/Pipeline->Illuminate/Pipeline/{closure}(Object(Illuminate/Http/Request))
#26 E:/1KERJAAN/Telisik Studio/Dashboard HSE/hse-dashboard/hse-backend/vendor/laravel/framework/src/Illuminate/Pipeline/Pipeline.php(209): Illuminate/Cookie/Middleware/EncryptCookies->handle(Object(Illuminate/Http/Request), Object(Closure))
#27 E:/1KERJAAN/Telisik Studio/Dashboard HSE/hse-dashboard/hse-backend/vendor/laravel/sanctum/src/Http/Middleware/EnsureFrontendRequestsAreStateful.php(61): Illuminate/Pipeline/Pipeline->Illuminate/Pipeline/{closure}(Object(Illuminate/Http/Request))
#28 E:/1KERJAAN/Telisik Studio/Dashboard HSE/hse-dashboard/hse-backend/vendor/laravel/framework/src/Illuminate/Pipeline/Pipeline.php(191): Laravel/Sanctum/Http/Middleware/EnsureFrontendRequestsAreStateful->Laravel/Sanctum/Http/Middleware/{closure}(Object(Illuminate/Http/Request), Object(Closure))
#29 E:/1KERJAAN/Telisik Studio/Dashboard HSE/hse-dashboard/hse-backend/vendor/laravel/framework/src/Illuminate/Pipeline/Pipeline.php(127): Illuminate/Pipeline/Pipeline->Illuminate/Pipeline/{closure}(Object(Illuminate/Http/Request))
#30 E:/1KERJAAN/Telisik Studio/Dashboard HSE/hse-dashboard/hse-backend/vendor/laravel/sanctum/src/Http/Middleware/EnsureFrontendRequestsAreStateful.php(25): Illuminate/Pipeline/Pipeline->then(Object(Closure))
#31 E:/1KERJAAN/Telisik Studio/Dashboard HSE/hse-dashboard/hse-backend/vendor/laravel/framework/src/Illuminate/Pipeline/Pipeline.php(209): Laravel/Sanctum/Http/Middleware/EnsureFrontendRequestsAreStateful->handle(Object(Illuminate/Http/Request), Object(Closure))
#32 E:/1KERJAAN/Telisik Studio/Dashboard HSE/hse-dashboard/hse-backend/vendor/laravel/framework/src/Illuminate/Pipeline/Pipeline.php(127): Illuminate/Pipeline/Pipeline->Illuminate/Pipeline/{closure}(Object(Illuminate/Http/Request))
#33 E:/1KERJAAN/Telisik Studio/Dashboard HSE/hse-dashboard/hse-backend/vendor/laravel/framework/src/Illuminate/Routing/Router.php(807): Illuminate/Pipeline/Pipeline->then(Object(Closure))
#34 E:/1KERJAAN/Telisik Studio/Dashboard HSE/hse-dashboard/hse-backend/vendor/laravel/framework/src/Illuminate/Routing/Router.php(786): Illuminate/Routing/Router->runRouteWithinStack(Object(Illuminate/Routing/Route), Object(Illuminate/Http/Request))
#35 E:/1KERJAAN/Telisik Studio/Dashboard HSE/hse-dashboard/hse-backend/vendor/laravel/framework/src/Illuminate/Routing/Router.php(750): Illuminate/Routing/Router->runRoute(Object(Illuminate/Http/Request), Object(Illuminate/Routing/Route))
#36 E:/1KERJAAN/Telisik Studio/Dashboard HSE/hse-dashboard/hse-backend/vendor/laravel/framework/src/Illuminate/Routing/Router.php(739): Illuminate/Routing/Router->dispatchToRoute(Object(Illuminate/Http/Request))
#37 E:/1KERJAAN/Telisik Studio/Dashboard HSE/hse-dashboard/hse-backend/vendor/laravel/framework/src/Illuminate/Foundation/Http/Kernel.php(201): Illuminate/Routing/Router->dispatch(Object(Illuminate/Http/Request))
#38 E:/1KERJAAN/Telisik Studio/Dashboard HSE/hse-dashboard/hse-backend/vendor/laravel/framework/src/Illuminate/Pipeline/Pipeline.php(170): Illuminate/Foundation/Http/Kernel->Illuminate/Foundation/Http/{closure}(Object(Illuminate/Http/Request))
#39 E:/1KERJAAN/Telisik Studio/Dashboard HSE/hse-dashboard/hse-backend/vendor/laravel/framework/src/Illuminate/Foundation/Http/Middleware/TransformsRequest.php(21): Illuminate/Pipeline/Pipeline->Illuminate/Pipeline/{closure}(Object(Illuminate/Http/Request))
#40 E:/1KERJAAN/Telisik Studio/Dashboard HSE/hse-dashboard/hse-backend/vendor/laravel/framework/src/Illuminate/Foundation/Http/Middleware/ConvertEmptyStringsToNull.php(31): Illuminate/Foundation/Http/Middleware/TransformsRequest->handle(Object(Illuminate/Http/Request), Object(Closure))
#41 E:/1KERJAAN/Telisik Studio/Dashboard HSE/hse-dashboard/hse-backend/vendor/laravel/framework/src/Illuminate/Pipeline/Pipeline.php(209): Illuminate/Foundation/Http/Middleware/ConvertEmptyStringsToNull->handle(Object(Illuminate/Http/Request), Object(Closure))
#42 E:/1KERJAAN/Telisik Studio/Dashboard HSE/hse-dashboard/hse-backend/vendor/laravel/framework/src/Illuminate/Foundation/Http/Middleware/TransformsRequest.php(21): Illuminate/Pipeline/Pipeline->Illuminate/Pipeline/{closure}(Object(Illuminate/Http/Request))
#43 E:/1KERJAAN/Telisik Studio/Dashboard HSE/hse-dashboard/hse-backend/vendor/laravel/framework/src/Illuminate/Foundation/Http/Middleware/TrimStrings.php(51): Illuminate/Foundation/Http/Middleware/TransformsRequest->handle(Object(Illuminate/Http/Request), Object(Closure))
#44 E:/1KERJAAN/Telisik Studio/Dashboard HSE/hse-dashboard/hse-backend/vendor/laravel/framework/src/Illuminate/Pipeline/Pipeline.php(209): Illuminate/Foundation/Http/Middleware/TrimStrings->handle(Object(Illuminate/Http/Request), Object(Closure))
#45 E:/1KERJAAN/Telisik Studio/Dashboard HSE/hse-dashboard/hse-backend/vendor/laravel/framework/src/Illuminate/Http/Middleware/ValidatePostSize.php(27): Illuminate/Pipeline/Pipeline->Illuminate/Pipeline/{closure}(Object(Illuminate/Http/Request))
#46 E:/1KERJAAN/Telisik Studio/Dashboard HSE/hse-dashboard/hse-backend/vendor/laravel/framework/src/Illuminate/Pipeline/Pipeline.php(209): Illuminate/Http/Middleware/ValidatePostSize->handle(Object(Illuminate/Http/Request), Object(Closure))
#47 E:/1KERJAAN/Telisik Studio/Dashboard HSE/hse-dashboard/hse-backend/vendor/laravel/framework/src/Illuminate/Foundation/Http/Middleware/PreventRequestsDuringMaintenance.php(110): Illuminate/Pipeline/Pipeline->Illuminate/Pipeline/{closure}(Object(Illuminate/Http/Request))
#48 E:/1KERJAAN/Telisik Studio/Dashboard HSE/hse-dashboard/hse-backend/vendor/laravel/framework/src/Illuminate/Pipeline/Pipeline.php(209): Illuminate/Foundation/Http/Middleware/PreventRequestsDuringMaintenance->handle(Object(Illuminate/Http/Request), Object(Closure))
#49 E:/1KERJAAN/Telisik Studio/Dashboard HSE/hse-dashboard/hse-backend/vendor/laravel/framework/src/Illuminate/Http/Middleware/HandleCors.php(62): Illuminate/Pipeline/Pipeline->Illuminate/Pipeline/{closure}(Object(Illuminate/Http/Request))
#50 E:/1KERJAAN/Telisik Studio/Dashboard HSE/hse-dashboard/hse-backend/vendor/laravel/framework/src/Illuminate/Pipeline/Pipeline.php(209): Illuminate/Http/Middleware/HandleCors->handle(Object(Illuminate/Http/Request), Object(Closure))
#51 E:/1KERJAAN/Telisik Studio/Dashboard HSE/hse-dashboard/hse-backend/vendor/laravel/framework/src/Illuminate/Http/Middleware/TrustProxies.php(58): Illuminate/Pipeline/Pipeline->Illuminate/Pipeline/{closure}(Object(Illuminate/Http/Request))
#52 E:/1KERJAAN/Telisik Studio/Dashboard HSE/hse-dashboard/hse-backend/vendor/laravel/framework/src/Illuminate/Pipeline/Pipeline.php(209): Illuminate/Http/Middleware/TrustProxies->handle(Object(Illuminate/Http/Request), Object(Closure))
#53 E:/1KERJAAN/Telisik Studio/Dashboard HSE/hse-dashboard/hse-backend/vendor/laravel/framework/src/Illuminate/Foundation/Http/Middleware/InvokeDeferredCallbacks.php(22): Illuminate/Pipeline/Pipeline->Illuminate/Pipeline/{closure}(Object(Illuminate/Http/Request))
#54 E:/1KERJAAN/Telisik Studio/Dashboard HSE/hse-dashboard/hse-backend/vendor/laravel/framework/src/Illuminate/Pipeline/Pipeline.php(209): Illuminate/Foundation/Http/Middleware/InvokeDeferredCallbacks->handle(Object(Illuminate/Http/Request), Object(Closure))
#55 E:/1KERJAAN/Telisik Studio/Dashboard HSE/hse-dashboard/hse-backend/vendor/laravel/framework/src/Illuminate/Pipeline/Pipeline.php(127): Illuminate/Pipeline/Pipeline->Illuminate/Pipeline/{closure}(Object(Illuminate/Http/Request))
#56 E:/1KERJAAN/Telisik Studio/Dashboard HSE/hse-dashboard/hse-backend/vendor/laravel/framework/src/Illuminate/Foundation/Http/Kernel.php(176): Illuminate/Pipeline/Pipeline->then(Object(Closure))
#57 E:/1KERJAAN/Telisik Studio/Dashboard HSE/hse-dashboard/hse-backend/vendor/laravel/framework/src/Illuminate/Foundation/Http/Kernel.php(145): Illuminate/Foundation/Http/Kernel->sendRequestThroughRouter(Object(Illuminate/Http/Request))
#58 E:/1KERJAAN/Telisik Studio/Dashboard HSE/hse-dashboard/hse-backend/vendor/laravel/framework/src/Illuminate/Foundation/Application.php(1220): Illuminate/Foundation/Http/Kernel->handle(Object(Illuminate/Http/Request))
#59 E:/1KERJAAN/Telisik Studio/Dashboard HSE/hse-dashboard/hse-backend/public/index.php(17): Illuminate/Foundation/Application->handleRequest(Object(Illuminate/Http/Request))
#60 E:/1KERJAAN/Telisik Studio/Dashboard HSE/hse-dashboard/hse-backend/vendor/laravel/framework/src/Illuminate/Foundation/resources/server.php(23): require_once('E://1KERJAAN//Tel...')
#61 {main}
"} 
[2026-08-04 17:13:52] local.ERROR: Call to undefined method Illuminate\Database\Eloquent\Builder::query() {"userId":2,"exception":"[object] (BadMethodCallException(code: 0): Call to undefined method Illuminate\\Database\\Eloquent\\Builder::query() at E:/1KERJAAN/Telisik Studio/Dashboard HSE/hse-dashboard/hse-backend/vendor/laravel/framework/src/Illuminate/Support/Traits/ForwardsCalls.php:67)
[stacktrace]
#0 E:/1KERJAAN/Telisik Studio/Dashboard HSE/hse-dashboard/hse-backend/vendor/laravel/framework/src/Illuminate/Support/Traits/ForwardsCalls.php(36): Illuminate/Database/Eloquent/Builder::throwBadMethodCallException('query')
#1 E:/1KERJAAN/Telisik Studio/Dashboard HSE/hse-dashboard/hse-backend/vendor/laravel/framework/src/Illuminate/Database/Eloquent/Builder.php(2123): Illuminate/Database/Eloquent/Builder->forwardCallTo(Object(Illuminate/Database/Query/Builder), 'query', Array)
#2 E:/1KERJAAN/Telisik Studio/Dashboard HSE/hse-dashboard/hse-backend/app/Http/Controllers/Api/PermitController.php(23): Illuminate/Database/Eloquent/Builder->__call('query', Array)
#3 E:/1KERJAAN/Telisik Studio/Dashboard HSE/hse-dashboard/hse-backend/vendor/laravel/framework/src/Illuminate/Routing/ControllerDispatcher.php(47): App/Http/Controllers/Api/PermitController->index(Object(Illuminate/Http/Request))
#4 E:/1KERJAAN/Telisik Studio/Dashboard HSE/hse-dashboard/hse-backend/vendor/laravel/framework/src/Illuminate/Routing/Route.php(266): Illuminate/Routing/ControllerDispatcher->dispatch(Object(Illuminate/Routing/Route), Object(App/Http/Controllers/Api/PermitController), 'index')
#5 E:/1KERJAAN/Telisik Studio/Dashboard HSE/hse-dashboard/hse-backend/vendor/laravel/framework/src/Illuminate/Routing/Route.php(212): Illuminate/Routing/Route->runController()
#6 E:/1KERJAAN/Telisik Studio/Dashboard HSE/hse-dashboard/hse-backend/vendor/laravel/framework/src/Illuminate/Routing/Router.php(808): Illuminate/Routing/Route->run()
#7 E:/1KERJAAN/Telisik Studio/Dashboard HSE/hse-dashboard/hse-backend/vendor/laravel/framework/src/Illuminate/Pipeline/Pipeline.php(170): Illuminate/Routing/Router->Illuminate/Routing/{closure}(Object(Illuminate/Http/Request))
#8 E:/1KERJAAN/Telisik Studio/Dashboard HSE/hse-dashboard/hse-backend/app/Http/Middleware/EnsureAnyPermission.php(26): Illuminate/Pipeline/Pipeline->Illuminate/Pipeline/{closure}(Object(Illuminate/Http/Request))
#9 E:/1KERJAAN/Telisik Studio/Dashboard HSE/hse-dashboard/hse-backend/vendor/laravel/framework/src/Illuminate/Pipeline/Pipeline.php(209): App/Http/Middleware/EnsureAnyPermission->handle(Object(Illuminate/Http/Request), Object(Closure), 'permits', 'permits_own')
#10 E:/1KERJAAN/Telisik Studio/Dashboard HSE/hse-dashboard/hse-backend/vendor/laravel/framework/src/Illuminate/Routing/Middleware/SubstituteBindings.php(51): Illuminate/Pipeline/Pipeline->Illuminate/Pipeline/{closure}(Object(Illuminate/Http/Request))
#11 E:/1KERJAAN/Telisik Studio/Dashboard HSE/hse-dashboard/hse-backend/vendor/laravel/framework/src/Illuminate/Pipeline/Pipeline.php(209): Illuminate/Routing/Middleware/SubstituteBindings->handle(Object(Illuminate/Http/Request), Object(Closure))
#12 E:/1KERJAAN/Telisik Studio/Dashboard HSE/hse-dashboard/hse-backend/vendor/laravel/framework/src/Illuminate/Auth/Middleware/Authenticate.php(64): Illuminate/Pipeline/Pipeline->Illuminate/Pipeline/{closure}(Object(Illuminate/Http/Request))
#13 E:/1KERJAAN/Telisik Studio/Dashboard HSE/hse-dashboard/hse-backend/vendor/laravel/framework/src/Illuminate/Pipeline/Pipeline.php(209): Illuminate/Auth/Middleware/Authenticate->handle(Object(Illuminate/Http/Request), Object(Closure), 'sanctum')
#14 E:/1KERJAAN/Telisik Studio/Dashboard HSE/hse-dashboard/hse-backend/vendor/laravel/sanctum/src/Http/Middleware/EnsureFrontendRequestsAreStateful.php(26): Illuminate/Pipeline/Pipeline->Illuminate/Pipeline/{closure}(Object(Illuminate/Http/Request))
#15 E:/1KERJAAN/Telisik Studio/Dashboard HSE/hse-dashboard/hse-backend/vendor/laravel/framework/src/Illuminate/Pipeline/Pipeline.php(170): Laravel/Sanctum/Http/Middleware/EnsureFrontendRequestsAreStateful->Laravel/Sanctum/Http/Middleware/{closure}(Object(Illuminate/Http/Request))
#16 E:/1KERJAAN/Telisik Studio/Dashboard HSE/hse-dashboard/hse-backend/vendor/laravel/sanctum/src/Http/Middleware/AuthenticateSession.php(60): Illuminate/Pipeline/Pipeline->Illuminate/Pipeline/{closure}(Object(Illuminate/Http/Request))
#17 E:/1KERJAAN/Telisik Studio/Dashboard HSE/hse-dashboard/hse-backend/vendor/laravel/framework/src/Illuminate/Pipeline/Pipeline.php(209): Laravel/Sanctum/Http/Middleware/AuthenticateSession->handle(Object(Illuminate/Http/Request), Object(Closure))
#18 E:/1KERJAAN/Telisik Studio/Dashboard HSE/hse-dashboard/hse-backend/vendor/laravel/framework/src/Illuminate/Foundation/Http/Middleware/VerifyCsrfToken.php(88): Illuminate/Pipeline/Pipeline->Illuminate/Pipeline/{closure}(Object(Illuminate/Http/Request))
#19 E:/1KERJAAN/Telisik Studio/Dashboard HSE/hse-dashboard/hse-backend/vendor/laravel/framework/src/Illuminate/Pipeline/Pipeline.php(209): Illuminate/Foundation/Http/Middleware/VerifyCsrfToken->handle(Object(Illuminate/Http/Request), Object(Closure))
#20 E:/1KERJAAN/Telisik Studio/Dashboard HSE/hse-dashboard/hse-backend/vendor/laravel/framework/src/Illuminate/Session/Middleware/StartSession.php(121): Illuminate/Pipeline/Pipeline->Illuminate/Pipeline/{closure}(Object(Illuminate/Http/Request))
#21 E:/1KERJAAN/Telisik Studio/Dashboard HSE/hse-dashboard/hse-backend/vendor/laravel/framework/src/Illuminate/Session/Middleware/StartSession.php(64): Illuminate/Session/Middleware/StartSession->handleStatefulRequest(Object(Illuminate/Http/Request), Object(Illuminate/Session/Store), Object(Closure))
#22 E:/1KERJAAN/Telisik Studio/Dashboard HSE/hse-dashboard/hse-backend/vendor/laravel/framework/src/Illuminate/Pipeline/Pipeline.php(209): Illuminate/Session/Middleware/StartSession->handle(Object(Illuminate/Http/Request), Object(Closure))
#23 E:/1KERJAAN/Telisik Studio/Dashboard HSE/hse-dashboard/hse-backend/vendor/laravel/framework/src/Illuminate/Cookie/Middleware/AddQueuedCookiesToResponse.php(37): Illuminate/Pipeline/Pipeline->Illuminate/Pipeline/{closure}(Object(Illuminate/Http/Request))
#24 E:/1KERJAAN/Telisik Studio/Dashboard HSE/hse-dashboard/hse-backend/vendor/laravel/framework/src/Illuminate/Pipeline/Pipeline.php(209): Illuminate/Cookie/Middleware/AddQueuedCookiesToResponse->handle(Object(Illuminate/Http/Request), Object(Closure))
#25 E:/1KERJAAN/Telisik Studio/Dashboard HSE/hse-dashboard/hse-backend/vendor/laravel/framework/src/Illuminate/Cookie/Middleware/EncryptCookies.php(75): Illuminate/Pipeline/Pipeline->Illuminate/Pipeline/{closure}(Object(Illuminate/Http/Request))
#26 E:/1KERJAAN/Telisik Studio/Dashboard HSE/hse-dashboard/hse-backend/vendor/laravel/framework/src/Illuminate/Pipeline/Pipeline.php(209): Illuminate/Cookie/Middleware/EncryptCookies->handle(Object(Illuminate/Http/Request), Object(Closure))
#27 E:/1KERJAAN/Telisik Studio/Dashboard HSE/hse-dashboard/hse-backend/vendor/laravel/sanctum/src/Http/Middleware/EnsureFrontendRequestsAreStateful.php(61): Illuminate/Pipeline/Pipeline->Illuminate/Pipeline/{closure}(Object(Illuminate/Http/Request))
#28 E:/1KERJAAN/Telisik Studio/Dashboard HSE/hse-dashboard/hse-backend/vendor/laravel/framework/src/Illuminate/Pipeline/Pipeline.php(191): Laravel/Sanctum/Http/Middleware/EnsureFrontendRequestsAreStateful->Laravel/Sanctum/Http/Middleware/{closure}(Object(Illuminate/Http/Request), Object(Closure))
#29 E:/1KERJAAN/Telisik Studio/Dashboard HSE/hse-dashboard/hse-backend/vendor/laravel/framework/src/Illuminate/Pipeline/Pipeline.php(127): Illuminate/Pipeline/Pipeline->Illuminate/Pipeline/{closure}(Object(Illuminate/Http/Request))
#30 E:/1KERJAAN/Telisik Studio/Dashboard HSE/hse-dashboard/hse-backend/vendor/laravel/sanctum/src/Http/Middleware/EnsureFrontendRequestsAreStateful.php(25): Illuminate/Pipeline/Pipeline->then(Object(Closure))
#31 E:/1KERJAAN/Telisik Studio/Dashboard HSE/hse-dashboard/hse-backend/vendor/laravel/framework/src/Illuminate/Pipeline/Pipeline.php(209): Laravel/Sanctum/Http/Middleware/EnsureFrontendRequestsAreStateful->handle(Object(Illuminate/Http/Request), Object(Closure))
#32 E:/1KERJAAN/Telisik Studio/Dashboard HSE/hse-dashboard/hse-backend/vendor/laravel/framework/src/Illuminate/Pipeline/Pipeline.php(127): Illuminate/Pipeline/Pipeline->Illuminate/Pipeline/{closure}(Object(Illuminate/Http/Request))
#33 E:/1KERJAAN/Telisik Studio/Dashboard HSE/hse-dashboard/hse-backend/vendor/laravel/framework/src/Illuminate/Routing/Router.php(807): Illuminate/Pipeline/Pipeline->then(Object(Closure))
#34 E:/1KERJAAN/Telisik Studio/Dashboard HSE/hse-dashboard/hse-backend/vendor/laravel/framework/src/Illuminate/Routing/Router.php(786): Illuminate/Routing/Router->runRouteWithinStack(Object(Illuminate/Routing/Route), Object(Illuminate/Http/Request))
#35 E:/1KERJAAN/Telisik Studio/Dashboard HSE/hse-dashboard/hse-backend/vendor/laravel/framework/src/Illuminate/Routing/Router.php(750): Illuminate/Routing/Router->runRoute(Object(Illuminate/Http/Request), Object(Illuminate/Routing/Route))
#36 E:/1KERJAAN/Telisik Studio/Dashboard HSE/hse-dashboard/hse-backend/vendor/laravel/framework/src/Illuminate/Routing/Router.php(739): Illuminate/Routing/Router->dispatchToRoute(Object(Illuminate/Http/Request))
#37 E:/1KERJAAN/Telisik Studio/Dashboard HSE/hse-dashboard/hse-backend/vendor/laravel/framework/src/Illuminate/Foundation/Http/Kernel.php(201): Illuminate/Routing/Router->dispatch(Object(Illuminate/Http/Request))
#38 E:/1KERJAAN/Telisik Studio/Dashboard HSE/hse-dashboard/hse-backend/vendor/laravel/framework/src/Illuminate/Pipeline/Pipeline.php(170): Illuminate/Foundation/Http/Kernel->Illuminate/Foundation/Http/{closure}(Object(Illuminate/Http/Request))
#39 E:/1KERJAAN/Telisik Studio/Dashboard HSE/hse-dashboard/hse-backend/vendor/laravel/framework/src/Illuminate/Foundation/Http/Middleware/TransformsRequest.php(21): Illuminate/Pipeline/Pipeline->Illuminate/Pipeline/{closure}(Object(Illuminate/Http/Request))
#40 E:/1KERJAAN/Telisik Studio/Dashboard HSE/hse-dashboard/hse-backend/vendor/laravel/framework/src/Illuminate/Foundation/Http/Middleware/ConvertEmptyStringsToNull.php(31): Illuminate/Foundation/Http/Middleware/TransformsRequest->handle(Object(Illuminate/Http/Request), Object(Closure))
#41 E:/1KERJAAN/Telisik Studio/Dashboard HSE/hse-dashboard/hse-backend/vendor/laravel/framework/src/Illuminate/Pipeline/Pipeline.php(209): Illuminate/Foundation/Http/Middleware/ConvertEmptyStringsToNull->handle(Object(Illuminate/Http/Request), Object(Closure))
#42 E:/1KERJAAN/Telisik Studio/Dashboard HSE/hse-dashboard/hse-backend/vendor/laravel/framework/src/Illuminate/Foundation/Http/Middleware/TransformsRequest.php(21): Illuminate/Pipeline/Pipeline->Illuminate/Pipeline/{closure}(Object(Illuminate/Http/Request))
#43 E:/1KERJAAN/Telisik Studio/Dashboard HSE/hse-dashboard/hse-backend/vendor/laravel/framework/src/Illuminate/Foundation/Http/Middleware/TrimStrings.php(51): Illuminate/Foundation/Http/Middleware/TransformsRequest->handle(Object(Illuminate/Http/Request), Object(Closure))
#44 E:/1KERJAAN/Telisik Studio/Dashboard HSE/hse-dashboard/hse-backend/vendor/laravel/framework/src/Illuminate/Pipeline/Pipeline.php(209): Illuminate/Foundation/Http/Middleware/TrimStrings->handle(Object(Illuminate/Http/Request), Object(Closure))
#45 E:/1KERJAAN/Telisik Studio/Dashboard HSE/hse-dashboard/hse-backend/vendor/laravel/framework/src/Illuminate/Http/Middleware/ValidatePostSize.php(27): Illuminate/Pipeline/Pipeline->Illuminate/Pipeline/{closure}(Object(Illuminate/Http/Request))
#46 E:/1KERJAAN/Telisik Studio/Dashboard HSE/hse-dashboard/hse-backend/vendor/laravel/framework/src/Illuminate/Pipeline/Pipeline.php(209): Illuminate/Http/Middleware/ValidatePostSize->handle(Object(Illuminate/Http/Request), Object(Closure))
#47 E:/1KERJAAN/Telisik Studio/Dashboard HSE/hse-dashboard/hse-backend/vendor/laravel/framework/src/Illuminate/Foundation/Http/Middleware/PreventRequestsDuringMaintenance.php(110): Illuminate/Pipeline/Pipeline->Illuminate/Pipeline/{closure}(Object(Illuminate/Http/Request))
#48 E:/1KERJAAN/Telisik Studio/Dashboard HSE/hse-dashboard/hse-backend/vendor/laravel/framework/src/Illuminate/Pipeline/Pipeline.php(209): Illuminate/Foundation/Http/Middleware/PreventRequestsDuringMaintenance->handle(Object(Illuminate/Http/Request), Object(Closure))
#49 E:/1KERJAAN/Telisik Studio/Dashboard HSE/hse-dashboard/hse-backend/vendor/laravel/framework/src/Illuminate/Http/Middleware/HandleCors.php(62): Illuminate/Pipeline/Pipeline->Illuminate/Pipeline/{closure}(Object(Illuminate/Http/Request))
#50 E:/1KERJAAN/Telisik Studio/Dashboard HSE/hse-dashboard/hse-backend/vendor/laravel/framework/src/Illuminate/Pipeline/Pipeline.php(209): Illuminate/Http/Middleware/HandleCors->handle(Object(Illuminate/Http/Request), Object(Closure))
#51 E:/1KERJAAN/Telisik Studio/Dashboard HSE/hse-dashboard/hse-backend/vendor/laravel/framework/src/Illuminate/Http/Middleware/TrustProxies.php(58): Illuminate/Pipeline/Pipeline->Illuminate/Pipeline/{closure}(Object(Illuminate/Http/Request))
#52 E:/1KERJAAN/Telisik Studio/Dashboard HSE/hse-dashboard/hse-backend/vendor/laravel/framework/src/Illuminate/Pipeline/Pipeline.php(209): Illuminate/Http/Middleware/TrustProxies->handle(Object(Illuminate/Http/Request), Object(Closure))
#53 E:/1KERJAAN/Telisik Studio/Dashboard HSE/hse-dashboard/hse-backend/vendor/laravel/framework/src/Illuminate/Foundation/Http/Middleware/InvokeDeferredCallbacks.php(22): Illuminate/Pipeline/Pipeline->Illuminate/Pipeline/{closure}(Object(Illuminate/Http/Request))
#54 E:/1KERJAAN/Telisik Studio/Dashboard HSE/hse-dashboard/hse-backend/vendor/laravel/framework/src/Illuminate/Pipeline/Pipeline.php(209): Illuminate/Foundation/Http/Middleware/InvokeDeferredCallbacks->handle(Object(Illuminate/Http/Request), Object(Closure))
#55 E:/1KERJAAN/Telisik Studio/Dashboard HSE/hse-dashboard/hse-backend/vendor/laravel/framework/src/Illuminate/Pipeline/Pipeline.php(127): Illuminate/Pipeline/Pipeline->Illuminate/Pipeline/{closure}(Object(Illuminate/Http/Request))
#56 E:/1KERJAAN/Telisik Studio/Dashboard HSE/hse-dashboard/hse-backend/vendor/laravel/framework/src/Illuminate/Foundation/Http/Kernel.php(176): Illuminate/Pipeline/Pipeline->then(Object(Closure))
#57 E:/1KERJAAN/Telisik Studio/Dashboard HSE/hse-dashboard/hse-backend/vendor/laravel/framework/src/Illuminate/Foundation/Http/Kernel.php(145): Illuminate/Foundation/Http/Kernel->sendRequestThroughRouter(Object(Illuminate/Http/Request))
#58 E:/1KERJAAN/Telisik Studio/Dashboard HSE/hse-dashboard/hse-backend/vendor/laravel/framework/src/Illuminate/Foundation/Application.php(1220): Illuminate/Foundation/Http/Kernel->handle(Object(Illuminate/Http/Request))
#59 E:/1KERJAAN/Telisik Studio/Dashboard HSE/hse-dashboard/hse-backend/public/index.php(17): Illuminate/Foundation/Application->handleRequest(Object(Illuminate/Http/Request))
#60 E:/1KERJAAN/Telisik Studio/Dashboard HSE/hse-dashboard/hse-backend/vendor/laravel/framework/src/Illuminate/Foundation/resources/server.php(23): require_once('E://1KERJAAN//Tel...')
#61 {main}
"} 
[2026-08-04 17:14:00] local.ERROR: Call to undefined method Illuminate\Database\Eloquent\Builder::query() {"userId":2,"exception":"[object] (BadMethodCallException(code: 0): Call to undefined method Illuminate\\Database\\Eloquent\\Builder::query() at E:/1KERJAAN/Telisik Studio/Dashboard HSE/hse-dashboard/hse-backend/vendor/laravel/framework/src/Illuminate/Support/Traits/ForwardsCalls.php:67)
[stacktrace]
#0 E:/1KERJAAN/Telisik Studio/Dashboard HSE/hse-dashboard/hse-backend/vendor/laravel/framework/src/Illuminate/Support/Traits/ForwardsCalls.php(36): Illuminate/Database/Eloquent/Builder::throwBadMethodCallException('query')
#1 E:/1KERJAAN/Telisik Studio/Dashboard HSE/hse-dashboard/hse-backend/vendor/laravel/framework/src/Illuminate/Database/Eloquent/Builder.php(2123): Illuminate/Database/Eloquent/Builder->forwardCallTo(Object(Illuminate/Database/Query/Builder), 'query', Array)
#2 E:/1KERJAAN/Telisik Studio/Dashboard HSE/hse-dashboard/hse-backend/app/Http/Controllers/Api/PermitController.php(23): Illuminate/Database/Eloquent/Builder->__call('query', Array)
#3 E:/1KERJAAN/Telisik Studio/Dashboard HSE/hse-dashboard/hse-backend/vendor/laravel/framework/src/Illuminate/Routing/ControllerDispatcher.php(47): App/Http/Controllers/Api/PermitController->index(Object(Illuminate/Http/Request))
#4 E:/1KERJAAN/Telisik Studio/Dashboard HSE/hse-dashboard/hse-backend/vendor/laravel/framework/src/Illuminate/Routing/Route.php(266): Illuminate/Routing/ControllerDispatcher->dispatch(Object(Illuminate/Routing/Route), Object(App/Http/Controllers/Api/PermitController), 'index')
#5 E:/1KERJAAN/Telisik Studio/Dashboard HSE/hse-dashboard/hse-backend/vendor/laravel/framework/src/Illuminate/Routing/Route.php(212): Illuminate/Routing/Route->runController()
#6 E:/1KERJAAN/Telisik Studio/Dashboard HSE/hse-dashboard/hse-backend/vendor/laravel/framework/src/Illuminate/Routing/Router.php(808): Illuminate/Routing/Route->run()
#7 E:/1KERJAAN/Telisik Studio/Dashboard HSE/hse-dashboard/hse-backend/vendor/laravel/framework/src/Illuminate/Pipeline/Pipeline.php(170): Illuminate/Routing/Router->Illuminate/Routing/{closure}(Object(Illuminate/Http/Request))
#8 E:/1KERJAAN/Telisik Studio/Dashboard HSE/hse-dashboard/hse-backend/app/Http/Middleware/EnsureAnyPermission.php(26): Illuminate/Pipeline/Pipeline->Illuminate/Pipeline/{closure}(Object(Illuminate/Http/Request))
#9 E:/1KERJAAN/Telisik Studio/Dashboard HSE/hse-dashboard/hse-backend/vendor/laravel/framework/src/Illuminate/Pipeline/Pipeline.php(209): App/Http/Middleware/EnsureAnyPermission->handle(Object(Illuminate/Http/Request), Object(Closure), 'permits', 'permits_own')
#10 E:/1KERJAAN/Telisik Studio/Dashboard HSE/hse-dashboard/hse-backend/vendor/laravel/framework/src/Illuminate/Routing/Middleware/SubstituteBindings.php(51): Illuminate/Pipeline/Pipeline->Illuminate/Pipeline/{closure}(Object(Illuminate/Http/Request))
#11 E:/1KERJAAN/Telisik Studio/Dashboard HSE/hse-dashboard/hse-backend/vendor/laravel/framework/src/Illuminate/Pipeline/Pipeline.php(209): Illuminate/Routing/Middleware/SubstituteBindings->handle(Object(Illuminate/Http/Request), Object(Closure))
#12 E:/1KERJAAN/Telisik Studio/Dashboard HSE/hse-dashboard/hse-backend/vendor/laravel/framework/src/Illuminate/Auth/Middleware/Authenticate.php(64): Illuminate/Pipeline/Pipeline->Illuminate/Pipeline/{closure}(Object(Illuminate/Http/Request))
#13 E:/1KERJAAN/Telisik Studio/Dashboard HSE/hse-dashboard/hse-backend/vendor/laravel/framework/src/Illuminate/Pipeline/Pipeline.php(209): Illuminate/Auth/Middleware/Authenticate->handle(Object(Illuminate/Http/Request), Object(Closure), 'sanctum')
#14 E:/1KERJAAN/Telisik Studio/Dashboard HSE/hse-dashboard/hse-backend/vendor/laravel/sanctum/src/Http/Middleware/EnsureFrontendRequestsAreStateful.php(26): Illuminate/Pipeline/Pipeline->Illuminate/Pipeline/{closure}(Object(Illuminate/Http/Request))
#15 E:/1KERJAAN/Telisik Studio/Dashboard HSE/hse-dashboard/hse-backend/vendor/laravel/framework/src/Illuminate/Pipeline/Pipeline.php(170): Laravel/Sanctum/Http/Middleware/EnsureFrontendRequestsAreStateful->Laravel/Sanctum/Http/Middleware/{closure}(Object(Illuminate/Http/Request))
#16 E:/1KERJAAN/Telisik Studio/Dashboard HSE/hse-dashboard/hse-backend/vendor/laravel/sanctum/src/Http/Middleware/AuthenticateSession.php(60): Illuminate/Pipeline/Pipeline->Illuminate/Pipeline/{closure}(Object(Illuminate/Http/Request))
#17 E:/1KERJAAN/Telisik Studio/Dashboard HSE/hse-dashboard/hse-backend/vendor/laravel/framework/src/Illuminate/Pipeline/Pipeline.php(209): Laravel/Sanctum/Http/Middleware/AuthenticateSession->handle(Object(Illuminate/Http/Request), Object(Closure))
#18 E:/1KERJAAN/Telisik Studio/Dashboard HSE/hse-dashboard/hse-backend/vendor/laravel/framework/src/Illuminate/Foundation/Http/Middleware/VerifyCsrfToken.php(88): Illuminate/Pipeline/Pipeline->Illuminate/Pipeline/{closure}(Object(Illuminate/Http/Request))
#19 E:/1KERJAAN/Telisik Studio/Dashboard HSE/hse-dashboard/hse-backend/vendor/laravel/framework/src/Illuminate/Pipeline/Pipeline.php(209): Illuminate/Foundation/Http/Middleware/VerifyCsrfToken->handle(Object(Illuminate/Http/Request), Object(Closure))
#20 E:/1KERJAAN/Telisik Studio/Dashboard HSE/hse-dashboard/hse-backend/vendor/laravel/framework/src/Illuminate/Session/Middleware/StartSession.php(121): Illuminate/Pipeline/Pipeline->Illuminate/Pipeline/{closure}(Object(Illuminate/Http/Request))
#21 E:/1KERJAAN/Telisik Studio/Dashboard HSE/hse-dashboard/hse-backend/vendor/laravel/framework/src/Illuminate/Session/Middleware/StartSession.php(64): Illuminate/Session/Middleware/StartSession->handleStatefulRequest(Object(Illuminate/Http/Request), Object(Illuminate/Session/Store), Object(Closure))
#22 E:/1KERJAAN/Telisik Studio/Dashboard HSE/hse-dashboard/hse-backend/vendor/laravel/framework/src/Illuminate/Pipeline/Pipeline.php(209): Illuminate/Session/Middleware/StartSession->handle(Object(Illuminate/Http/Request), Object(Closure))
#23 E:/1KERJAAN/Telisik Studio/Dashboard HSE/hse-dashboard/hse-backend/vendor/laravel/framework/src/Illuminate/Cookie/Middleware/AddQueuedCookiesToResponse.php(37): Illuminate/Pipeline/Pipeline->Illuminate/Pipeline/{closure}(Object(Illuminate/Http/Request))
#24 E:/1KERJAAN/Telisik Studio/Dashboard HSE/hse-dashboard/hse-backend/vendor/laravel/framework/src/Illuminate/Pipeline/Pipeline.php(209): Illuminate/Cookie/Middleware/AddQueuedCookiesToResponse->handle(Object(Illuminate/Http/Request), Object(Closure))
#25 E:/1KERJAAN/Telisik Studio/Dashboard HSE/hse-dashboard/hse-backend/vendor/laravel/framework/src/Illuminate/Cookie/Middleware/EncryptCookies.php(75): Illuminate/Pipeline/Pipeline->Illuminate/Pipeline/{closure}(Object(Illuminate/Http/Request))
#26 E:/1KERJAAN/Telisik Studio/Dashboard HSE/hse-dashboard/hse-backend/vendor/laravel/framework/src/Illuminate/Pipeline/Pipeline.php(209): Illuminate/Cookie/Middleware/EncryptCookies->handle(Object(Illuminate/Http/Request), Object(Closure))
#27 E:/1KERJAAN/Telisik Studio/Dashboard HSE/hse-dashboard/hse-backend/vendor/laravel/sanctum/src/Http/Middleware/EnsureFrontendRequestsAreStateful.php(61): Illuminate/Pipeline/Pipeline->Illuminate/Pipeline/{closure}(Object(Illuminate/Http/Request))
#28 E:/1KERJAAN/Telisik Studio/Dashboard HSE/hse-dashboard/hse-backend/vendor/laravel/framework/src/Illuminate/Pipeline/Pipeline.php(191): Laravel/Sanctum/Http/Middleware/EnsureFrontendRequestsAreStateful->Laravel/Sanctum/Http/Middleware/{closure}(Object(Illuminate/Http/Request), Object(Closure))
#29 E:/1KERJAAN/Telisik Studio/Dashboard HSE/hse-dashboard/hse-backend/vendor/laravel/framework/src/Illuminate/Pipeline/Pipeline.php(127): Illuminate/Pipeline/Pipeline->Illuminate/Pipeline/{closure}(Object(Illuminate/Http/Request))
#30 E:/1KERJAAN/Telisik Studio/Dashboard HSE/hse-dashboard/hse-backend/vendor/laravel/sanctum/src/Http/Middleware/EnsureFrontendRequestsAreStateful.php(25): Illuminate/Pipeline/Pipeline->then(Object(Closure))
#31 E:/1KERJAAN/Telisik Studio/Dashboard HSE/hse-dashboard/hse-backend/vendor/laravel/framework/src/Illuminate/Pipeline/Pipeline.php(209): Laravel/Sanctum/Http/Middleware/EnsureFrontendRequestsAreStateful->handle(Object(Illuminate/Http/Request), Object(Closure))
#32 E:/1KERJAAN/Telisik Studio/Dashboard HSE/hse-dashboard/hse-backend/vendor/laravel/framework/src/Illuminate/Pipeline/Pipeline.php(127): Illuminate/Pipeline/Pipeline->Illuminate/Pipeline/{closure}(Object(Illuminate/Http/Request))
#33 E:/1KERJAAN/Telisik Studio/Dashboard HSE/hse-dashboard/hse-backend/vendor/laravel/framework/src/Illuminate/Routing/Router.php(807): Illuminate/Pipeline/Pipeline->then(Object(Closure))
#34 E:/1KERJAAN/Telisik Studio/Dashboard HSE/hse-dashboard/hse-backend/vendor/laravel/framework/src/Illuminate/Routing/Router.php(786): Illuminate/Routing/Router->runRouteWithinStack(Object(Illuminate/Routing/Route), Object(Illuminate/Http/Request))
#35 E:/1KERJAAN/Telisik Studio/Dashboard HSE/hse-dashboard/hse-backend/vendor/laravel/framework/src/Illuminate/Routing/Router.php(750): Illuminate/Routing/Router->runRoute(Object(Illuminate/Http/Request), Object(Illuminate/Routing/Route))
#36 E:/1KERJAAN/Telisik Studio/Dashboard HSE/hse-dashboard/hse-backend/vendor/laravel/framework/src/Illuminate/Routing/Router.php(739): Illuminate/Routing/Router->dispatchToRoute(Object(Illuminate/Http/Request))
#37 E:/1KERJAAN/Telisik Studio/Dashboard HSE/hse-dashboard/hse-backend/vendor/laravel/framework/src/Illuminate/Foundation/Http/Kernel.php(201): Illuminate/Routing/Router->dispatch(Object(Illuminate/Http/Request))
#38 E:/1KERJAAN/Telisik Studio/Dashboard HSE/hse-dashboard/hse-backend/vendor/laravel/framework/src/Illuminate/Pipeline/Pipeline.php(170): Illuminate/Foundation/Http/Kernel->Illuminate/Foundation/Http/{closure}(Object(Illuminate/Http/Request))
#39 E:/1KERJAAN/Telisik Studio/Dashboard HSE/hse-dashboard/hse-backend/vendor/laravel/framework/src/Illuminate/Foundation/Http/Middleware/TransformsRequest.php(21): Illuminate/Pipeline/Pipeline->Illuminate/Pipeline/{closure}(Object(Illuminate/Http/Request))
#40 E:/1KERJAAN/Telisik Studio/Dashboard HSE/hse-dashboard/hse-backend/vendor/laravel/framework/src/Illuminate/Foundation/Http/Middleware/ConvertEmptyStringsToNull.php(31): Illuminate/Foundation/Http/Middleware/TransformsRequest->handle(Object(Illuminate/Http/Request), Object(Closure))
#41 E:/1KERJAAN/Telisik Studio/Dashboard HSE/hse-dashboard/hse-backend/vendor/laravel/framework/src/Illuminate/Pipeline/Pipeline.php(209): Illuminate/Foundation/Http/Middleware/ConvertEmptyStringsToNull->handle(Object(Illuminate/Http/Request), Object(Closure))
#42 E:/1KERJAAN/Telisik Studio/Dashboard HSE/hse-dashboard/hse-backend/vendor/laravel/framework/src/Illuminate/Foundation/Http/Middleware/TransformsRequest.php(21): Illuminate/Pipeline/Pipeline->Illuminate/Pipeline/{closure}(Object(Illuminate/Http/Request))
#43 E:/1KERJAAN/Telisik Studio/Dashboard HSE/hse-dashboard/hse-backend/vendor/laravel/framework/src/Illuminate/Foundation/Http/Middleware/TrimStrings.php(51): Illuminate/Foundation/Http/Middleware/TransformsRequest->handle(Object(Illuminate/Http/Request), Object(Closure))
#44 E:/1KERJAAN/Telisik Studio/Dashboard HSE/hse-dashboard/hse-backend/vendor/laravel/framework/src/Illuminate/Pipeline/Pipeline.php(209): Illuminate/Foundation/Http/Middleware/TrimStrings->handle(Object(Illuminate/Http/Request), Object(Closure))
#45 E:/1KERJAAN/Telisik Studio/Dashboard HSE/hse-dashboard/hse-backend/vendor/laravel/framework/src/Illuminate/Http/Middleware/ValidatePostSize.php(27): Illuminate/Pipeline/Pipeline->Illuminate/Pipeline/{closure}(Object(Illuminate/Http/Request))
#46 E:/1KERJAAN/Telisik Studio/Dashboard HSE/hse-dashboard/hse-backend/vendor/laravel/framework/src/Illuminate/Pipeline/Pipeline.php(209): Illuminate/Http/Middleware/ValidatePostSize->handle(Object(Illuminate/Http/Request), Object(Closure))
#47 E:/1KERJAAN/Telisik Studio/Dashboard HSE/hse-dashboard/hse-backend/vendor/laravel/framework/src/Illuminate/Foundation/Http/Middleware/PreventRequestsDuringMaintenance.php(110): Illuminate/Pipeline/Pipeline->Illuminate/Pipeline/{closure}(Object(Illuminate/Http/Request))
#48 E:/1KERJAAN/Telisik Studio/Dashboard HSE/hse-dashboard/hse-backend/vendor/laravel/framework/src/Illuminate/Pipeline/Pipeline.php(209): Illuminate/Foundation/Http/Middleware/PreventRequestsDuringMaintenance->handle(Object(Illuminate/Http/Request), Object(Closure))
#49 E:/1KERJAAN/Telisik Studio/Dashboard HSE/hse-dashboard/hse-backend/vendor/laravel/framework/src/Illuminate/Http/Middleware/HandleCors.php(62): Illuminate/Pipeline/Pipeline->Illuminate/Pipeline/{closure}(Object(Illuminate/Http/Request))
#50 E:/1KERJAAN/Telisik Studio/Dashboard HSE/hse-dashboard/hse-backend/vendor/laravel/framework/src/Illuminate/Pipeline/Pipeline.php(209): Illuminate/Http/Middleware/HandleCors->handle(Object(Illuminate/Http/Request), Object(Closure))
#51 E:/1KERJAAN/Telisik Studio/Dashboard HSE/hse-dashboard/hse-backend/vendor/laravel/framework/src/Illuminate/Http/Middleware/TrustProxies.php(58): Illuminate/Pipeline/Pipeline->Illuminate/Pipeline/{closure}(Object(Illuminate/Http/Request))
#52 E:/1KERJAAN/Telisik Studio/Dashboard HSE/hse-dashboard/hse-backend/vendor/laravel/framework/src/Illuminate/Pipeline/Pipeline.php(209): Illuminate/Http/Middleware/TrustProxies->handle(Object(Illuminate/Http/Request), Object(Closure))
#53 E:/1KERJAAN/Telisik Studio/Dashboard HSE/hse-dashboard/hse-backend/vendor/laravel/framework/src/Illuminate/Foundation/Http/Middleware/InvokeDeferredCallbacks.php(22): Illuminate/Pipeline/Pipeline->Illuminate/Pipeline/{closure}(Object(Illuminate/Http/Request))
#54 E:/1KERJAAN/Telisik Studio/Dashboard HSE/hse-dashboard/hse-backend/vendor/laravel/framework/src/Illuminate/Pipeline/Pipeline.php(209): Illuminate/Foundation/Http/Middleware/InvokeDeferredCallbacks->handle(Object(Illuminate/Http/Request), Object(Closure))
#55 E:/1KERJAAN/Telisik Studio/Dashboard HSE/hse-dashboard/hse-backend/vendor/laravel/framework/src/Illuminate/Pipeline/Pipeline.php(127): Illuminate/Pipeline/Pipeline->Illuminate/Pipeline/{closure}(Object(Illuminate/Http/Request))
#56 E:/1KERJAAN/Telisik Studio/Dashboard HSE/hse-dashboard/hse-backend/vendor/laravel/framework/src/Illuminate/Foundation/Http/Kernel.php(176): Illuminate/Pipeline/Pipeline->then(Object(Closure))
#57 E:/1KERJAAN/Telisik Studio/Dashboard HSE/hse-dashboard/hse-backend/vendor/laravel/framework/src/Illuminate/Foundation/Http/Kernel.php(145): Illuminate/Foundation/Http/Kernel->sendRequestThroughRouter(Object(Illuminate/Http/Request))
#58 E:/1KERJAAN/Telisik Studio/Dashboard HSE/hse-dashboard/hse-backend/vendor/laravel/framework/src/Illuminate/Foundation/Application.php(1220): Illuminate/Foundation/Http/Kernel->handle(Object(Illuminate/Http/Request))
#59 E:/1KERJAAN/Telisik Studio/Dashboard HSE/hse-dashboard/hse-backend/public/index.php(17): Illuminate/Foundation/Application->handleRequest(Object(Illuminate/Http/Request))
#60 E:/1KERJAAN/Telisik Studio/Dashboard HSE/hse-dashboard/hse-backend/vendor/laravel/framework/src/Illuminate/Foundation/resources/server.php(23): require_once('E://1KERJAAN//Tel...')
#61 {main}
"} 
[2026-08-04 17:14:01] local.ERROR: Call to undefined method Illuminate\Database\Eloquent\Builder::query() {"userId":2,"exception":"[object] (BadMethodCallException(code: 0): Call to undefined method Illuminate\\Database\\Eloquent\\Builder::query() at E:/1KERJAAN/Telisik Studio/Dashboard HSE/hse-dashboard/hse-backend/vendor/laravel/framework/src/Illuminate/Support/Traits/ForwardsCalls.php:67)
[stacktrace]
#0 E:/1KERJAAN/Telisik Studio/Dashboard HSE/hse-dashboard/hse-backend/vendor/laravel/framework/src/Illuminate/Support/Traits/ForwardsCalls.php(36): Illuminate/Database/Eloquent/Builder::throwBadMethodCallException('query')
#1 E:/1KERJAAN/Telisik Studio/Dashboard HSE/hse-dashboard/hse-backend/vendor/laravel/framework/src/Illuminate/Database/Eloquent/Builder.php(2123): Illuminate/Database/Eloquent/Builder->forwardCallTo(Object(Illuminate/Database/Query/Builder), 'query', Array)
#2 E:/1KERJAAN/Telisik Studio/Dashboard HSE/hse-dashboard/hse-backend/app/Http/Controllers/Api/PermitController.php(23): Illuminate/Database/Eloquent/Builder->__call('query', Array)
#3 E:/1KERJAAN/Telisik Studio/Dashboard HSE/hse-dashboard/hse-backend/vendor/laravel/framework/src/Illuminate/Routing/ControllerDispatcher.php(47): App/Http/Controllers/Api/PermitController->index(Object(Illuminate/Http/Request))
#4 E:/1KERJAAN/Telisik Studio/Dashboard HSE/hse-dashboard/hse-backend/vendor/laravel/framework/src/Illuminate/Routing/Route.php(266): Illuminate/Routing/ControllerDispatcher->dispatch(Object(Illuminate/Routing/Route), Object(App/Http/Controllers/Api/PermitController), 'index')
#5 E:/1KERJAAN/Telisik Studio/Dashboard HSE/hse-dashboard/hse-backend/vendor/laravel/framework/src/Illuminate/Routing/Route.php(212): Illuminate/Routing/Route->runController()
#6 E:/1KERJAAN/Telisik Studio/Dashboard HSE/hse-dashboard/hse-backend/vendor/laravel/framework/src/Illuminate/Routing/Router.php(808): Illuminate/Routing/Route->run()
#7 E:/1KERJAAN/Telisik Studio/Dashboard HSE/hse-dashboard/hse-backend/vendor/laravel/framework/src/Illuminate/Pipeline/Pipeline.php(170): Illuminate/Routing/Router->Illuminate/Routing/{closure}(Object(Illuminate/Http/Request))
#8 E:/1KERJAAN/Telisik Studio/Dashboard HSE/hse-dashboard/hse-backend/app/Http/Middleware/EnsureAnyPermission.php(26): Illuminate/Pipeline/Pipeline->Illuminate/Pipeline/{closure}(Object(Illuminate/Http/Request))
#9 E:/1KERJAAN/Telisik Studio/Dashboard HSE/hse-dashboard/hse-backend/vendor/laravel/framework/src/Illuminate/Pipeline/Pipeline.php(209): App/Http/Middleware/EnsureAnyPermission->handle(Object(Illuminate/Http/Request), Object(Closure), 'permits', 'permits_own')
#10 E:/1KERJAAN/Telisik Studio/Dashboard HSE/hse-dashboard/hse-backend/vendor/laravel/framework/src/Illuminate/Routing/Middleware/SubstituteBindings.php(51): Illuminate/Pipeline/Pipeline->Illuminate/Pipeline/{closure}(Object(Illuminate/Http/Request))
#11 E:/1KERJAAN/Telisik Studio/Dashboard HSE/hse-dashboard/hse-backend/vendor/laravel/framework/src/Illuminate/Pipeline/Pipeline.php(209): Illuminate/Routing/Middleware/SubstituteBindings->handle(Object(Illuminate/Http/Request), Object(Closure))
#12 E:/1KERJAAN/Telisik Studio/Dashboard HSE/hse-dashboard/hse-backend/vendor/laravel/framework/src/Illuminate/Auth/Middleware/Authenticate.php(64): Illuminate/Pipeline/Pipeline->Illuminate/Pipeline/{closure}(Object(Illuminate/Http/Request))
#13 E:/1KERJAAN/Telisik Studio/Dashboard HSE/hse-dashboard/hse-backend/vendor/laravel/framework/src/Illuminate/Pipeline/Pipeline.php(209): Illuminate/Auth/Middleware/Authenticate->handle(Object(Illuminate/Http/Request), Object(Closure), 'sanctum')
#14 E:/1KERJAAN/Telisik Studio/Dashboard HSE/hse-dashboard/hse-backend/vendor/laravel/sanctum/src/Http/Middleware/EnsureFrontendRequestsAreStateful.php(26): Illuminate/Pipeline/Pipeline->Illuminate/Pipeline/{closure}(Object(Illuminate/Http/Request))
#15 E:/1KERJAAN/Telisik Studio/Dashboard HSE/hse-dashboard/hse-backend/vendor/laravel/framework/src/Illuminate/Pipeline/Pipeline.php(170): Laravel/Sanctum/Http/Middleware/EnsureFrontendRequestsAreStateful->Laravel/Sanctum/Http/Middleware/{closure}(Object(Illuminate/Http/Request))
#16 E:/1KERJAAN/Telisik Studio/Dashboard HSE/hse-dashboard/hse-backend/vendor/laravel/sanctum/src/Http/Middleware/AuthenticateSession.php(60): Illuminate/Pipeline/Pipeline->Illuminate/Pipeline/{closure}(Object(Illuminate/Http/Request))
#17 E:/1KERJAAN/Telisik Studio/Dashboard HSE/hse-dashboard/hse-backend/vendor/laravel/framework/src/Illuminate/Pipeline/Pipeline.php(209): Laravel/Sanctum/Http/Middleware/AuthenticateSession->handle(Object(Illuminate/Http/Request), Object(Closure))
#18 E:/1KERJAAN/Telisik Studio/Dashboard HSE/hse-dashboard/hse-backend/vendor/laravel/framework/src/Illuminate/Foundation/Http/Middleware/VerifyCsrfToken.php(88): Illuminate/Pipeline/Pipeline->Illuminate/Pipeline/{closure}(Object(Illuminate/Http/Request))
#19 E:/1KERJAAN/Telisik Studio/Dashboard HSE/hse-dashboard/hse-backend/vendor/laravel/framework/src/Illuminate/Pipeline/Pipeline.php(209): Illuminate/Foundation/Http/Middleware/VerifyCsrfToken->handle(Object(Illuminate/Http/Request), Object(Closure))
#20 E:/1KERJAAN/Telisik Studio/Dashboard HSE/hse-dashboard/hse-backend/vendor/laravel/framework/src/Illuminate/Session/Middleware/StartSession.php(121): Illuminate/Pipeline/Pipeline->Illuminate/Pipeline/{closure}(Object(Illuminate/Http/Request))
#21 E:/1KERJAAN/Telisik Studio/Dashboard HSE/hse-dashboard/hse-backend/vendor/laravel/framework/src/Illuminate/Session/Middleware/StartSession.php(64): Illuminate/Session/Middleware/StartSession->handleStatefulRequest(Object(Illuminate/Http/Request), Object(Illuminate/Session/Store), Object(Closure))
#22 E:/1KERJAAN/Telisik Studio/Dashboard HSE/hse-dashboard/hse-backend/vendor/laravel/framework/src/Illuminate/Pipeline/Pipeline.php(209): Illuminate/Session/Middleware/StartSession->handle(Object(Illuminate/Http/Request), Object(Closure))
#23 E:/1KERJAAN/Telisik Studio/Dashboard HSE/hse-dashboard/hse-backend/vendor/laravel/framework/src/Illuminate/Cookie/Middleware/AddQueuedCookiesToResponse.php(37): Illuminate/Pipeline/Pipeline->Illuminate/Pipeline/{closure}(Object(Illuminate/Http/Request))
#24 E:/1KERJAAN/Telisik Studio/Dashboard HSE/hse-dashboard/hse-backend/vendor/laravel/framework/src/Illuminate/Pipeline/Pipeline.php(209): Illuminate/Cookie/Middleware/AddQueuedCookiesToResponse->handle(Object(Illuminate/Http/Request), Object(Closure))
#25 E:/1KERJAAN/Telisik Studio/Dashboard HSE/hse-dashboard/hse-backend/vendor/laravel/framework/src/Illuminate/Cookie/Middleware/EncryptCookies.php(75): Illuminate/Pipeline/Pipeline->Illuminate/Pipeline/{closure}(Object(Illuminate/Http/Request))
#26 E:/1KERJAAN/Telisik Studio/Dashboard HSE/hse-dashboard/hse-backend/vendor/laravel/framework/src/Illuminate/Pipeline/Pipeline.php(209): Illuminate/Cookie/Middleware/EncryptCookies->handle(Object(Illuminate/Http/Request), Object(Closure))
#27 E:/1KERJAAN/Telisik Studio/Dashboard HSE/hse-dashboard/hse-backend/vendor/laravel/sanctum/src/Http/Middleware/EnsureFrontendRequestsAreStateful.php(61): Illuminate/Pipeline/Pipeline->Illuminate/Pipeline/{closure}(Object(Illuminate/Http/Request))
#28 E:/1KERJAAN/Telisik Studio/Dashboard HSE/hse-dashboard/hse-backend/vendor/laravel/framework/src/Illuminate/Pipeline/Pipeline.php(191): Laravel/Sanctum/Http/Middleware/EnsureFrontendRequestsAreStateful->Laravel/Sanctum/Http/Middleware/{closure}(Object(Illuminate/Http/Request), Object(Closure))
#29 E:/1KERJAAN/Telisik Studio/Dashboard HSE/hse-dashboard/hse-backend/vendor/laravel/framework/src/Illuminate/Pipeline/Pipeline.php(127): Illuminate/Pipeline/Pipeline->Illuminate/Pipeline/{closure}(Object(Illuminate/Http/Request))
#30 E:/1KERJAAN/Telisik Studio/Dashboard HSE/hse-dashboard/hse-backend/vendor/laravel/sanctum/src/Http/Middleware/EnsureFrontendRequestsAreStateful.php(25): Illuminate/Pipeline/Pipeline->then(Object(Closure))
#31 E:/1KERJAAN/Telisik Studio/Dashboard HSE/hse-dashboard/hse-backend/vendor/laravel/framework/src/Illuminate/Pipeline/Pipeline.php(209): Laravel/Sanctum/Http/Middleware/EnsureFrontendRequestsAreStateful->handle(Object(Illuminate/Http/Request), Object(Closure))
#32 E:/1KERJAAN/Telisik Studio/Dashboard HSE/hse-dashboard/hse-backend/vendor/laravel/framework/src/Illuminate/Pipeline/Pipeline.php(127): Illuminate/Pipeline/Pipeline->Illuminate/Pipeline/{closure}(Object(Illuminate/Http/Request))
#33 E:/1KERJAAN/Telisik Studio/Dashboard HSE/hse-dashboard/hse-backend/vendor/laravel/framework/src/Illuminate/Routing/Router.php(807): Illuminate/Pipeline/Pipeline->then(Object(Closure))
#34 E:/1KERJAAN/Telisik Studio/Dashboard HSE/hse-dashboard/hse-backend/vendor/laravel/framework/src/Illuminate/Routing/Router.php(786): Illuminate/Routing/Router->runRouteWithinStack(Object(Illuminate/Routing/Route), Object(Illuminate/Http/Request))
#35 E:/1KERJAAN/Telisik Studio/Dashboard HSE/hse-dashboard/hse-backend/vendor/laravel/framework/src/Illuminate/Routing/Router.php(750): Illuminate/Routing/Router->runRoute(Object(Illuminate/Http/Request), Object(Illuminate/Routing/Route))
#36 E:/1KERJAAN/Telisik Studio/Dashboard HSE/hse-dashboard/hse-backend/vendor/laravel/framework/src/Illuminate/Routing/Router.php(739): Illuminate/Routing/Router->dispatchToRoute(Object(Illuminate/Http/Request))
#37 E:/1KERJAAN/Telisik Studio/Dashboard HSE/hse-dashboard/hse-backend/vendor/laravel/framework/src/Illuminate/Foundation/Http/Kernel.php(201): Illuminate/Routing/Router->dispatch(Object(Illuminate/Http/Request))
#38 E:/1KERJAAN/Telisik Studio/Dashboard HSE/hse-dashboard/hse-backend/vendor/laravel/framework/src/Illuminate/Pipeline/Pipeline.php(170): Illuminate/Foundation/Http/Kernel->Illuminate/Foundation/Http/{closure}(Object(Illuminate/Http/Request))
#39 E:/1KERJAAN/Telisik Studio/Dashboard HSE/hse-dashboard/hse-backend/vendor/laravel/framework/src/Illuminate/Foundation/Http/Middleware/TransformsRequest.php(21): Illuminate/Pipeline/Pipeline->Illuminate/Pipeline/{closure}(Object(Illuminate/Http/Request))
#40 E:/1KERJAAN/Telisik Studio/Dashboard HSE/hse-dashboard/hse-backend/vendor/laravel/framework/src/Illuminate/Foundation/Http/Middleware/ConvertEmptyStringsToNull.php(31): Illuminate/Foundation/Http/Middleware/TransformsRequest->handle(Object(Illuminate/Http/Request), Object(Closure))
#41 E:/1KERJAAN/Telisik Studio/Dashboard HSE/hse-dashboard/hse-backend/vendor/laravel/framework/src/Illuminate/Pipeline/Pipeline.php(209): Illuminate/Foundation/Http/Middleware/ConvertEmptyStringsToNull->handle(Object(Illuminate/Http/Request), Object(Closure))
#42 E:/1KERJAAN/Telisik Studio/Dashboard HSE/hse-dashboard/hse-backend/vendor/laravel/framework/src/Illuminate/Foundation/Http/Middleware/TransformsRequest.php(21): Illuminate/Pipeline/Pipeline->Illuminate/Pipeline/{closure}(Object(Illuminate/Http/Request))
#43 E:/1KERJAAN/Telisik Studio/Dashboard HSE/hse-dashboard/hse-backend/vendor/laravel/framework/src/Illuminate/Foundation/Http/Middleware/TrimStrings.php(51): Illuminate/Foundation/Http/Middleware/TransformsRequest->handle(Object(Illuminate/Http/Request), Object(Closure))
#44 E:/1KERJAAN/Telisik Studio/Dashboard HSE/hse-dashboard/hse-backend/vendor/laravel/framework/src/Illuminate/Pipeline/Pipeline.php(209): Illuminate/Foundation/Http/Middleware/TrimStrings->handle(Object(Illuminate/Http/Request), Object(Closure))
#45 E:/1KERJAAN/Telisik Studio/Dashboard HSE/hse-dashboard/hse-backend/vendor/laravel/framework/src/Illuminate/Http/Middleware/ValidatePostSize.php(27): Illuminate/Pipeline/Pipeline->Illuminate/Pipeline/{closure}(Object(Illuminate/Http/Request))
#46 E:/1KERJAAN/Telisik Studio/Dashboard HSE/hse-dashboard/hse-backend/vendor/laravel/framework/src/Illuminate/Pipeline/Pipeline.php(209): Illuminate/Http/Middleware/ValidatePostSize->handle(Object(Illuminate/Http/Request), Object(Closure))
#47 E:/1KERJAAN/Telisik Studio/Dashboard HSE/hse-dashboard/hse-backend/vendor/laravel/framework/src/Illuminate/Foundation/Http/Middleware/PreventRequestsDuringMaintenance.php(110): Illuminate/Pipeline/Pipeline->Illuminate/Pipeline/{closure}(Object(Illuminate/Http/Request))
#48 E:/1KERJAAN/Telisik Studio/Dashboard HSE/hse-dashboard/hse-backend/vendor/laravel/framework/src/Illuminate/Pipeline/Pipeline.php(209): Illuminate/Foundation/Http/Middleware/PreventRequestsDuringMaintenance->handle(Object(Illuminate/Http/Request), Object(Closure))
#49 E:/1KERJAAN/Telisik Studio/Dashboard HSE/hse-dashboard/hse-backend/vendor/laravel/framework/src/Illuminate/Http/Middleware/HandleCors.php(62): Illuminate/Pipeline/Pipeline->Illuminate/Pipeline/{closure}(Object(Illuminate/Http/Request))
#50 E:/1KERJAAN/Telisik Studio/Dashboard HSE/hse-dashboard/hse-backend/vendor/laravel/framework/src/Illuminate/Pipeline/Pipeline.php(209): Illuminate/Http/Middleware/HandleCors->handle(Object(Illuminate/Http/Request), Object(Closure))
#51 E:/1KERJAAN/Telisik Studio/Dashboard HSE/hse-dashboard/hse-backend/vendor/laravel/framework/src/Illuminate/Http/Middleware/TrustProxies.php(58): Illuminate/Pipeline/Pipeline->Illuminate/Pipeline/{closure}(Object(Illuminate/Http/Request))
#52 E:/1KERJAAN/Telisik Studio/Dashboard HSE/hse-dashboard/hse-backend/vendor/laravel/framework/src/Illuminate/Pipeline/Pipeline.php(209): Illuminate/Http/Middleware/TrustProxies->handle(Object(Illuminate/Http/Request), Object(Closure))
#53 E:/1KERJAAN/Telisik Studio/Dashboard HSE/hse-dashboard/hse-backend/vendor/laravel/framework/src/Illuminate/Foundation/Http/Middleware/InvokeDeferredCallbacks.php(22): Illuminate/Pipeline/Pipeline->Illuminate/Pipeline/{closure}(Object(Illuminate/Http/Request))
#54 E:/1KERJAAN/Telisik Studio/Dashboard HSE/hse-dashboard/hse-backend/vendor/laravel/framework/src/Illuminate/Pipeline/Pipeline.php(209): Illuminate/Foundation/Http/Middleware/InvokeDeferredCallbacks->handle(Object(Illuminate/Http/Request), Object(Closure))
#55 E:/1KERJAAN/Telisik Studio/Dashboard HSE/hse-dashboard/hse-backend/vendor/laravel/framework/src/Illuminate/Pipeline/Pipeline.php(127): Illuminate/Pipeline/Pipeline->Illuminate/Pipeline/{closure}(Object(Illuminate/Http/Request))
#56 E:/1KERJAAN/Telisik Studio/Dashboard HSE/hse-dashboard/hse-backend/vendor/laravel/framework/src/Illuminate/Foundation/Http/Kernel.php(176): Illuminate/Pipeline/Pipeline->then(Object(Closure))
#57 E:/1KERJAAN/Telisik Studio/Dashboard HSE/hse-dashboard/hse-backend/vendor/laravel/framework/src/Illuminate/Foundation/Http/Kernel.php(145): Illuminate/Foundation/Http/Kernel->sendRequestThroughRouter(Object(Illuminate/Http/Request))
#58 E:/1KERJAAN/Telisik Studio/Dashboard HSE/hse-dashboard/hse-backend/vendor/laravel/framework/src/Illuminate/Foundation/Application.php(1220): Illuminate/Foundation/Http/Kernel->handle(Object(Illuminate/Http/Request))
#59 E:/1KERJAAN/Telisik Studio/Dashboard HSE/hse-dashboard/hse-backend/public/index.php(17): Illuminate/Foundation/Application->handleRequest(Object(Illuminate/Http/Request))
#60 E:/1KERJAAN/Telisik Studio/Dashboard HSE/hse-dashboard/hse-backend/vendor/laravel/framework/src/Illuminate/Foundation/resources/server.php(23): require_once('E://1KERJAAN//Tel...')
#61 {main}
"} 
[2026-08-04 17:14:01] local.ERROR: Call to undefined method Illuminate\Database\Eloquent\Builder::query() {"userId":2,"exception":"[object] (BadMethodCallException(code: 0): Call to undefined method Illuminate\\Database\\Eloquent\\Builder::query() at E:/1KERJAAN/Telisik Studio/Dashboard HSE/hse-dashboard/hse-backend/vendor/laravel/framework/src/Illuminate/Support/Traits/ForwardsCalls.php:67)
[stacktrace]
#0 E:/1KERJAAN/Telisik Studio/Dashboard HSE/hse-dashboard/hse-backend/vendor/laravel/framework/src/Illuminate/Support/Traits/ForwardsCalls.php(36): Illuminate/Database/Eloquent/Builder::throwBadMethodCallException('query')
#1 E:/1KERJAAN/Telisik Studio/Dashboard HSE/hse-dashboard/hse-backend/vendor/laravel/framework/src/Illuminate/Database/Eloquent/Builder.php(2123): Illuminate/Database/Eloquent/Builder->forwardCallTo(Object(Illuminate/Database/Query/Builder), 'query', Array)
#2 E:/1KERJAAN/Telisik Studio/Dashboard HSE/hse-dashboard/hse-backend/app/Http/Controllers/Api/PermitController.php(23): Illuminate/Database/Eloquent/Builder->__call('query', Array)
#3 E:/1KERJAAN/Telisik Studio/Dashboard HSE/hse-dashboard/hse-backend/vendor/laravel/framework/src/Illuminate/Routing/ControllerDispatcher.php(47): App/Http/Controllers/Api/PermitController->index(Object(Illuminate/Http/Request))
#4 E:/1KERJAAN/Telisik Studio/Dashboard HSE/hse-dashboard/hse-backend/vendor/laravel/framework/src/Illuminate/Routing/Route.php(266): Illuminate/Routing/ControllerDispatcher->dispatch(Object(Illuminate/Routing/Route), Object(App/Http/Controllers/Api/PermitController), 'index')
#5 E:/1KERJAAN/Telisik Studio/Dashboard HSE/hse-dashboard/hse-backend/vendor/laravel/framework/src/Illuminate/Routing/Route.php(212): Illuminate/Routing/Route->runController()
#6 E:/1KERJAAN/Telisik Studio/Dashboard HSE/hse-dashboard/hse-backend/vendor/laravel/framework/src/Illuminate/Routing/Router.php(808): Illuminate/Routing/Route->run()
#7 E:/1KERJAAN/Telisik Studio/Dashboard HSE/hse-dashboard/hse-backend/vendor/laravel/framework/src/Illuminate/Pipeline/Pipeline.php(170): Illuminate/Routing/Router->Illuminate/Routing/{closure}(Object(Illuminate/Http/Request))
#8 E:/1KERJAAN/Telisik Studio/Dashboard HSE/hse-dashboard/hse-backend/app/Http/Middleware/EnsureAnyPermission.php(26): Illuminate/Pipeline/Pipeline->Illuminate/Pipeline/{closure}(Object(Illuminate/Http/Request))
#9 E:/1KERJAAN/Telisik Studio/Dashboard HSE/hse-dashboard/hse-backend/vendor/laravel/framework/src/Illuminate/Pipeline/Pipeline.php(209): App/Http/Middleware/EnsureAnyPermission->handle(Object(Illuminate/Http/Request), Object(Closure), 'permits', 'permits_own')
#10 E:/1KERJAAN/Telisik Studio/Dashboard HSE/hse-dashboard/hse-backend/vendor/laravel/framework/src/Illuminate/Routing/Middleware/SubstituteBindings.php(51): Illuminate/Pipeline/Pipeline->Illuminate/Pipeline/{closure}(Object(Illuminate/Http/Request))
#11 E:/1KERJAAN/Telisik Studio/Dashboard HSE/hse-dashboard/hse-backend/vendor/laravel/framework/src/Illuminate/Pipeline/Pipeline.php(209): Illuminate/Routing/Middleware/SubstituteBindings->handle(Object(Illuminate/Http/Request), Object(Closure))
#12 E:/1KERJAAN/Telisik Studio/Dashboard HSE/hse-dashboard/hse-backend/vendor/laravel/framework/src/Illuminate/Auth/Middleware/Authenticate.php(64): Illuminate/Pipeline/Pipeline->Illuminate/Pipeline/{closure}(Object(Illuminate/Http/Request))
#13 E:/1KERJAAN/Telisik Studio/Dashboard HSE/hse-dashboard/hse-backend/vendor/laravel/framework/src/Illuminate/Pipeline/Pipeline.php(209): Illuminate/Auth/Middleware/Authenticate->handle(Object(Illuminate/Http/Request), Object(Closure), 'sanctum')
#14 E:/1KERJAAN/Telisik Studio/Dashboard HSE/hse-dashboard/hse-backend/vendor/laravel/sanctum/src/Http/Middleware/EnsureFrontendRequestsAreStateful.php(26): Illuminate/Pipeline/Pipeline->Illuminate/Pipeline/{closure}(Object(Illuminate/Http/Request))
#15 E:/1KERJAAN/Telisik Studio/Dashboard HSE/hse-dashboard/hse-backend/vendor/laravel/framework/src/Illuminate/Pipeline/Pipeline.php(170): Laravel/Sanctum/Http/Middleware/EnsureFrontendRequestsAreStateful->Laravel/Sanctum/Http/Middleware/{closure}(Object(Illuminate/Http/Request))
#16 E:/1KERJAAN/Telisik Studio/Dashboard HSE/hse-dashboard/hse-backend/vendor/laravel/sanctum/src/Http/Middleware/AuthenticateSession.php(60): Illuminate/Pipeline/Pipeline->Illuminate/Pipeline/{closure}(Object(Illuminate/Http/Request))
#17 E:/1KERJAAN/Telisik Studio/Dashboard HSE/hse-dashboard/hse-backend/vendor/laravel/framework/src/Illuminate/Pipeline/Pipeline.php(209): Laravel/Sanctum/Http/Middleware/AuthenticateSession->handle(Object(Illuminate/Http/Request), Object(Closure))
#18 E:/1KERJAAN/Telisik Studio/Dashboard HSE/hse-dashboard/hse-backend/vendor/laravel/framework/src/Illuminate/Foundation/Http/Middleware/VerifyCsrfToken.php(88): Illuminate/Pipeline/Pipeline->Illuminate/Pipeline/{closure}(Object(Illuminate/Http/Request))
#19 E:/1KERJAAN/Telisik Studio/Dashboard HSE/hse-dashboard/hse-backend/vendor/laravel/framework/src/Illuminate/Pipeline/Pipeline.php(209): Illuminate/Foundation/Http/Middleware/VerifyCsrfToken->handle(Object(Illuminate/Http/Request), Object(Closure))
#20 E:/1KERJAAN/Telisik Studio/Dashboard HSE/hse-dashboard/hse-backend/vendor/laravel/framework/src/Illuminate/Session/Middleware/StartSession.php(121): Illuminate/Pipeline/Pipeline->Illuminate/Pipeline/{closure}(Object(Illuminate/Http/Request))
#21 E:/1KERJAAN/Telisik Studio/Dashboard HSE/hse-dashboard/hse-backend/vendor/laravel/framework/src/Illuminate/Session/Middleware/StartSession.php(64): Illuminate/Session/Middleware/StartSession->handleStatefulRequest(Object(Illuminate/Http/Request), Object(Illuminate/Session/Store), Object(Closure))
#22 E:/1KERJAAN/Telisik Studio/Dashboard HSE/hse-dashboard/hse-backend/vendor/laravel/framework/src/Illuminate/Pipeline/Pipeline.php(209): Illuminate/Session/Middleware/StartSession->handle(Object(Illuminate/Http/Request), Object(Closure))
#23 E:/1KERJAAN/Telisik Studio/Dashboard HSE/hse-dashboard/hse-backend/vendor/laravel/framework/src/Illuminate/Cookie/Middleware/AddQueuedCookiesToResponse.php(37): Illuminate/Pipeline/Pipeline->Illuminate/Pipeline/{closure}(Object(Illuminate/Http/Request))
#24 E:/1KERJAAN/Telisik Studio/Dashboard HSE/hse-dashboard/hse-backend/vendor/laravel/framework/src/Illuminate/Pipeline/Pipeline.php(209): Illuminate/Cookie/Middleware/AddQueuedCookiesToResponse->handle(Object(Illuminate/Http/Request), Object(Closure))
#25 E:/1KERJAAN/Telisik Studio/Dashboard HSE/hse-dashboard/hse-backend/vendor/laravel/framework/src/Illuminate/Cookie/Middleware/EncryptCookies.php(75): Illuminate/Pipeline/Pipeline->Illuminate/Pipeline/{closure}(Object(Illuminate/Http/Request))
#26 E:/1KERJAAN/Telisik Studio/Dashboard HSE/hse-dashboard/hse-backend/vendor/laravel/framework/src/Illuminate/Pipeline/Pipeline.php(209): Illuminate/Cookie/Middleware/EncryptCookies->handle(Object(Illuminate/Http/Request), Object(Closure))
#27 E:/1KERJAAN/Telisik Studio/Dashboard HSE/hse-dashboard/hse-backend/vendor/laravel/sanctum/src/Http/Middleware/EnsureFrontendRequestsAreStateful.php(61): Illuminate/Pipeline/Pipeline->Illuminate/Pipeline/{closure}(Object(Illuminate/Http/Request))
#28 E:/1KERJAAN/Telisik Studio/Dashboard HSE/hse-dashboard/hse-backend/vendor/laravel/framework/src/Illuminate/Pipeline/Pipeline.php(191): Laravel/Sanctum/Http/Middleware/EnsureFrontendRequestsAreStateful->Laravel/Sanctum/Http/Middleware/{closure}(Object(Illuminate/Http/Request), Object(Closure))
#29 E:/1KERJAAN/Telisik Studio/Dashboard HSE/hse-dashboard/hse-backend/vendor/laravel/framework/src/Illuminate/Pipeline/Pipeline.php(127): Illuminate/Pipeline/Pipeline->Illuminate/Pipeline/{closure}(Object(Illuminate/Http/Request))
#30 E:/1KERJAAN/Telisik Studio/Dashboard HSE/hse-dashboard/hse-backend/vendor/laravel/sanctum/src/Http/Middleware/EnsureFrontendRequestsAreStateful.php(25): Illuminate/Pipeline/Pipeline->then(Object(Closure))
#31 E:/1KERJAAN/Telisik Studio/Dashboard HSE/hse-dashboard/hse-backend/vendor/laravel/framework/src/Illuminate/Pipeline/Pipeline.php(209): Laravel/Sanctum/Http/Middleware/EnsureFrontendRequestsAreStateful->handle(Object(Illuminate/Http/Request), Object(Closure))
#32 E:/1KERJAAN/Telisik Studio/Dashboard HSE/hse-dashboard/hse-backend/vendor/laravel/framework/src/Illuminate/Pipeline/Pipeline.php(127): Illuminate/Pipeline/Pipeline->Illuminate/Pipeline/{closure}(Object(Illuminate/Http/Request))
#33 E:/1KERJAAN/Telisik Studio/Dashboard HSE/hse-dashboard/hse-backend/vendor/laravel/framework/src/Illuminate/Routing/Router.php(807): Illuminate/Pipeline/Pipeline->then(Object(Closure))
#34 E:/1KERJAAN/Telisik Studio/Dashboard HSE/hse-dashboard/hse-backend/vendor/laravel/framework/src/Illuminate/Routing/Router.php(786): Illuminate/Routing/Router->runRouteWithinStack(Object(Illuminate/Routing/Route), Object(Illuminate/Http/Request))
#35 E:/1KERJAAN/Telisik Studio/Dashboard HSE/hse-dashboard/hse-backend/vendor/laravel/framework/src/Illuminate/Routing/Router.php(750): Illuminate/Routing/Router->runRoute(Object(Illuminate/Http/Request), Object(Illuminate/Routing/Route))
#36 E:/1KERJAAN/Telisik Studio/Dashboard HSE/hse-dashboard/hse-backend/vendor/laravel/framework/src/Illuminate/Routing/Router.php(739): Illuminate/Routing/Router->dispatchToRoute(Object(Illuminate/Http/Request))
#37 E:/1KERJAAN/Telisik Studio/Dashboard HSE/hse-dashboard/hse-backend/vendor/laravel/framework/src/Illuminate/Foundation/Http/Kernel.php(201): Illuminate/Routing/Router->dispatch(Object(Illuminate/Http/Request))
#38 E:/1KERJAAN/Telisik Studio/Dashboard HSE/hse-dashboard/hse-backend/vendor/laravel/framework/src/Illuminate/Pipeline/Pipeline.php(170): Illuminate/Foundation/Http/Kernel->Illuminate/Foundation/Http/{closure}(Object(Illuminate/Http/Request))
#39 E:/1KERJAAN/Telisik Studio/Dashboard HSE/hse-dashboard/hse-backend/vendor/laravel/framework/src/Illuminate/Foundation/Http/Middleware/TransformsRequest.php(21): Illuminate/Pipeline/Pipeline->Illuminate/Pipeline/{closure}(Object(Illuminate/Http/Request))
#40 E:/1KERJAAN/Telisik Studio/Dashboard HSE/hse-dashboard/hse-backend/vendor/laravel/framework/src/Illuminate/Foundation/Http/Middleware/ConvertEmptyStringsToNull.php(31): Illuminate/Foundation/Http/Middleware/TransformsRequest->handle(Object(Illuminate/Http/Request), Object(Closure))
#41 E:/1KERJAAN/Telisik Studio/Dashboard HSE/hse-dashboard/hse-backend/vendor/laravel/framework/src/Illuminate/Pipeline/Pipeline.php(209): Illuminate/Foundation/Http/Middleware/ConvertEmptyStringsToNull->handle(Object(Illuminate/Http/Request), Object(Closure))
#42 E:/1KERJAAN/Telisik Studio/Dashboard HSE/hse-dashboard/hse-backend/vendor/laravel/framework/src/Illuminate/Foundation/Http/Middleware/TransformsRequest.php(21): Illuminate/Pipeline/Pipeline->Illuminate/Pipeline/{closure}(Object(Illuminate/Http/Request))
#43 E:/1KERJAAN/Telisik Studio/Dashboard HSE/hse-dashboard/hse-backend/vendor/laravel/framework/src/Illuminate/Foundation/Http/Middleware/TrimStrings.php(51): Illuminate/Foundation/Http/Middleware/TransformsRequest->handle(Object(Illuminate/Http/Request), Object(Closure))
#44 E:/1KERJAAN/Telisik Studio/Dashboard HSE/hse-dashboard/hse-backend/vendor/laravel/framework/src/Illuminate/Pipeline/Pipeline.php(209): Illuminate/Foundation/Http/Middleware/TrimStrings->handle(Object(Illuminate/Http/Request), Object(Closure))
#45 E:/1KERJAAN/Telisik Studio/Dashboard HSE/hse-dashboard/hse-backend/vendor/laravel/framework/src/Illuminate/Http/Middleware/ValidatePostSize.php(27): Illuminate/Pipeline/Pipeline->Illuminate/Pipeline/{closure}(Object(Illuminate/Http/Request))
#46 E:/1KERJAAN/Telisik Studio/Dashboard HSE/hse-dashboard/hse-backend/vendor/laravel/framework/src/Illuminate/Pipeline/Pipeline.php(209): Illuminate/Http/Middleware/ValidatePostSize->handle(Object(Illuminate/Http/Request), Object(Closure))
#47 E:/1KERJAAN/Telisik Studio/Dashboard HSE/hse-dashboard/hse-backend/vendor/laravel/framework/src/Illuminate/Foundation/Http/Middleware/PreventRequestsDuringMaintenance.php(110): Illuminate/Pipeline/Pipeline->Illuminate/Pipeline/{closure}(Object(Illuminate/Http/Request))
#48 E:/1KERJAAN/Telisik Studio/Dashboard HSE/hse-dashboard/hse-backend/vendor/laravel/framework/src/Illuminate/Pipeline/Pipeline.php(209): Illuminate/Foundation/Http/Middleware/PreventRequestsDuringMaintenance->handle(Object(Illuminate/Http/Request), Object(Closure))
#49 E:/1KERJAAN/Telisik Studio/Dashboard HSE/hse-dashboard/hse-backend/vendor/laravel/framework/src/Illuminate/Http/Middleware/HandleCors.php(62): Illuminate/Pipeline/Pipeline->Illuminate/Pipeline/{closure}(Object(Illuminate/Http/Request))
#50 E:/1KERJAAN/Telisik Studio/Dashboard HSE/hse-dashboard/hse-backend/vendor/laravel/framework/src/Illuminate/Pipeline/Pipeline.php(209): Illuminate/Http/Middleware/HandleCors->handle(Object(Illuminate/Http/Request), Object(Closure))
#51 E:/1KERJAAN/Telisik Studio/Dashboard HSE/hse-dashboard/hse-backend/vendor/laravel/framework/src/Illuminate/Http/Middleware/TrustProxies.php(58): Illuminate/Pipeline/Pipeline->Illuminate/Pipeline/{closure}(Object(Illuminate/Http/Request))
#52 E:/1KERJAAN/Telisik Studio/Dashboard HSE/hse-dashboard/hse-backend/vendor/laravel/framework/src/Illuminate/Pipeline/Pipeline.php(209): Illuminate/Http/Middleware/TrustProxies->handle(Object(Illuminate/Http/Request), Object(Closure))
#53 E:/1KERJAAN/Telisik Studio/Dashboard HSE/hse-dashboard/hse-backend/vendor/laravel/framework/src/Illuminate/Foundation/Http/Middleware/InvokeDeferredCallbacks.php(22): Illuminate/Pipeline/Pipeline->Illuminate/Pipeline/{closure}(Object(Illuminate/Http/Request))
#54 E:/1KERJAAN/Telisik Studio/Dashboard HSE/hse-dashboard/hse-backend/vendor/laravel/framework/src/Illuminate/Pipeline/Pipeline.php(209): Illuminate/Foundation/Http/Middleware/InvokeDeferredCallbacks->handle(Object(Illuminate/Http/Request), Object(Closure))
#55 E:/1KERJAAN/Telisik Studio/Dashboard HSE/hse-dashboard/hse-backend/vendor/laravel/framework/src/Illuminate/Pipeline/Pipeline.php(127): Illuminate/Pipeline/Pipeline->Illuminate/Pipeline/{closure}(Object(Illuminate/Http/Request))
#56 E:/1KERJAAN/Telisik Studio/Dashboard HSE/hse-dashboard/hse-backend/vendor/laravel/framework/src/Illuminate/Foundation/Http/Kernel.php(176): Illuminate/Pipeline/Pipeline->then(Object(Closure))
#57 E:/1KERJAAN/Telisik Studio/Dashboard HSE/hse-dashboard/hse-backend/vendor/laravel/framework/src/Illuminate/Foundation/Http/Kernel.php(145): Illuminate/Foundation/Http/Kernel->sendRequestThroughRouter(Object(Illuminate/Http/Request))
#58 E:/1KERJAAN/Telisik Studio/Dashboard HSE/hse-dashboard/hse-backend/vendor/laravel/framework/src/Illuminate/Foundation/Application.php(1220): Illuminate/Foundation/Http/Kernel->handle(Object(Illuminate/Http/Request))
#59 E:/1KERJAAN/Telisik Studio/Dashboard HSE/hse-dashboard/hse-backend/public/index.php(17): Illuminate/Foundation/Application->handleRequest(Object(Illuminate/Http/Request))
#60 E:/1KERJAAN/Telisik Studio/Dashboard HSE/hse-dashboard/hse-backend/vendor/laravel/framework/src/Illuminate/Foundation/resources/server.php(23): require_once('E://1KERJAAN//Tel...')
#61 {main}
"} 
[2026-08-04 17:14:28] local.ERROR: Route [login] not defined. {"exception":"[object] (Symfony\\Component\\Routing\\Exception\\RouteNotFoundException(code: 0): Route [login] not defined. at E:/1KERJAAN/Telisik Studio/Dashboard HSE/hse-dashboard/hse-backend/vendor/laravel/framework/src/Illuminate/Routing/UrlGenerator.php:517)
[stacktrace]
#0 E:/1KERJAAN/Telisik Studio/Dashboard HSE/hse-dashboard/hse-backend/vendor/laravel/framework/src/Illuminate/Foundation/helpers.php(853): Illuminate/Routing/UrlGenerator->route('login', Array, true)
#1 E:/1KERJAAN/Telisik Studio/Dashboard HSE/hse-dashboard/hse-backend/vendor/laravel/framework/src/Illuminate/Foundation/Configuration/ApplicationBuilder.php(278): route('login')
#2 [internal function]: Illuminate/Foundation/Configuration/ApplicationBuilder->Illuminate/Foundation/Configuration/{closure}(Object(Illuminate/Http/Request))
#3 E:/1KERJAAN/Telisik Studio/Dashboard HSE/hse-dashboard/hse-backend/vendor/laravel/framework/src/Illuminate/Auth/Middleware/Authenticate.php(118): call_user_func(Object(Closure), Object(Illuminate/Http/Request))
#4 E:/1KERJAAN/Telisik Studio/Dashboard HSE/hse-dashboard/hse-backend/vendor/laravel/framework/src/Illuminate/Auth/Middleware/Authenticate.php(105): Illuminate/Auth/Middleware/Authenticate->redirectTo(Object(Illuminate/Http/Request))
#5 E:/1KERJAAN/Telisik Studio/Dashboard HSE/hse-dashboard/hse-backend/vendor/laravel/framework/src/Illuminate/Auth/Middleware/Authenticate.php(88): Illuminate/Auth/Middleware/Authenticate->unauthenticated(Object(Illuminate/Http/Request), Array)
#6 E:/1KERJAAN/Telisik Studio/Dashboard HSE/hse-dashboard/hse-backend/vendor/laravel/framework/src/Illuminate/Auth/Middleware/Authenticate.php(62): Illuminate/Auth/Middleware/Authenticate->authenticate(Object(Illuminate/Http/Request), Array)
#7 E:/1KERJAAN/Telisik Studio/Dashboard HSE/hse-dashboard/hse-backend/vendor/laravel/framework/src/Illuminate/Pipeline/Pipeline.php(209): Illuminate/Auth/Middleware/Authenticate->handle(Object(Illuminate/Http/Request), Object(Closure), 'sanctum')
#8 E:/1KERJAAN/Telisik Studio/Dashboard HSE/hse-dashboard/hse-backend/vendor/laravel/sanctum/src/Http/Middleware/EnsureFrontendRequestsAreStateful.php(26): Illuminate/Pipeline/Pipeline->Illuminate/Pipeline/{closure}(Object(Illuminate/Http/Request))
#9 E:/1KERJAAN/Telisik Studio/Dashboard HSE/hse-dashboard/hse-backend/vendor/laravel/framework/src/Illuminate/Pipeline/Pipeline.php(170): Laravel/Sanctum/Http/Middleware/EnsureFrontendRequestsAreStateful->Laravel/Sanctum/Http/Middleware/{closure}(Object(Illuminate/Http/Request))
#10 E:/1KERJAAN/Telisik Studio/Dashboard HSE/hse-dashboard/hse-backend/vendor/laravel/sanctum/src/Http/Middleware/AuthenticateSession.php(35): Illuminate/Pipeline/Pipeline->Illuminate/Pipeline/{closure}(Object(Illuminate/Http/Request))
#11 E:/1KERJAAN/Telisik Studio/Dashboard HSE/hse-dashboard/hse-backend/vendor/laravel/framework/src/Illuminate/Pipeline/Pipeline.php(209): Laravel/Sanctum/Http/Middleware/AuthenticateSession->handle(Object(Illuminate/Http/Request), Object(Closure))
#12 E:/1KERJAAN/Telisik Studio/Dashboard HSE/hse-dashboard/hse-backend/vendor/laravel/framework/src/Illuminate/Foundation/Http/Middleware/VerifyCsrfToken.php(88): Illuminate/Pipeline/Pipeline->Illuminate/Pipeline/{closure}(Object(Illuminate/Http/Request))
#13 E:/1KERJAAN/Telisik Studio/Dashboard HSE/hse-dashboard/hse-backend/vendor/laravel/framework/src/Illuminate/Pipeline/Pipeline.php(209): Illuminate/Foundation/Http/Middleware/VerifyCsrfToken->handle(Object(Illuminate/Http/Request), Object(Closure))
#14 E:/1KERJAAN/Telisik Studio/Dashboard HSE/hse-dashboard/hse-backend/vendor/laravel/framework/src/Illuminate/Session/Middleware/StartSession.php(121): Illuminate/Pipeline/Pipeline->Illuminate/Pipeline/{closure}(Object(Illuminate/Http/Request))
#15 E:/1KERJAAN/Telisik Studio/Dashboard HSE/hse-dashboard/hse-backend/vendor/laravel/framework/src/Illuminate/Session/Middleware/StartSession.php(64): Illuminate/Session/Middleware/StartSession->handleStatefulRequest(Object(Illuminate/Http/Request), Object(Illuminate/Session/Store), Object(Closure))
#16 E:/1KERJAAN/Telisik Studio/Dashboard HSE/hse-dashboard/hse-backend/vendor/laravel/framework/src/Illuminate/Pipeline/Pipeline.php(209): Illuminate/Session/Middleware/StartSession->handle(Object(Illuminate/Http/Request), Object(Closure))
#17 E:/1KERJAAN/Telisik Studio/Dashboard HSE/hse-dashboard/hse-backend/vendor/laravel/framework/src/Illuminate/Cookie/Middleware/AddQueuedCookiesToResponse.php(37): Illuminate/Pipeline/Pipeline->Illuminate/Pipeline/{closure}(Object(Illuminate/Http/Request))
#18 E:/1KERJAAN/Telisik Studio/Dashboard HSE/hse-dashboard/hse-backend/vendor/laravel/framework/src/Illuminate/Pipeline/Pipeline.php(209): Illuminate/Cookie/Middleware/AddQueuedCookiesToResponse->handle(Object(Illuminate/Http/Request), Object(Closure))
#19 E:/1KERJAAN/Telisik Studio/Dashboard HSE/hse-dashboard/hse-backend/vendor/laravel/framework/src/Illuminate/Cookie/Middleware/EncryptCookies.php(75): Illuminate/Pipeline/Pipeline->Illuminate/Pipeline/{closure}(Object(Illuminate/Http/Request))
#20 E:/1KERJAAN/Telisik Studio/Dashboard HSE/hse-dashboard/hse-backend/vendor/laravel/framework/src/Illuminate/Pipeline/Pipeline.php(209): Illuminate/Cookie/Middleware/EncryptCookies->handle(Object(Illuminate/Http/Request), Object(Closure))
#21 E:/1KERJAAN/Telisik Studio/Dashboard HSE/hse-dashboard/hse-backend/vendor/laravel/sanctum/src/Http/Middleware/EnsureFrontendRequestsAreStateful.php(61): Illuminate/Pipeline/Pipeline->Illuminate/Pipeline/{closure}(Object(Illuminate/Http/Request))
#22 E:/1KERJAAN/Telisik Studio/Dashboard HSE/hse-dashboard/hse-backend/vendor/laravel/framework/src/Illuminate/Pipeline/Pipeline.php(191): Laravel/Sanctum/Http/Middleware/EnsureFrontendRequestsAreStateful->Laravel/Sanctum/Http/Middleware/{closure}(Object(Illuminate/Http/Request), Object(Closure))
#23 E:/1KERJAAN/Telisik Studio/Dashboard HSE/hse-dashboard/hse-backend/vendor/laravel/framework/src/Illuminate/Pipeline/Pipeline.php(127): Illuminate/Pipeline/Pipeline->Illuminate/Pipeline/{closure}(Object(Illuminate/Http/Request))
#24 E:/1KERJAAN/Telisik Studio/Dashboard HSE/hse-dashboard/hse-backend/vendor/laravel/sanctum/src/Http/Middleware/EnsureFrontendRequestsAreStateful.php(25): Illuminate/Pipeline/Pipeline->then(Object(Closure))
#25 E:/1KERJAAN/Telisik Studio/Dashboard HSE/hse-dashboard/hse-backend/vendor/laravel/framework/src/Illuminate/Pipeline/Pipeline.php(209): Laravel/Sanctum/Http/Middleware/EnsureFrontendRequestsAreStateful->handle(Object(Illuminate/Http/Request), Object(Closure))
#26 E:/1KERJAAN/Telisik Studio/Dashboard HSE/hse-dashboard/hse-backend/vendor/laravel/framework/src/Illuminate/Pipeline/Pipeline.php(127): Illuminate/Pipeline/Pipeline->Illuminate/Pipeline/{closure}(Object(Illuminate/Http/Request))
#27 E:/1KERJAAN/Telisik Studio/Dashboard HSE/hse-dashboard/hse-backend/vendor/laravel/framework/src/Illuminate/Routing/Router.php(807): Illuminate/Pipeline/Pipeline->then(Object(Closure))
#28 E:/1KERJAAN/Telisik Studio/Dashboard HSE/hse-dashboard/hse-backend/vendor/laravel/framework/src/Illuminate/Routing/Router.php(786): Illuminate/Routing/Router->runRouteWithinStack(Object(Illuminate/Routing/Route), Object(Illuminate/Http/Request))
#29 E:/1KERJAAN/Telisik Studio/Dashboard HSE/hse-dashboard/hse-backend/vendor/laravel/framework/src/Illuminate/Routing/Router.php(750): Illuminate/Routing/Router->runRoute(Object(Illuminate/Http/Request), Object(Illuminate/Routing/Route))
#30 E:/1KERJAAN/Telisik Studio/Dashboard HSE/hse-dashboard/hse-backend/vendor/laravel/framework/src/Illuminate/Routing/Router.php(739): Illuminate/Routing/Router->dispatchToRoute(Object(Illuminate/Http/Request))
#31 E:/1KERJAAN/Telisik Studio/Dashboard HSE/hse-dashboard/hse-backend/vendor/laravel/framework/src/Illuminate/Foundation/Http/Kernel.php(201): Illuminate/Routing/Router->dispatch(Object(Illuminate/Http/Request))
#32 E:/1KERJAAN/Telisik Studio/Dashboard HSE/hse-dashboard/hse-backend/vendor/laravel/framework/src/Illuminate/Pipeline/Pipeline.php(170): Illuminate/Foundation/Http/Kernel->Illuminate/Foundation/Http/{closure}(Object(Illuminate/Http/Request))
#33 E:/1KERJAAN/Telisik Studio/Dashboard HSE/hse-dashboard/hse-backend/vendor/laravel/framework/src/Illuminate/Foundation/Http/Middleware/TransformsRequest.php(21): Illuminate/Pipeline/Pipeline->Illuminate/Pipeline/{closure}(Object(Illuminate/Http/Request))
#34 E:/1KERJAAN/Telisik Studio/Dashboard HSE/hse-dashboard/hse-backend/vendor/laravel/framework/src/Illuminate/Foundation/Http/Middleware/ConvertEmptyStringsToNull.php(31): Illuminate/Foundation/Http/Middleware/TransformsRequest->handle(Object(Illuminate/Http/Request), Object(Closure))
#35 E:/1KERJAAN/Telisik Studio/Dashboard HSE/hse-dashboard/hse-backend/vendor/laravel/framework/src/Illuminate/Pipeline/Pipeline.php(209): Illuminate/Foundation/Http/Middleware/ConvertEmptyStringsToNull->handle(Object(Illuminate/Http/Request), Object(Closure))
#36 E:/1KERJAAN/Telisik Studio/Dashboard HSE/hse-dashboard/hse-backend/vendor/laravel/framework/src/Illuminate/Foundation/Http/Middleware/TransformsRequest.php(21): Illuminate/Pipeline/Pipeline->Illuminate/Pipeline/{closure}(Object(Illuminate/Http/Request))
#37 E:/1KERJAAN/Telisik Studio/Dashboard HSE/hse-dashboard/hse-backend/vendor/laravel/framework/src/Illuminate/Foundation/Http/Middleware/TrimStrings.php(51): Illuminate/Foundation/Http/Middleware/TransformsRequest->handle(Object(Illuminate/Http/Request), Object(Closure))
#38 E:/1KERJAAN/Telisik Studio/Dashboard HSE/hse-dashboard/hse-backend/vendor/laravel/framework/src/Illuminate/Pipeline/Pipeline.php(209): Illuminate/Foundation/Http/Middleware/TrimStrings->handle(Object(Illuminate/Http/Request), Object(Closure))
#39 E:/1KERJAAN/Telisik Studio/Dashboard HSE/hse-dashboard/hse-backend/vendor/laravel/framework/src/Illuminate/Http/Middleware/ValidatePostSize.php(27): Illuminate/Pipeline/Pipeline->Illuminate/Pipeline/{closure}(Object(Illuminate/Http/Request))
#40 E:/1KERJAAN/Telisik Studio/Dashboard HSE/hse-dashboard/hse-backend/vendor/laravel/framework/src/Illuminate/Pipeline/Pipeline.php(209): Illuminate/Http/Middleware/ValidatePostSize->handle(Object(Illuminate/Http/Request), Object(Closure))
#41 E:/1KERJAAN/Telisik Studio/Dashboard HSE/hse-dashboard/hse-backend/vendor/laravel/framework/src/Illuminate/Foundation/Http/Middleware/PreventRequestsDuringMaintenance.php(110): Illuminate/Pipeline/Pipeline->Illuminate/Pipeline/{closure}(Object(Illuminate/Http/Request))
#42 E:/1KERJAAN/Telisik Studio/Dashboard HSE/hse-dashboard/hse-backend/vendor/laravel/framework/src/Illuminate/Pipeline/Pipeline.php(209): Illuminate/Foundation/Http/Middleware/PreventRequestsDuringMaintenance->handle(Object(Illuminate/Http/Request), Object(Closure))
#43 E:/1KERJAAN/Telisik Studio/Dashboard HSE/hse-dashboard/hse-backend/vendor/laravel/framework/src/Illuminate/Http/Middleware/HandleCors.php(62): Illuminate/Pipeline/Pipeline->Illuminate/Pipeline/{closure}(Object(Illuminate/Http/Request))
#44 E:/1KERJAAN/Telisik Studio/Dashboard HSE/hse-dashboard/hse-backend/vendor/laravel/framework/src/Illuminate/Pipeline/Pipeline.php(209): Illuminate/Http/Middleware/HandleCors->handle(Object(Illuminate/Http/Request), Object(Closure))
#45 E:/1KERJAAN/Telisik Studio/Dashboard HSE/hse-dashboard/hse-backend/vendor/laravel/framework/src/Illuminate/Http/Middleware/TrustProxies.php(58): Illuminate/Pipeline/Pipeline->Illuminate/Pipeline/{closure}(Object(Illuminate/Http/Request))
#46 E:/1KERJAAN/Telisik Studio/Dashboard HSE/hse-dashboard/hse-backend/vendor/laravel/framework/src/Illuminate/Pipeline/Pipeline.php(209): Illuminate/Http/Middleware/TrustProxies->handle(Object(Illuminate/Http/Request), Object(Closure))
#47 E:/1KERJAAN/Telisik Studio/Dashboard HSE/hse-dashboard/hse-backend/vendor/laravel/framework/src/Illuminate/Foundation/Http/Middleware/InvokeDeferredCallbacks.php(22): Illuminate/Pipeline/Pipeline->Illuminate/Pipeline/{closure}(Object(Illuminate/Http/Request))
#48 E:/1KERJAAN/Telisik Studio/Dashboard HSE/hse-dashboard/hse-backend/vendor/laravel/framework/src/Illuminate/Pipeline/Pipeline.php(209): Illuminate/Foundation/Http/Middleware/InvokeDeferredCallbacks->handle(Object(Illuminate/Http/Request), Object(Closure))
#49 E:/1KERJAAN/Telisik Studio/Dashboard HSE/hse-dashboard/hse-backend/vendor/laravel/framework/src/Illuminate/Pipeline/Pipeline.php(127): Illuminate/Pipeline/Pipeline->Illuminate/Pipeline/{closure}(Object(Illuminate/Http/Request))
#50 E:/1KERJAAN/Telisik Studio/Dashboard HSE/hse-dashboard/hse-backend/vendor/laravel/framework/src/Illuminate/Foundation/Http/Kernel.php(176): Illuminate/Pipeline/Pipeline->then(Object(Closure))
#51 E:/1KERJAAN/Telisik Studio/Dashboard HSE/hse-dashboard/hse-backend/vendor/laravel/framework/src/Illuminate/Foundation/Http/Kernel.php(145): Illuminate/Foundation/Http/Kernel->sendRequestThroughRouter(Object(Illuminate/Http/Request))
#52 E:/1KERJAAN/Telisik Studio/Dashboard HSE/hse-dashboard/hse-backend/vendor/laravel/framework/src/Illuminate/Foundation/Application.php(1220): Illuminate/Foundation/Http/Kernel->handle(Object(Illuminate/Http/Request))
#53 E:/1KERJAAN/Telisik Studio/Dashboard HSE/hse-dashboard/hse-backend/public/index.php(17): Illuminate/Foundation/Application->handleRequest(Object(Illuminate/Http/Request))
#54 E:/1KERJAAN/Telisik Studio/Dashboard HSE/hse-dashboard/hse-backend/vendor/laravel/framework/src/Illuminate/Foundation/resources/server.php(23): require_once('E://1KERJAAN//Tel...')
#55 {main}
"} 
[2026-08-04 17:14:28] local.ERROR: Route [login] not defined. {"exception":"[object] (Symfony\\Component\\Routing\\Exception\\RouteNotFoundException(code: 0): Route [login] not defined. at E:/1KERJAAN/Telisik Studio/Dashboard HSE/hse-dashboard/hse-backend/vendor/laravel/framework/src/Illuminate/Routing/UrlGenerator.php:517)
[stacktrace]
#0 E:/1KERJAAN/Telisik Studio/Dashboard HSE/hse-dashboard/hse-backend/vendor/laravel/framework/src/Illuminate/Foundation/helpers.php(853): Illuminate/Routing/UrlGenerator->route('login', Array, true)
#1 E:/1KERJAAN/Telisik Studio/Dashboard HSE/hse-dashboard/hse-backend/vendor/laravel/framework/src/Illuminate/Foundation/Configuration/ApplicationBuilder.php(278): route('login')
#2 [internal function]: Illuminate/Foundation/Configuration/ApplicationBuilder->Illuminate/Foundation/Configuration/{closure}(Object(Illuminate/Http/Request))
#3 E:/1KERJAAN/Telisik Studio/Dashboard HSE/hse-dashboard/hse-backend/vendor/laravel/framework/src/Illuminate/Auth/Middleware/Authenticate.php(118): call_user_func(Object(Closure), Object(Illuminate/Http/Request))
#4 E:/1KERJAAN/Telisik Studio/Dashboard HSE/hse-dashboard/hse-backend/vendor/laravel/framework/src/Illuminate/Auth/Middleware/Authenticate.php(105): Illuminate/Auth/Middleware/Authenticate->redirectTo(Object(Illuminate/Http/Request))
#5 E:/1KERJAAN/Telisik Studio/Dashboard HSE/hse-dashboard/hse-backend/vendor/laravel/framework/src/Illuminate/Auth/Middleware/Authenticate.php(88): Illuminate/Auth/Middleware/Authenticate->unauthenticated(Object(Illuminate/Http/Request), Array)
#6 E:/1KERJAAN/Telisik Studio/Dashboard HSE/hse-dashboard/hse-backend/vendor/laravel/framework/src/Illuminate/Auth/Middleware/Authenticate.php(62): Illuminate/Auth/Middleware/Authenticate->authenticate(Object(Illuminate/Http/Request), Array)
#7 E:/1KERJAAN/Telisik Studio/Dashboard HSE/hse-dashboard/hse-backend/vendor/laravel/framework/src/Illuminate/Pipeline/Pipeline.php(209): Illuminate/Auth/Middleware/Authenticate->handle(Object(Illuminate/Http/Request), Object(Closure), 'sanctum')
#8 E:/1KERJAAN/Telisik Studio/Dashboard HSE/hse-dashboard/hse-backend/vendor/laravel/sanctum/src/Http/Middleware/EnsureFrontendRequestsAreStateful.php(26): Illuminate/Pipeline/Pipeline->Illuminate/Pipeline/{closure}(Object(Illuminate/Http/Request))
#9 E:/1KERJAAN/Telisik Studio/Dashboard HSE/hse-dashboard/hse-backend/vendor/laravel/framework/src/Illuminate/Pipeline/Pipeline.php(170): Laravel/Sanctum/Http/Middleware/EnsureFrontendRequestsAreStateful->Laravel/Sanctum/Http/Middleware/{closure}(Object(Illuminate/Http/Request))
#10 E:/1KERJAAN/Telisik Studio/Dashboard HSE/hse-dashboard/hse-backend/vendor/laravel/sanctum/src/Http/Middleware/AuthenticateSession.php(35): Illuminate/Pipeline/Pipeline->Illuminate/Pipeline/{closure}(Object(Illuminate/Http/Request))
#11 E:/1KERJAAN/Telisik Studio/Dashboard HSE/hse-dashboard/hse-backend/vendor/laravel/framework/src/Illuminate/Pipeline/Pipeline.php(209): Laravel/Sanctum/Http/Middleware/AuthenticateSession->handle(Object(Illuminate/Http/Request), Object(Closure))
#12 E:/1KERJAAN/Telisik Studio/Dashboard HSE/hse-dashboard/hse-backend/vendor/laravel/framework/src/Illuminate/Foundation/Http/Middleware/VerifyCsrfToken.php(88): Illuminate/Pipeline/Pipeline->Illuminate/Pipeline/{closure}(Object(Illuminate/Http/Request))
#13 E:/1KERJAAN/Telisik Studio/Dashboard HSE/hse-dashboard/hse-backend/vendor/laravel/framework/src/Illuminate/Pipeline/Pipeline.php(209): Illuminate/Foundation/Http/Middleware/VerifyCsrfToken->handle(Object(Illuminate/Http/Request), Object(Closure))
#14 E:/1KERJAAN/Telisik Studio/Dashboard HSE/hse-dashboard/hse-backend/vendor/laravel/framework/src/Illuminate/Session/Middleware/StartSession.php(121): Illuminate/Pipeline/Pipeline->Illuminate/Pipeline/{closure}(Object(Illuminate/Http/Request))
#15 E:/1KERJAAN/Telisik Studio/Dashboard HSE/hse-dashboard/hse-backend/vendor/laravel/framework/src/Illuminate/Session/Middleware/StartSession.php(64): Illuminate/Session/Middleware/StartSession->handleStatefulRequest(Object(Illuminate/Http/Request), Object(Illuminate/Session/Store), Object(Closure))
#16 E:/1KERJAAN/Telisik Studio/Dashboard HSE/hse-dashboard/hse-backend/vendor/laravel/framework/src/Illuminate/Pipeline/Pipeline.php(209): Illuminate/Session/Middleware/StartSession->handle(Object(Illuminate/Http/Request), Object(Closure))
#17 E:/1KERJAAN/Telisik Studio/Dashboard HSE/hse-dashboard/hse-backend/vendor/laravel/framework/src/Illuminate/Cookie/Middleware/AddQueuedCookiesToResponse.php(37): Illuminate/Pipeline/Pipeline->Illuminate/Pipeline/{closure}(Object(Illuminate/Http/Request))
#18 E:/1KERJAAN/Telisik Studio/Dashboard HSE/hse-dashboard/hse-backend/vendor/laravel/framework/src/Illuminate/Pipeline/Pipeline.php(209): Illuminate/Cookie/Middleware/AddQueuedCookiesToResponse->handle(Object(Illuminate/Http/Request), Object(Closure))
#19 E:/1KERJAAN/Telisik Studio/Dashboard HSE/hse-dashboard/hse-backend/vendor/laravel/framework/src/Illuminate/Cookie/Middleware/EncryptCookies.php(75): Illuminate/Pipeline/Pipeline->Illuminate/Pipeline/{closure}(Object(Illuminate/Http/Request))
#20 E:/1KERJAAN/Telisik Studio/Dashboard HSE/hse-dashboard/hse-backend/vendor/laravel/framework/src/Illuminate/Pipeline/Pipeline.php(209): Illuminate/Cookie/Middleware/EncryptCookies->handle(Object(Illuminate/Http/Request), Object(Closure))
#21 E:/1KERJAAN/Telisik Studio/Dashboard HSE/hse-dashboard/hse-backend/vendor/laravel/sanctum/src/Http/Middleware/EnsureFrontendRequestsAreStateful.php(61): Illuminate/Pipeline/Pipeline->Illuminate/Pipeline/{closure}(Object(Illuminate/Http/Request))
#22 E:/1KERJAAN/Telisik Studio/Dashboard HSE/hse-dashboard/hse-backend/vendor/laravel/framework/src/Illuminate/Pipeline/Pipeline.php(191): Laravel/Sanctum/Http/Middleware/EnsureFrontendRequestsAreStateful->Laravel/Sanctum/Http/Middleware/{closure}(Object(Illuminate/Http/Request), Object(Closure))
#23 E:/1KERJAAN/Telisik Studio/Dashboard HSE/hse-dashboard/hse-backend/vendor/laravel/framework/src/Illuminate/Pipeline/Pipeline.php(127): Illuminate/Pipeline/Pipeline->Illuminate/Pipeline/{closure}(Object(Illuminate/Http/Request))
#24 E:/1KERJAAN/Telisik Studio/Dashboard HSE/hse-dashboard/hse-backend/vendor/laravel/sanctum/src/Http/Middleware/EnsureFrontendRequestsAreStateful.php(25): Illuminate/Pipeline/Pipeline->then(Object(Closure))
#25 E:/1KERJAAN/Telisik Studio/Dashboard HSE/hse-dashboard/hse-backend/vendor/laravel/framework/src/Illuminate/Pipeline/Pipeline.php(209): Laravel/Sanctum/Http/Middleware/EnsureFrontendRequestsAreStateful->handle(Object(Illuminate/Http/Request), Object(Closure))
#26 E:/1KERJAAN/Telisik Studio/Dashboard HSE/hse-dashboard/hse-backend/vendor/laravel/framework/src/Illuminate/Pipeline/Pipeline.php(127): Illuminate/Pipeline/Pipeline->Illuminate/Pipeline/{closure}(Object(Illuminate/Http/Request))
#27 E:/1KERJAAN/Telisik Studio/Dashboard HSE/hse-dashboard/hse-backend/vendor/laravel/framework/src/Illuminate/Routing/Router.php(807): Illuminate/Pipeline/Pipeline->then(Object(Closure))
#28 E:/1KERJAAN/Telisik Studio/Dashboard HSE/hse-dashboard/hse-backend/vendor/laravel/framework/src/Illuminate/Routing/Router.php(786): Illuminate/Routing/Router->runRouteWithinStack(Object(Illuminate/Routing/Route), Object(Illuminate/Http/Request))
#29 E:/1KERJAAN/Telisik Studio/Dashboard HSE/hse-dashboard/hse-backend/vendor/laravel/framework/src/Illuminate/Routing/Router.php(750): Illuminate/Routing/Router->runRoute(Object(Illuminate/Http/Request), Object(Illuminate/Routing/Route))
#30 E:/1KERJAAN/Telisik Studio/Dashboard HSE/hse-dashboard/hse-backend/vendor/laravel/framework/src/Illuminate/Routing/Router.php(739): Illuminate/Routing/Router->dispatchToRoute(Object(Illuminate/Http/Request))
#31 E:/1KERJAAN/Telisik Studio/Dashboard HSE/hse-dashboard/hse-backend/vendor/laravel/framework/src/Illuminate/Foundation/Http/Kernel.php(201): Illuminate/Routing/Router->dispatch(Object(Illuminate/Http/Request))
#32 E:/1KERJAAN/Telisik Studio/Dashboard HSE/hse-dashboard/hse-backend/vendor/laravel/framework/src/Illuminate/Pipeline/Pipeline.php(170): Illuminate/Foundation/Http/Kernel->Illuminate/Foundation/Http/{closure}(Object(Illuminate/Http/Request))
#33 E:/1KERJAAN/Telisik Studio/Dashboard HSE/hse-dashboard/hse-backend/vendor/laravel/framework/src/Illuminate/Foundation/Http/Middleware/TransformsRequest.php(21): Illuminate/Pipeline/Pipeline->Illuminate/Pipeline/{closure}(Object(Illuminate/Http/Request))
#34 E:/1KERJAAN/Telisik Studio/Dashboard HSE/hse-dashboard/hse-backend/vendor/laravel/framework/src/Illuminate/Foundation/Http/Middleware/ConvertEmptyStringsToNull.php(31): Illuminate/Foundation/Http/Middleware/TransformsRequest->handle(Object(Illuminate/Http/Request), Object(Closure))
#35 E:/1KERJAAN/Telisik Studio/Dashboard HSE/hse-dashboard/hse-backend/vendor/laravel/framework/src/Illuminate/Pipeline/Pipeline.php(209): Illuminate/Foundation/Http/Middleware/ConvertEmptyStringsToNull->handle(Object(Illuminate/Http/Request), Object(Closure))
#36 E:/1KERJAAN/Telisik Studio/Dashboard HSE/hse-dashboard/hse-backend/vendor/laravel/framework/src/Illuminate/Foundation/Http/Middleware/TransformsRequest.php(21): Illuminate/Pipeline/Pipeline->Illuminate/Pipeline/{closure}(Object(Illuminate/Http/Request))
#37 E:/1KERJAAN/Telisik Studio/Dashboard HSE/hse-dashboard/hse-backend/vendor/laravel/framework/src/Illuminate/Foundation/Http/Middleware/TrimStrings.php(51): Illuminate/Foundation/Http/Middleware/TransformsRequest->handle(Object(Illuminate/Http/Request), Object(Closure))
#38 E:/1KERJAAN/Telisik Studio/Dashboard HSE/hse-dashboard/hse-backend/vendor/laravel/framework/src/Illuminate/Pipeline/Pipeline.php(209): Illuminate/Foundation/Http/Middleware/TrimStrings->handle(Object(Illuminate/Http/Request), Object(Closure))
#39 E:/1KERJAAN/Telisik Studio/Dashboard HSE/hse-dashboard/hse-backend/vendor/laravel/framework/src/Illuminate/Http/Middleware/ValidatePostSize.php(27): Illuminate/Pipeline/Pipeline->Illuminate/Pipeline/{closure}(Object(Illuminate/Http/Request))
#40 E:/1KERJAAN/Telisik Studio/Dashboard HSE/hse-dashboard/hse-backend/vendor/laravel/framework/src/Illuminate/Pipeline/Pipeline.php(209): Illuminate/Http/Middleware/ValidatePostSize->handle(Object(Illuminate/Http/Request), Object(Closure))
#41 E:/1KERJAAN/Telisik Studio/Dashboard HSE/hse-dashboard/hse-backend/vendor/laravel/framework/src/Illuminate/Foundation/Http/Middleware/PreventRequestsDuringMaintenance.php(110): Illuminate/Pipeline/Pipeline->Illuminate/Pipeline/{closure}(Object(Illuminate/Http/Request))
#42 E:/1KERJAAN/Telisik Studio/Dashboard HSE/hse-dashboard/hse-backend/vendor/laravel/framework/src/Illuminate/Pipeline/Pipeline.php(209): Illuminate/Foundation/Http/Middleware/PreventRequestsDuringMaintenance->handle(Object(Illuminate/Http/Request), Object(Closure))
#43 E:/1KERJAAN/Telisik Studio/Dashboard HSE/hse-dashboard/hse-backend/vendor/laravel/framework/src/Illuminate/Http/Middleware/HandleCors.php(62): Illuminate/Pipeline/Pipeline->Illuminate/Pipeline/{closure}(Object(Illuminate/Http/Request))
#44 E:/1KERJAAN/Telisik Studio/Dashboard HSE/hse-dashboard/hse-backend/vendor/laravel/framework/src/Illuminate/Pipeline/Pipeline.php(209): Illuminate/Http/Middleware/HandleCors->handle(Object(Illuminate/Http/Request), Object(Closure))
#45 E:/1KERJAAN/Telisik Studio/Dashboard HSE/hse-dashboard/hse-backend/vendor/laravel/framework/src/Illuminate/Http/Middleware/TrustProxies.php(58): Illuminate/Pipeline/Pipeline->Illuminate/Pipeline/{closure}(Object(Illuminate/Http/Request))
#46 E:/1KERJAAN/Telisik Studio/Dashboard HSE/hse-dashboard/hse-backend/vendor/laravel/framework/src/Illuminate/Pipeline/Pipeline.php(209): Illuminate/Http/Middleware/TrustProxies->handle(Object(Illuminate/Http/Request), Object(Closure))
#47 E:/1KERJAAN/Telisik Studio/Dashboard HSE/hse-dashboard/hse-backend/vendor/laravel/framework/src/Illuminate/Foundation/Http/Middleware/InvokeDeferredCallbacks.php(22): Illuminate/Pipeline/Pipeline->Illuminate/Pipeline/{closure}(Object(Illuminate/Http/Request))
#48 E:/1KERJAAN/Telisik Studio/Dashboard HSE/hse-dashboard/hse-backend/vendor/laravel/framework/src/Illuminate/Pipeline/Pipeline.php(209): Illuminate/Foundation/Http/Middleware/InvokeDeferredCallbacks->handle(Object(Illuminate/Http/Request), Object(Closure))
#49 E:/1KERJAAN/Telisik Studio/Dashboard HSE/hse-dashboard/hse-backend/vendor/laravel/framework/src/Illuminate/Pipeline/Pipeline.php(127): Illuminate/Pipeline/Pipeline->Illuminate/Pipeline/{closure}(Object(Illuminate/Http/Request))
#50 E:/1KERJAAN/Telisik Studio/Dashboard HSE/hse-dashboard/hse-backend/vendor/laravel/framework/src/Illuminate/Foundation/Http/Kernel.php(176): Illuminate/Pipeline/Pipeline->then(Object(Closure))
#51 E:/1KERJAAN/Telisik Studio/Dashboard HSE/hse-dashboard/hse-backend/vendor/laravel/framework/src/Illuminate/Foundation/Http/Kernel.php(145): Illuminate/Foundation/Http/Kernel->sendRequestThroughRouter(Object(Illuminate/Http/Request))
#52 E:/1KERJAAN/Telisik Studio/Dashboard HSE/hse-dashboard/hse-backend/vendor/laravel/framework/src/Illuminate/Foundation/Application.php(1220): Illuminate/Foundation/Http/Kernel->handle(Object(Illuminate/Http/Request))
#53 E:/1KERJAAN/Telisik Studio/Dashboard HSE/hse-dashboard/hse-backend/public/index.php(17): Illuminate/Foundation/Application->handleRequest(Object(Illuminate/Http/Request))
#54 E:/1KERJAAN/Telisik Studio/Dashboard HSE/hse-dashboard/hse-backend/vendor/laravel/framework/src/Illuminate/Foundation/resources/server.php(23): require_once('E://1KERJAAN//Tel...')
#55 {main}
"} 
[2026-08-04 17:14:40] local.ERROR: Call to undefined method Illuminate\Database\Eloquent\Builder::query() {"userId":1,"exception":"[object] (BadMethodCallException(code: 0): Call to undefined method Illuminate\\Database\\Eloquent\\Builder::query() at E:/1KERJAAN/Telisik Studio/Dashboard HSE/hse-dashboard/hse-backend/vendor/laravel/framework/src/Illuminate/Support/Traits/ForwardsCalls.php:67)
[stacktrace]
#0 E:/1KERJAAN/Telisik Studio/Dashboard HSE/hse-dashboard/hse-backend/vendor/laravel/framework/src/Illuminate/Support/Traits/ForwardsCalls.php(36): Illuminate/Database/Eloquent/Builder::throwBadMethodCallException('query')
#1 E:/1KERJAAN/Telisik Studio/Dashboard HSE/hse-dashboard/hse-backend/vendor/laravel/framework/src/Illuminate/Database/Eloquent/Builder.php(2123): Illuminate/Database/Eloquent/Builder->forwardCallTo(Object(Illuminate/Database/Query/Builder), 'query', Array)
#2 E:/1KERJAAN/Telisik Studio/Dashboard HSE/hse-dashboard/hse-backend/app/Http/Controllers/Api/PermitController.php(23): Illuminate/Database/Eloquent/Builder->__call('query', Array)
#3 E:/1KERJAAN/Telisik Studio/Dashboard HSE/hse-dashboard/hse-backend/vendor/laravel/framework/src/Illuminate/Routing/ControllerDispatcher.php(47): App/Http/Controllers/Api/PermitController->index(Object(Illuminate/Http/Request))
#4 E:/1KERJAAN/Telisik Studio/Dashboard HSE/hse-dashboard/hse-backend/vendor/laravel/framework/src/Illuminate/Routing/Route.php(266): Illuminate/Routing/ControllerDispatcher->dispatch(Object(Illuminate/Routing/Route), Object(App/Http/Controllers/Api/PermitController), 'index')
#5 E:/1KERJAAN/Telisik Studio/Dashboard HSE/hse-dashboard/hse-backend/vendor/laravel/framework/src/Illuminate/Routing/Route.php(212): Illuminate/Routing/Route->runController()
#6 E:/1KERJAAN/Telisik Studio/Dashboard HSE/hse-dashboard/hse-backend/vendor/laravel/framework/src/Illuminate/Routing/Router.php(808): Illuminate/Routing/Route->run()
#7 E:/1KERJAAN/Telisik Studio/Dashboard HSE/hse-dashboard/hse-backend/vendor/laravel/framework/src/Illuminate/Pipeline/Pipeline.php(170): Illuminate/Routing/Router->Illuminate/Routing/{closure}(Object(Illuminate/Http/Request))
#8 E:/1KERJAAN/Telisik Studio/Dashboard HSE/hse-dashboard/hse-backend/app/Http/Middleware/EnsureAnyPermission.php(26): Illuminate/Pipeline/Pipeline->Illuminate/Pipeline/{closure}(Object(Illuminate/Http/Request))
#9 E:/1KERJAAN/Telisik Studio/Dashboard HSE/hse-dashboard/hse-backend/vendor/laravel/framework/src/Illuminate/Pipeline/Pipeline.php(209): App/Http/Middleware/EnsureAnyPermission->handle(Object(Illuminate/Http/Request), Object(Closure), 'permits', 'permits_own')
#10 E:/1KERJAAN/Telisik Studio/Dashboard HSE/hse-dashboard/hse-backend/vendor/laravel/framework/src/Illuminate/Routing/Middleware/SubstituteBindings.php(51): Illuminate/Pipeline/Pipeline->Illuminate/Pipeline/{closure}(Object(Illuminate/Http/Request))
#11 E:/1KERJAAN/Telisik Studio/Dashboard HSE/hse-dashboard/hse-backend/vendor/laravel/framework/src/Illuminate/Pipeline/Pipeline.php(209): Illuminate/Routing/Middleware/SubstituteBindings->handle(Object(Illuminate/Http/Request), Object(Closure))
#12 E:/1KERJAAN/Telisik Studio/Dashboard HSE/hse-dashboard/hse-backend/vendor/laravel/framework/src/Illuminate/Auth/Middleware/Authenticate.php(64): Illuminate/Pipeline/Pipeline->Illuminate/Pipeline/{closure}(Object(Illuminate/Http/Request))
#13 E:/1KERJAAN/Telisik Studio/Dashboard HSE/hse-dashboard/hse-backend/vendor/laravel/framework/src/Illuminate/Pipeline/Pipeline.php(209): Illuminate/Auth/Middleware/Authenticate->handle(Object(Illuminate/Http/Request), Object(Closure), 'sanctum')
#14 E:/1KERJAAN/Telisik Studio/Dashboard HSE/hse-dashboard/hse-backend/vendor/laravel/sanctum/src/Http/Middleware/EnsureFrontendRequestsAreStateful.php(26): Illuminate/Pipeline/Pipeline->Illuminate/Pipeline/{closure}(Object(Illuminate/Http/Request))
#15 E:/1KERJAAN/Telisik Studio/Dashboard HSE/hse-dashboard/hse-backend/vendor/laravel/framework/src/Illuminate/Pipeline/Pipeline.php(170): Laravel/Sanctum/Http/Middleware/EnsureFrontendRequestsAreStateful->Laravel/Sanctum/Http/Middleware/{closure}(Object(Illuminate/Http/Request))
#16 E:/1KERJAAN/Telisik Studio/Dashboard HSE/hse-dashboard/hse-backend/vendor/laravel/sanctum/src/Http/Middleware/AuthenticateSession.php(60): Illuminate/Pipeline/Pipeline->Illuminate/Pipeline/{closure}(Object(Illuminate/Http/Request))
#17 E:/1KERJAAN/Telisik Studio/Dashboard HSE/hse-dashboard/hse-backend/vendor/laravel/framework/src/Illuminate/Pipeline/Pipeline.php(209): Laravel/Sanctum/Http/Middleware/AuthenticateSession->handle(Object(Illuminate/Http/Request), Object(Closure))
#18 E:/1KERJAAN/Telisik Studio/Dashboard HSE/hse-dashboard/hse-backend/vendor/laravel/framework/src/Illuminate/Foundation/Http/Middleware/VerifyCsrfToken.php(88): Illuminate/Pipeline/Pipeline->Illuminate/Pipeline/{closure}(Object(Illuminate/Http/Request))
#19 E:/1KERJAAN/Telisik Studio/Dashboard HSE/hse-dashboard/hse-backend/vendor/laravel/framework/src/Illuminate/Pipeline/Pipeline.php(209): Illuminate/Foundation/Http/Middleware/VerifyCsrfToken->handle(Object(Illuminate/Http/Request), Object(Closure))
#20 E:/1KERJAAN/Telisik Studio/Dashboard HSE/hse-dashboard/hse-backend/vendor/laravel/framework/src/Illuminate/Session/Middleware/StartSession.php(121): Illuminate/Pipeline/Pipeline->Illuminate/Pipeline/{closure}(Object(Illuminate/Http/Request))
#21 E:/1KERJAAN/Telisik Studio/Dashboard HSE/hse-dashboard/hse-backend/vendor/laravel/framework/src/Illuminate/Session/Middleware/StartSession.php(64): Illuminate/Session/Middleware/StartSession->handleStatefulRequest(Object(Illuminate/Http/Request), Object(Illuminate/Session/Store), Object(Closure))
#22 E:/1KERJAAN/Telisik Studio/Dashboard HSE/hse-dashboard/hse-backend/vendor/laravel/framework/src/Illuminate/Pipeline/Pipeline.php(209): Illuminate/Session/Middleware/StartSession->handle(Object(Illuminate/Http/Request), Object(Closure))
#23 E:/1KERJAAN/Telisik Studio/Dashboard HSE/hse-dashboard/hse-backend/vendor/laravel/framework/src/Illuminate/Cookie/Middleware/AddQueuedCookiesToResponse.php(37): Illuminate/Pipeline/Pipeline->Illuminate/Pipeline/{closure}(Object(Illuminate/Http/Request))
#24 E:/1KERJAAN/Telisik Studio/Dashboard HSE/hse-dashboard/hse-backend/vendor/laravel/framework/src/Illuminate/Pipeline/Pipeline.php(209): Illuminate/Cookie/Middleware/AddQueuedCookiesToResponse->handle(Object(Illuminate/Http/Request), Object(Closure))
#25 E:/1KERJAAN/Telisik Studio/Dashboard HSE/hse-dashboard/hse-backend/vendor/laravel/framework/src/Illuminate/Cookie/Middleware/EncryptCookies.php(75): Illuminate/Pipeline/Pipeline->Illuminate/Pipeline/{closure}(Object(Illuminate/Http/Request))
#26 E:/1KERJAAN/Telisik Studio/Dashboard HSE/hse-dashboard/hse-backend/vendor/laravel/framework/src/Illuminate/Pipeline/Pipeline.php(209): Illuminate/Cookie/Middleware/EncryptCookies->handle(Object(Illuminate/Http/Request), Object(Closure))
#27 E:/1KERJAAN/Telisik Studio/Dashboard HSE/hse-dashboard/hse-backend/vendor/laravel/sanctum/src/Http/Middleware/EnsureFrontendRequestsAreStateful.php(61): Illuminate/Pipeline/Pipeline->Illuminate/Pipeline/{closure}(Object(Illuminate/Http/Request))
#28 E:/1KERJAAN/Telisik Studio/Dashboard HSE/hse-dashboard/hse-backend/vendor/laravel/framework/src/Illuminate/Pipeline/Pipeline.php(191): Laravel/Sanctum/Http/Middleware/EnsureFrontendRequestsAreStateful->Laravel/Sanctum/Http/Middleware/{closure}(Object(Illuminate/Http/Request), Object(Closure))
#29 E:/1KERJAAN/Telisik Studio/Dashboard HSE/hse-dashboard/hse-backend/vendor/laravel/framework/src/Illuminate/Pipeline/Pipeline.php(127): Illuminate/Pipeline/Pipeline->Illuminate/Pipeline/{closure}(Object(Illuminate/Http/Request))
#30 E:/1KERJAAN/Telisik Studio/Dashboard HSE/hse-dashboard/hse-backend/vendor/laravel/sanctum/src/Http/Middleware/EnsureFrontendRequestsAreStateful.php(25): Illuminate/Pipeline/Pipeline->then(Object(Closure))
#31 E:/1KERJAAN/Telisik Studio/Dashboard HSE/hse-dashboard/hse-backend/vendor/laravel/framework/src/Illuminate/Pipeline/Pipeline.php(209): Laravel/Sanctum/Http/Middleware/EnsureFrontendRequestsAreStateful->handle(Object(Illuminate/Http/Request), Object(Closure))
#32 E:/1KERJAAN/Telisik Studio/Dashboard HSE/hse-dashboard/hse-backend/vendor/laravel/framework/src/Illuminate/Pipeline/Pipeline.php(127): Illuminate/Pipeline/Pipeline->Illuminate/Pipeline/{closure}(Object(Illuminate/Http/Request))
#33 E:/1KERJAAN/Telisik Studio/Dashboard HSE/hse-dashboard/hse-backend/vendor/laravel/framework/src/Illuminate/Routing/Router.php(807): Illuminate/Pipeline/Pipeline->then(Object(Closure))
#34 E:/1KERJAAN/Telisik Studio/Dashboard HSE/hse-dashboard/hse-backend/vendor/laravel/framework/src/Illuminate/Routing/Router.php(786): Illuminate/Routing/Router->runRouteWithinStack(Object(Illuminate/Routing/Route), Object(Illuminate/Http/Request))
#35 E:/1KERJAAN/Telisik Studio/Dashboard HSE/hse-dashboard/hse-backend/vendor/laravel/framework/src/Illuminate/Routing/Router.php(750): Illuminate/Routing/Router->runRoute(Object(Illuminate/Http/Request), Object(Illuminate/Routing/Route))
#36 E:/1KERJAAN/Telisik Studio/Dashboard HSE/hse-dashboard/hse-backend/vendor/laravel/framework/src/Illuminate/Routing/Router.php(739): Illuminate/Routing/Router->dispatchToRoute(Object(Illuminate/Http/Request))
#37 E:/1KERJAAN/Telisik Studio/Dashboard HSE/hse-dashboard/hse-backend/vendor/laravel/framework/src/Illuminate/Foundation/Http/Kernel.php(201): Illuminate/Routing/Router->dispatch(Object(Illuminate/Http/Request))
#38 E:/1KERJAAN/Telisik Studio/Dashboard HSE/hse-dashboard/hse-backend/vendor/laravel/framework/src/Illuminate/Pipeline/Pipeline.php(170): Illuminate/Foundation/Http/Kernel->Illuminate/Foundation/Http/{closure}(Object(Illuminate/Http/Request))
#39 E:/1KERJAAN/Telisik Studio/Dashboard HSE/hse-dashboard/hse-backend/vendor/laravel/framework/src/Illuminate/Foundation/Http/Middleware/TransformsRequest.php(21): Illuminate/Pipeline/Pipeline->Illuminate/Pipeline/{closure}(Object(Illuminate/Http/Request))
#40 E:/1KERJAAN/Telisik Studio/Dashboard HSE/hse-dashboard/hse-backend/vendor/laravel/framework/src/Illuminate/Foundation/Http/Middleware/ConvertEmptyStringsToNull.php(31): Illuminate/Foundation/Http/Middleware/TransformsRequest->handle(Object(Illuminate/Http/Request), Object(Closure))
#41 E:/1KERJAAN/Telisik Studio/Dashboard HSE/hse-dashboard/hse-backend/vendor/laravel/framework/src/Illuminate/Pipeline/Pipeline.php(209): Illuminate/Foundation/Http/Middleware/ConvertEmptyStringsToNull->handle(Object(Illuminate/Http/Request), Object(Closure))
#42 E:/1KERJAAN/Telisik Studio/Dashboard HSE/hse-dashboard/hse-backend/vendor/laravel/framework/src/Illuminate/Foundation/Http/Middleware/TransformsRequest.php(21): Illuminate/Pipeline/Pipeline->Illuminate/Pipeline/{closure}(Object(Illuminate/Http/Request))
#43 E:/1KERJAAN/Telisik Studio/Dashboard HSE/hse-dashboard/hse-backend/vendor/laravel/framework/src/Illuminate/Foundation/Http/Middleware/TrimStrings.php(51): Illuminate/Foundation/Http/Middleware/TransformsRequest->handle(Object(Illuminate/Http/Request), Object(Closure))
#44 E:/1KERJAAN/Telisik Studio/Dashboard HSE/hse-dashboard/hse-backend/vendor/laravel/framework/src/Illuminate/Pipeline/Pipeline.php(209): Illuminate/Foundation/Http/Middleware/TrimStrings->handle(Object(Illuminate/Http/Request), Object(Closure))
#45 E:/1KERJAAN/Telisik Studio/Dashboard HSE/hse-dashboard/hse-backend/vendor/laravel/framework/src/Illuminate/Http/Middleware/ValidatePostSize.php(27): Illuminate/Pipeline/Pipeline->Illuminate/Pipeline/{closure}(Object(Illuminate/Http/Request))
#46 E:/1KERJAAN/Telisik Studio/Dashboard HSE/hse-dashboard/hse-backend/vendor/laravel/framework/src/Illuminate/Pipeline/Pipeline.php(209): Illuminate/Http/Middleware/ValidatePostSize->handle(Object(Illuminate/Http/Request), Object(Closure))
#47 E:/1KERJAAN/Telisik Studio/Dashboard HSE/hse-dashboard/hse-backend/vendor/laravel/framework/src/Illuminate/Foundation/Http/Middleware/PreventRequestsDuringMaintenance.php(110): Illuminate/Pipeline/Pipeline->Illuminate/Pipeline/{closure}(Object(Illuminate/Http/Request))
#48 E:/1KERJAAN/Telisik Studio/Dashboard HSE/hse-dashboard/hse-backend/vendor/laravel/framework/src/Illuminate/Pipeline/Pipeline.php(209): Illuminate/Foundation/Http/Middleware/PreventRequestsDuringMaintenance->handle(Object(Illuminate/Http/Request), Object(Closure))
#49 E:/1KERJAAN/Telisik Studio/Dashboard HSE/hse-dashboard/hse-backend/vendor/laravel/framework/src/Illuminate/Http/Middleware/HandleCors.php(62): Illuminate/Pipeline/Pipeline->Illuminate/Pipeline/{closure}(Object(Illuminate/Http/Request))
#50 E:/1KERJAAN/Telisik Studio/Dashboard HSE/hse-dashboard/hse-backend/vendor/laravel/framework/src/Illuminate/Pipeline/Pipeline.php(209): Illuminate/Http/Middleware/HandleCors->handle(Object(Illuminate/Http/Request), Object(Closure))
#51 E:/1KERJAAN/Telisik Studio/Dashboard HSE/hse-dashboard/hse-backend/vendor/laravel/framework/src/Illuminate/Http/Middleware/TrustProxies.php(58): Illuminate/Pipeline/Pipeline->Illuminate/Pipeline/{closure}(Object(Illuminate/Http/Request))
#52 E:/1KERJAAN/Telisik Studio/Dashboard HSE/hse-dashboard/hse-backend/vendor/laravel/framework/src/Illuminate/Pipeline/Pipeline.php(209): Illuminate/Http/Middleware/TrustProxies->handle(Object(Illuminate/Http/Request), Object(Closure))
#53 E:/1KERJAAN/Telisik Studio/Dashboard HSE/hse-dashboard/hse-backend/vendor/laravel/framework/src/Illuminate/Foundation/Http/Middleware/InvokeDeferredCallbacks.php(22): Illuminate/Pipeline/Pipeline->Illuminate/Pipeline/{closure}(Object(Illuminate/Http/Request))
#54 E:/1KERJAAN/Telisik Studio/Dashboard HSE/hse-dashboard/hse-backend/vendor/laravel/framework/src/Illuminate/Pipeline/Pipeline.php(209): Illuminate/Foundation/Http/Middleware/InvokeDeferredCallbacks->handle(Object(Illuminate/Http/Request), Object(Closure))
#55 E:/1KERJAAN/Telisik Studio/Dashboard HSE/hse-dashboard/hse-backend/vendor/laravel/framework/src/Illuminate/Pipeline/Pipeline.php(127): Illuminate/Pipeline/Pipeline->Illuminate/Pipeline/{closure}(Object(Illuminate/Http/Request))
#56 E:/1KERJAAN/Telisik Studio/Dashboard HSE/hse-dashboard/hse-backend/vendor/laravel/framework/src/Illuminate/Foundation/Http/Kernel.php(176): Illuminate/Pipeline/Pipeline->then(Object(Closure))
#57 E:/1KERJAAN/Telisik Studio/Dashboard HSE/hse-dashboard/hse-backend/vendor/laravel/framework/src/Illuminate/Foundation/Http/Kernel.php(145): Illuminate/Foundation/Http/Kernel->sendRequestThroughRouter(Object(Illuminate/Http/Request))
#58 E:/1KERJAAN/Telisik Studio/Dashboard HSE/hse-dashboard/hse-backend/vendor/laravel/framework/src/Illuminate/Foundation/Application.php(1220): Illuminate/Foundation/Http/Kernel->handle(Object(Illuminate/Http/Request))
#59 E:/1KERJAAN/Telisik Studio/Dashboard HSE/hse-dashboard/hse-backend/public/index.php(17): Illuminate/Foundation/Application->handleRequest(Object(Illuminate/Http/Request))
#60 E:/1KERJAAN/Telisik Studio/Dashboard HSE/hse-dashboard/hse-backend/vendor/laravel/framework/src/Illuminate/Foundation/resources/server.php(23): require_once('E://1KERJAAN//Tel...')
#61 {main}
"} 
[2026-08-04 17:14:44] local.ERROR: Call to undefined method Illuminate\Database\Eloquent\Builder::query() {"userId":1,"exception":"[object] (BadMethodCallException(code: 0): Call to undefined method Illuminate\\Database\\Eloquent\\Builder::query() at E:/1KERJAAN/Telisik Studio/Dashboard HSE/hse-dashboard/hse-backend/vendor/laravel/framework/src/Illuminate/Support/Traits/ForwardsCalls.php:67)
[stacktrace]
#0 E:/1KERJAAN/Telisik Studio/Dashboard HSE/hse-dashboard/hse-backend/vendor/laravel/framework/src/Illuminate/Support/Traits/ForwardsCalls.php(36): Illuminate/Database/Eloquent/Builder::throwBadMethodCallException('query')
#1 E:/1KERJAAN/Telisik Studio/Dashboard HSE/hse-dashboard/hse-backend/vendor/laravel/framework/src/Illuminate/Database/Eloquent/Builder.php(2123): Illuminate/Database/Eloquent/Builder->forwardCallTo(Object(Illuminate/Database/Query/Builder), 'query', Array)
#2 E:/1KERJAAN/Telisik Studio/Dashboard HSE/hse-dashboard/hse-backend/app/Http/Controllers/Api/PermitController.php(23): Illuminate/Database/Eloquent/Builder->__call('query', Array)
#3 E:/1KERJAAN/Telisik Studio/Dashboard HSE/hse-dashboard/hse-backend/vendor/laravel/framework/src/Illuminate/Routing/ControllerDispatcher.php(47): App/Http/Controllers/Api/PermitController->index(Object(Illuminate/Http/Request))
#4 E:/1KERJAAN/Telisik Studio/Dashboard HSE/hse-dashboard/hse-backend/vendor/laravel/framework/src/Illuminate/Routing/Route.php(266): Illuminate/Routing/ControllerDispatcher->dispatch(Object(Illuminate/Routing/Route), Object(App/Http/Controllers/Api/PermitController), 'index')
#5 E:/1KERJAAN/Telisik Studio/Dashboard HSE/hse-dashboard/hse-backend/vendor/laravel/framework/src/Illuminate/Routing/Route.php(212): Illuminate/Routing/Route->runController()
#6 E:/1KERJAAN/Telisik Studio/Dashboard HSE/hse-dashboard/hse-backend/vendor/laravel/framework/src/Illuminate/Routing/Router.php(808): Illuminate/Routing/Route->run()
#7 E:/1KERJAAN/Telisik Studio/Dashboard HSE/hse-dashboard/hse-backend/vendor/laravel/framework/src/Illuminate/Pipeline/Pipeline.php(170): Illuminate/Routing/Router->Illuminate/Routing/{closure}(Object(Illuminate/Http/Request))
#8 E:/1KERJAAN/Telisik Studio/Dashboard HSE/hse-dashboard/hse-backend/app/Http/Middleware/EnsureAnyPermission.php(26): Illuminate/Pipeline/Pipeline->Illuminate/Pipeline/{closure}(Object(Illuminate/Http/Request))
#9 E:/1KERJAAN/Telisik Studio/Dashboard HSE/hse-dashboard/hse-backend/vendor/laravel/framework/src/Illuminate/Pipeline/Pipeline.php(209): App/Http/Middleware/EnsureAnyPermission->handle(Object(Illuminate/Http/Request), Object(Closure), 'permits', 'permits_own')
#10 E:/1KERJAAN/Telisik Studio/Dashboard HSE/hse-dashboard/hse-backend/vendor/laravel/framework/src/Illuminate/Routing/Middleware/SubstituteBindings.php(51): Illuminate/Pipeline/Pipeline->Illuminate/Pipeline/{closure}(Object(Illuminate/Http/Request))
#11 E:/1KERJAAN/Telisik Studio/Dashboard HSE/hse-dashboard/hse-backend/vendor/laravel/framework/src/Illuminate/Pipeline/Pipeline.php(209): Illuminate/Routing/Middleware/SubstituteBindings->handle(Object(Illuminate/Http/Request), Object(Closure))
#12 E:/1KERJAAN/Telisik Studio/Dashboard HSE/hse-dashboard/hse-backend/vendor/laravel/framework/src/Illuminate/Auth/Middleware/Authenticate.php(64): Illuminate/Pipeline/Pipeline->Illuminate/Pipeline/{closure}(Object(Illuminate/Http/Request))
#13 E:/1KERJAAN/Telisik Studio/Dashboard HSE/hse-dashboard/hse-backend/vendor/laravel/framework/src/Illuminate/Pipeline/Pipeline.php(209): Illuminate/Auth/Middleware/Authenticate->handle(Object(Illuminate/Http/Request), Object(Closure), 'sanctum')
#14 E:/1KERJAAN/Telisik Studio/Dashboard HSE/hse-dashboard/hse-backend/vendor/laravel/sanctum/src/Http/Middleware/EnsureFrontendRequestsAreStateful.php(26): Illuminate/Pipeline/Pipeline->Illuminate/Pipeline/{closure}(Object(Illuminate/Http/Request))
#15 E:/1KERJAAN/Telisik Studio/Dashboard HSE/hse-dashboard/hse-backend/vendor/laravel/framework/src/Illuminate/Pipeline/Pipeline.php(170): Laravel/Sanctum/Http/Middleware/EnsureFrontendRequestsAreStateful->Laravel/Sanctum/Http/Middleware/{closure}(Object(Illuminate/Http/Request))
#16 E:/1KERJAAN/Telisik Studio/Dashboard HSE/hse-dashboard/hse-backend/vendor/laravel/sanctum/src/Http/Middleware/AuthenticateSession.php(60): Illuminate/Pipeline/Pipeline->Illuminate/Pipeline/{closure}(Object(Illuminate/Http/Request))
#17 E:/1KERJAAN/Telisik Studio/Dashboard HSE/hse-dashboard/hse-backend/vendor/laravel/framework/src/Illuminate/Pipeline/Pipeline.php(209): Laravel/Sanctum/Http/Middleware/AuthenticateSession->handle(Object(Illuminate/Http/Request), Object(Closure))
#18 E:/1KERJAAN/Telisik Studio/Dashboard HSE/hse-dashboard/hse-backend/vendor/laravel/framework/src/Illuminate/Foundation/Http/Middleware/VerifyCsrfToken.php(88): Illuminate/Pipeline/Pipeline->Illuminate/Pipeline/{closure}(Object(Illuminate/Http/Request))
#19 E:/1KERJAAN/Telisik Studio/Dashboard HSE/hse-dashboard/hse-backend/vendor/laravel/framework/src/Illuminate/Pipeline/Pipeline.php(209): Illuminate/Foundation/Http/Middleware/VerifyCsrfToken->handle(Object(Illuminate/Http/Request), Object(Closure))
#20 E:/1KERJAAN/Telisik Studio/Dashboard HSE/hse-dashboard/hse-backend/vendor/laravel/framework/src/Illuminate/Session/Middleware/StartSession.php(121): Illuminate/Pipeline/Pipeline->Illuminate/Pipeline/{closure}(Object(Illuminate/Http/Request))
#21 E:/1KERJAAN/Telisik Studio/Dashboard HSE/hse-dashboard/hse-backend/vendor/laravel/framework/src/Illuminate/Session/Middleware/StartSession.php(64): Illuminate/Session/Middleware/StartSession->handleStatefulRequest(Object(Illuminate/Http/Request), Object(Illuminate/Session/Store), Object(Closure))
#22 E:/1KERJAAN/Telisik Studio/Dashboard HSE/hse-dashboard/hse-backend/vendor/laravel/framework/src/Illuminate/Pipeline/Pipeline.php(209): Illuminate/Session/Middleware/StartSession->handle(Object(Illuminate/Http/Request), Object(Closure))
#23 E:/1KERJAAN/Telisik Studio/Dashboard HSE/hse-dashboard/hse-backend/vendor/laravel/framework/src/Illuminate/Cookie/Middleware/AddQueuedCookiesToResponse.php(37): Illuminate/Pipeline/Pipeline->Illuminate/Pipeline/{closure}(Object(Illuminate/Http/Request))
#24 E:/1KERJAAN/Telisik Studio/Dashboard HSE/hse-dashboard/hse-backend/vendor/laravel/framework/src/Illuminate/Pipeline/Pipeline.php(209): Illuminate/Cookie/Middleware/AddQueuedCookiesToResponse->handle(Object(Illuminate/Http/Request), Object(Closure))
#25 E:/1KERJAAN/Telisik Studio/Dashboard HSE/hse-dashboard/hse-backend/vendor/laravel/framework/src/Illuminate/Cookie/Middleware/EncryptCookies.php(75): Illuminate/Pipeline/Pipeline->Illuminate/Pipeline/{closure}(Object(Illuminate/Http/Request))
#26 E:/1KERJAAN/Telisik Studio/Dashboard HSE/hse-dashboard/hse-backend/vendor/laravel/framework/src/Illuminate/Pipeline/Pipeline.php(209): Illuminate/Cookie/Middleware/EncryptCookies->handle(Object(Illuminate/Http/Request), Object(Closure))
#27 E:/1KERJAAN/Telisik Studio/Dashboard HSE/hse-dashboard/hse-backend/vendor/laravel/sanctum/src/Http/Middleware/EnsureFrontendRequestsAreStateful.php(61): Illuminate/Pipeline/Pipeline->Illuminate/Pipeline/{closure}(Object(Illuminate/Http/Request))
#28 E:/1KERJAAN/Telisik Studio/Dashboard HSE/hse-dashboard/hse-backend/vendor/laravel/framework/src/Illuminate/Pipeline/Pipeline.php(191): Laravel/Sanctum/Http/Middleware/EnsureFrontendRequestsAreStateful->Laravel/Sanctum/Http/Middleware/{closure}(Object(Illuminate/Http/Request), Object(Closure))
#29 E:/1KERJAAN/Telisik Studio/Dashboard HSE/hse-dashboard/hse-backend/vendor/laravel/framework/src/Illuminate/Pipeline/Pipeline.php(127): Illuminate/Pipeline/Pipeline->Illuminate/Pipeline/{closure}(Object(Illuminate/Http/Request))
#30 E:/1KERJAAN/Telisik Studio/Dashboard HSE/hse-dashboard/hse-backend/vendor/laravel/sanctum/src/Http/Middleware/EnsureFrontendRequestsAreStateful.php(25): Illuminate/Pipeline/Pipeline->then(Object(Closure))
#31 E:/1KERJAAN/Telisik Studio/Dashboard HSE/hse-dashboard/hse-backend/vendor/laravel/framework/src/Illuminate/Pipeline/Pipeline.php(209): Laravel/Sanctum/Http/Middleware/EnsureFrontendRequestsAreStateful->handle(Object(Illuminate/Http/Request), Object(Closure))
#32 E:/1KERJAAN/Telisik Studio/Dashboard HSE/hse-dashboard/hse-backend/vendor/laravel/framework/src/Illuminate/Pipeline/Pipeline.php(127): Illuminate/Pipeline/Pipeline->Illuminate/Pipeline/{closure}(Object(Illuminate/Http/Request))
#33 E:/1KERJAAN/Telisik Studio/Dashboard HSE/hse-dashboard/hse-backend/vendor/laravel/framework/src/Illuminate/Routing/Router.php(807): Illuminate/Pipeline/Pipeline->then(Object(Closure))
#34 E:/1KERJAAN/Telisik Studio/Dashboard HSE/hse-dashboard/hse-backend/vendor/laravel/framework/src/Illuminate/Routing/Router.php(786): Illuminate/Routing/Router->runRouteWithinStack(Object(Illuminate/Routing/Route), Object(Illuminate/Http/Request))
#35 E:/1KERJAAN/Telisik Studio/Dashboard HSE/hse-dashboard/hse-backend/vendor/laravel/framework/src/Illuminate/Routing/Router.php(750): Illuminate/Routing/Router->runRoute(Object(Illuminate/Http/Request), Object(Illuminate/Routing/Route))
#36 E:/1KERJAAN/Telisik Studio/Dashboard HSE/hse-dashboard/hse-backend/vendor/laravel/framework/src/Illuminate/Routing/Router.php(739): Illuminate/Routing/Router->dispatchToRoute(Object(Illuminate/Http/Request))
#37 E:/1KERJAAN/Telisik Studio/Dashboard HSE/hse-dashboard/hse-backend/vendor/laravel/framework/src/Illuminate/Foundation/Http/Kernel.php(201): Illuminate/Routing/Router->dispatch(Object(Illuminate/Http/Request))
#38 E:/1KERJAAN/Telisik Studio/Dashboard HSE/hse-dashboard/hse-backend/vendor/laravel/framework/src/Illuminate/Pipeline/Pipeline.php(170): Illuminate/Foundation/Http/Kernel->Illuminate/Foundation/Http/{closure}(Object(Illuminate/Http/Request))
#39 E:/1KERJAAN/Telisik Studio/Dashboard HSE/hse-dashboard/hse-backend/vendor/laravel/framework/src/Illuminate/Foundation/Http/Middleware/TransformsRequest.php(21): Illuminate/Pipeline/Pipeline->Illuminate/Pipeline/{closure}(Object(Illuminate/Http/Request))
#40 E:/1KERJAAN/Telisik Studio/Dashboard HSE/hse-dashboard/hse-backend/vendor/laravel/framework/src/Illuminate/Foundation/Http/Middleware/ConvertEmptyStringsToNull.php(31): Illuminate/Foundation/Http/Middleware/TransformsRequest->handle(Object(Illuminate/Http/Request), Object(Closure))
#41 E:/1KERJAAN/Telisik Studio/Dashboard HSE/hse-dashboard/hse-backend/vendor/laravel/framework/src/Illuminate/Pipeline/Pipeline.php(209): Illuminate/Foundation/Http/Middleware/ConvertEmptyStringsToNull->handle(Object(Illuminate/Http/Request), Object(Closure))
#42 E:/1KERJAAN/Telisik Studio/Dashboard HSE/hse-dashboard/hse-backend/vendor/laravel/framework/src/Illuminate/Foundation/Http/Middleware/TransformsRequest.php(21): Illuminate/Pipeline/Pipeline->Illuminate/Pipeline/{closure}(Object(Illuminate/Http/Request))
#43 E:/1KERJAAN/Telisik Studio/Dashboard HSE/hse-dashboard/hse-backend/vendor/laravel/framework/src/Illuminate/Foundation/Http/Middleware/TrimStrings.php(51): Illuminate/Foundation/Http/Middleware/TransformsRequest->handle(Object(Illuminate/Http/Request), Object(Closure))
#44 E:/1KERJAAN/Telisik Studio/Dashboard HSE/hse-dashboard/hse-backend/vendor/laravel/framework/src/Illuminate/Pipeline/Pipeline.php(209): Illuminate/Foundation/Http/Middleware/TrimStrings->handle(Object(Illuminate/Http/Request), Object(Closure))
#45 E:/1KERJAAN/Telisik Studio/Dashboard HSE/hse-dashboard/hse-backend/vendor/laravel/framework/src/Illuminate/Http/Middleware/ValidatePostSize.php(27): Illuminate/Pipeline/Pipeline->Illuminate/Pipeline/{closure}(Object(Illuminate/Http/Request))
#46 E:/1KERJAAN/Telisik Studio/Dashboard HSE/hse-dashboard/hse-backend/vendor/laravel/framework/src/Illuminate/Pipeline/Pipeline.php(209): Illuminate/Http/Middleware/ValidatePostSize->handle(Object(Illuminate/Http/Request), Object(Closure))
#47 E:/1KERJAAN/Telisik Studio/Dashboard HSE/hse-dashboard/hse-backend/vendor/laravel/framework/src/Illuminate/Foundation/Http/Middleware/PreventRequestsDuringMaintenance.php(110): Illuminate/Pipeline/Pipeline->Illuminate/Pipeline/{closure}(Object(Illuminate/Http/Request))
#48 E:/1KERJAAN/Telisik Studio/Dashboard HSE/hse-dashboard/hse-backend/vendor/laravel/framework/src/Illuminate/Pipeline/Pipeline.php(209): Illuminate/Foundation/Http/Middleware/PreventRequestsDuringMaintenance->handle(Object(Illuminate/Http/Request), Object(Closure))
#49 E:/1KERJAAN/Telisik Studio/Dashboard HSE/hse-dashboard/hse-backend/vendor/laravel/framework/src/Illuminate/Http/Middleware/HandleCors.php(62): Illuminate/Pipeline/Pipeline->Illuminate/Pipeline/{closure}(Object(Illuminate/Http/Request))
#50 E:/1KERJAAN/Telisik Studio/Dashboard HSE/hse-dashboard/hse-backend/vendor/laravel/framework/src/Illuminate/Pipeline/Pipeline.php(209): Illuminate/Http/Middleware/HandleCors->handle(Object(Illuminate/Http/Request), Object(Closure))
#51 E:/1KERJAAN/Telisik Studio/Dashboard HSE/hse-dashboard/hse-backend/vendor/laravel/framework/src/Illuminate/Http/Middleware/TrustProxies.php(58): Illuminate/Pipeline/Pipeline->Illuminate/Pipeline/{closure}(Object(Illuminate/Http/Request))
#52 E:/1KERJAAN/Telisik Studio/Dashboard HSE/hse-dashboard/hse-backend/vendor/laravel/framework/src/Illuminate/Pipeline/Pipeline.php(209): Illuminate/Http/Middleware/TrustProxies->handle(Object(Illuminate/Http/Request), Object(Closure))
#53 E:/1KERJAAN/Telisik Studio/Dashboard HSE/hse-dashboard/hse-backend/vendor/laravel/framework/src/Illuminate/Foundation/Http/Middleware/InvokeDeferredCallbacks.php(22): Illuminate/Pipeline/Pipeline->Illuminate/Pipeline/{closure}(Object(Illuminate/Http/Request))
#54 E:/1KERJAAN/Telisik Studio/Dashboard HSE/hse-dashboard/hse-backend/vendor/laravel/framework/src/Illuminate/Pipeline/Pipeline.php(209): Illuminate/Foundation/Http/Middleware/InvokeDeferredCallbacks->handle(Object(Illuminate/Http/Request), Object(Closure))
#55 E:/1KERJAAN/Telisik Studio/Dashboard HSE/hse-dashboard/hse-backend/vendor/laravel/framework/src/Illuminate/Pipeline/Pipeline.php(127): Illuminate/Pipeline/Pipeline->Illuminate/Pipeline/{closure}(Object(Illuminate/Http/Request))
#56 E:/1KERJAAN/Telisik Studio/Dashboard HSE/hse-dashboard/hse-backend/vendor/laravel/framework/src/Illuminate/Foundation/Http/Kernel.php(176): Illuminate/Pipeline/Pipeline->then(Object(Closure))
#57 E:/1KERJAAN/Telisik Studio/Dashboard HSE/hse-dashboard/hse-backend/vendor/laravel/framework/src/Illuminate/Foundation/Http/Kernel.php(145): Illuminate/Foundation/Http/Kernel->sendRequestThroughRouter(Object(Illuminate/Http/Request))
#58 E:/1KERJAAN/Telisik Studio/Dashboard HSE/hse-dashboard/hse-backend/vendor/laravel/framework/src/Illuminate/Foundation/Application.php(1220): Illuminate/Foundation/Http/Kernel->handle(Object(Illuminate/Http/Request))
#59 E:/1KERJAAN/Telisik Studio/Dashboard HSE/hse-dashboard/hse-backend/public/index.php(17): Illuminate/Foundation/Application->handleRequest(Object(Illuminate/Http/Request))
#60 E:/1KERJAAN/Telisik Studio/Dashboard HSE/hse-dashboard/hse-backend/vendor/laravel/framework/src/Illuminate/Foundation/resources/server.php(23): require_once('E://1KERJAAN//Tel...')
#61 {main}
"} 
[2026-08-04 17:14:44] local.ERROR: Call to undefined method Illuminate\Database\Eloquent\Builder::query() {"userId":1,"exception":"[object] (BadMethodCallException(code: 0): Call to undefined method Illuminate\\Database\\Eloquent\\Builder::query() at E:/1KERJAAN/Telisik Studio/Dashboard HSE/hse-dashboard/hse-backend/vendor/laravel/framework/src/Illuminate/Support/Traits/ForwardsCalls.php:67)
[stacktrace]
#0 E:/1KERJAAN/Telisik Studio/Dashboard HSE/hse-dashboard/hse-backend/vendor/laravel/framework/src/Illuminate/Support/Traits/ForwardsCalls.php(36): Illuminate/Database/Eloquent/Builder::throwBadMethodCallException('query')
#1 E:/1KERJAAN/Telisik Studio/Dashboard HSE/hse-dashboard/hse-backend/vendor/laravel/framework/src/Illuminate/Database/Eloquent/Builder.php(2123): Illuminate/Database/Eloquent/Builder->forwardCallTo(Object(Illuminate/Database/Query/Builder), 'query', Array)
#2 E:/1KERJAAN/Telisik Studio/Dashboard HSE/hse-dashboard/hse-backend/app/Http/Controllers/Api/PermitController.php(23): Illuminate/Database/Eloquent/Builder->__call('query', Array)
#3 E:/1KERJAAN/Telisik Studio/Dashboard HSE/hse-dashboard/hse-backend/vendor/laravel/framework/src/Illuminate/Routing/ControllerDispatcher.php(47): App/Http/Controllers/Api/PermitController->index(Object(Illuminate/Http/Request))
#4 E:/1KERJAAN/Telisik Studio/Dashboard HSE/hse-dashboard/hse-backend/vendor/laravel/framework/src/Illuminate/Routing/Route.php(266): Illuminate/Routing/ControllerDispatcher->dispatch(Object(Illuminate/Routing/Route), Object(App/Http/Controllers/Api/PermitController), 'index')
#5 E:/1KERJAAN/Telisik Studio/Dashboard HSE/hse-dashboard/hse-backend/vendor/laravel/framework/src/Illuminate/Routing/Route.php(212): Illuminate/Routing/Route->runController()
#6 E:/1KERJAAN/Telisik Studio/Dashboard HSE/hse-dashboard/hse-backend/vendor/laravel/framework/src/Illuminate/Routing/Router.php(808): Illuminate/Routing/Route->run()
#7 E:/1KERJAAN/Telisik Studio/Dashboard HSE/hse-dashboard/hse-backend/vendor/laravel/framework/src/Illuminate/Pipeline/Pipeline.php(170): Illuminate/Routing/Router->Illuminate/Routing/{closure}(Object(Illuminate/Http/Request))
#8 E:/1KERJAAN/Telisik Studio/Dashboard HSE/hse-dashboard/hse-backend/app/Http/Middleware/EnsureAnyPermission.php(26): Illuminate/Pipeline/Pipeline->Illuminate/Pipeline/{closure}(Object(Illuminate/Http/Request))
#9 E:/1KERJAAN/Telisik Studio/Dashboard HSE/hse-dashboard/hse-backend/vendor/laravel/framework/src/Illuminate/Pipeline/Pipeline.php(209): App/Http/Middleware/EnsureAnyPermission->handle(Object(Illuminate/Http/Request), Object(Closure), 'permits', 'permits_own')
#10 E:/1KERJAAN/Telisik Studio/Dashboard HSE/hse-dashboard/hse-backend/vendor/laravel/framework/src/Illuminate/Routing/Middleware/SubstituteBindings.php(51): Illuminate/Pipeline/Pipeline->Illuminate/Pipeline/{closure}(Object(Illuminate/Http/Request))
#11 E:/1KERJAAN/Telisik Studio/Dashboard HSE/hse-dashboard/hse-backend/vendor/laravel/framework/src/Illuminate/Pipeline/Pipeline.php(209): Illuminate/Routing/Middleware/SubstituteBindings->handle(Object(Illuminate/Http/Request), Object(Closure))
#12 E:/1KERJAAN/Telisik Studio/Dashboard HSE/hse-dashboard/hse-backend/vendor/laravel/framework/src/Illuminate/Auth/Middleware/Authenticate.php(64): Illuminate/Pipeline/Pipeline->Illuminate/Pipeline/{closure}(Object(Illuminate/Http/Request))
#13 E:/1KERJAAN/Telisik Studio/Dashboard HSE/hse-dashboard/hse-backend/vendor/laravel/framework/src/Illuminate/Pipeline/Pipeline.php(209): Illuminate/Auth/Middleware/Authenticate->handle(Object(Illuminate/Http/Request), Object(Closure), 'sanctum')
#14 E:/1KERJAAN/Telisik Studio/Dashboard HSE/hse-dashboard/hse-backend/vendor/laravel/sanctum/src/Http/Middleware/EnsureFrontendRequestsAreStateful.php(26): Illuminate/Pipeline/Pipeline->Illuminate/Pipeline/{closure}(Object(Illuminate/Http/Request))
#15 E:/1KERJAAN/Telisik Studio/Dashboard HSE/hse-dashboard/hse-backend/vendor/laravel/framework/src/Illuminate/Pipeline/Pipeline.php(170): Laravel/Sanctum/Http/Middleware/EnsureFrontendRequestsAreStateful->Laravel/Sanctum/Http/Middleware/{closure}(Object(Illuminate/Http/Request))
#16 E:/1KERJAAN/Telisik Studio/Dashboard HSE/hse-dashboard/hse-backend/vendor/laravel/sanctum/src/Http/Middleware/AuthenticateSession.php(60): Illuminate/Pipeline/Pipeline->Illuminate/Pipeline/{closure}(Object(Illuminate/Http/Request))
#17 E:/1KERJAAN/Telisik Studio/Dashboard HSE/hse-dashboard/hse-backend/vendor/laravel/framework/src/Illuminate/Pipeline/Pipeline.php(209): Laravel/Sanctum/Http/Middleware/AuthenticateSession->handle(Object(Illuminate/Http/Request), Object(Closure))
#18 E:/1KERJAAN/Telisik Studio/Dashboard HSE/hse-dashboard/hse-backend/vendor/laravel/framework/src/Illuminate/Foundation/Http/Middleware/VerifyCsrfToken.php(88): Illuminate/Pipeline/Pipeline->Illuminate/Pipeline/{closure}(Object(Illuminate/Http/Request))
#19 E:/1KERJAAN/Telisik Studio/Dashboard HSE/hse-dashboard/hse-backend/vendor/laravel/framework/src/Illuminate/Pipeline/Pipeline.php(209): Illuminate/Foundation/Http/Middleware/VerifyCsrfToken->handle(Object(Illuminate/Http/Request), Object(Closure))
#20 E:/1KERJAAN/Telisik Studio/Dashboard HSE/hse-dashboard/hse-backend/vendor/laravel/framework/src/Illuminate/Session/Middleware/StartSession.php(121): Illuminate/Pipeline/Pipeline->Illuminate/Pipeline/{closure}(Object(Illuminate/Http/Request))
#21 E:/1KERJAAN/Telisik Studio/Dashboard HSE/hse-dashboard/hse-backend/vendor/laravel/framework/src/Illuminate/Session/Middleware/StartSession.php(64): Illuminate/Session/Middleware/StartSession->handleStatefulRequest(Object(Illuminate/Http/Request), Object(Illuminate/Session/Store), Object(Closure))
#22 E:/1KERJAAN/Telisik Studio/Dashboard HSE/hse-dashboard/hse-backend/vendor/laravel/framework/src/Illuminate/Pipeline/Pipeline.php(209): Illuminate/Session/Middleware/StartSession->handle(Object(Illuminate/Http/Request), Object(Closure))
#23 E:/1KERJAAN/Telisik Studio/Dashboard HSE/hse-dashboard/hse-backend/vendor/laravel/framework/src/Illuminate/Cookie/Middleware/AddQueuedCookiesToResponse.php(37): Illuminate/Pipeline/Pipeline->Illuminate/Pipeline/{closure}(Object(Illuminate/Http/Request))
#24 E:/1KERJAAN/Telisik Studio/Dashboard HSE/hse-dashboard/hse-backend/vendor/laravel/framework/src/Illuminate/Pipeline/Pipeline.php(209): Illuminate/Cookie/Middleware/AddQueuedCookiesToResponse->handle(Object(Illuminate/Http/Request), Object(Closure))
#25 E:/1KERJAAN/Telisik Studio/Dashboard HSE/hse-dashboard/hse-backend/vendor/laravel/framework/src/Illuminate/Cookie/Middleware/EncryptCookies.php(75): Illuminate/Pipeline/Pipeline->Illuminate/Pipeline/{closure}(Object(Illuminate/Http/Request))
#26 E:/1KERJAAN/Telisik Studio/Dashboard HSE/hse-dashboard/hse-backend/vendor/laravel/framework/src/Illuminate/Pipeline/Pipeline.php(209): Illuminate/Cookie/Middleware/EncryptCookies->handle(Object(Illuminate/Http/Request), Object(Closure))
#27 E:/1KERJAAN/Telisik Studio/Dashboard HSE/hse-dashboard/hse-backend/vendor/laravel/sanctum/src/Http/Middleware/EnsureFrontendRequestsAreStateful.php(61): Illuminate/Pipeline/Pipeline->Illuminate/Pipeline/{closure}(Object(Illuminate/Http/Request))
#28 E:/1KERJAAN/Telisik Studio/Dashboard HSE/hse-dashboard/hse-backend/vendor/laravel/framework/src/Illuminate/Pipeline/Pipeline.php(191): Laravel/Sanctum/Http/Middleware/EnsureFrontendRequestsAreStateful->Laravel/Sanctum/Http/Middleware/{closure}(Object(Illuminate/Http/Request), Object(Closure))
#29 E:/1KERJAAN/Telisik Studio/Dashboard HSE/hse-dashboard/hse-backend/vendor/laravel/framework/src/Illuminate/Pipeline/Pipeline.php(127): Illuminate/Pipeline/Pipeline->Illuminate/Pipeline/{closure}(Object(Illuminate/Http/Request))
#30 E:/1KERJAAN/Telisik Studio/Dashboard HSE/hse-dashboard/hse-backend/vendor/laravel/sanctum/src/Http/Middleware/EnsureFrontendRequestsAreStateful.php(25): Illuminate/Pipeline/Pipeline->then(Object(Closure))
#31 E:/1KERJAAN/Telisik Studio/Dashboard HSE/hse-dashboard/hse-backend/vendor/laravel/framework/src/Illuminate/Pipeline/Pipeline.php(209): Laravel/Sanctum/Http/Middleware/EnsureFrontendRequestsAreStateful->handle(Object(Illuminate/Http/Request), Object(Closure))
#32 E:/1KERJAAN/Telisik Studio/Dashboard HSE/hse-dashboard/hse-backend/vendor/laravel/framework/src/Illuminate/Pipeline/Pipeline.php(127): Illuminate/Pipeline/Pipeline->Illuminate/Pipeline/{closure}(Object(Illuminate/Http/Request))
#33 E:/1KERJAAN/Telisik Studio/Dashboard HSE/hse-dashboard/hse-backend/vendor/laravel/framework/src/Illuminate/Routing/Router.php(807): Illuminate/Pipeline/Pipeline->then(Object(Closure))
#34 E:/1KERJAAN/Telisik Studio/Dashboard HSE/hse-dashboard/hse-backend/vendor/laravel/framework/src/Illuminate/Routing/Router.php(786): Illuminate/Routing/Router->runRouteWithinStack(Object(Illuminate/Routing/Route), Object(Illuminate/Http/Request))
#35 E:/1KERJAAN/Telisik Studio/Dashboard HSE/hse-dashboard/hse-backend/vendor/laravel/framework/src/Illuminate/Routing/Router.php(750): Illuminate/Routing/Router->runRoute(Object(Illuminate/Http/Request), Object(Illuminate/Routing/Route))
#36 E:/1KERJAAN/Telisik Studio/Dashboard HSE/hse-dashboard/hse-backend/vendor/laravel/framework/src/Illuminate/Routing/Router.php(739): Illuminate/Routing/Router->dispatchToRoute(Object(Illuminate/Http/Request))
#37 E:/1KERJAAN/Telisik Studio/Dashboard HSE/hse-dashboard/hse-backend/vendor/laravel/framework/src/Illuminate/Foundation/Http/Kernel.php(201): Illuminate/Routing/Router->dispatch(Object(Illuminate/Http/Request))
#38 E:/1KERJAAN/Telisik Studio/Dashboard HSE/hse-dashboard/hse-backend/vendor/laravel/framework/src/Illuminate/Pipeline/Pipeline.php(170): Illuminate/Foundation/Http/Kernel->Illuminate/Foundation/Http/{closure}(Object(Illuminate/Http/Request))
#39 E:/1KERJAAN/Telisik Studio/Dashboard HSE/hse-dashboard/hse-backend/vendor/laravel/framework/src/Illuminate/Foundation/Http/Middleware/TransformsRequest.php(21): Illuminate/Pipeline/Pipeline->Illuminate/Pipeline/{closure}(Object(Illuminate/Http/Request))
#40 E:/1KERJAAN/Telisik Studio/Dashboard HSE/hse-dashboard/hse-backend/vendor/laravel/framework/src/Illuminate/Foundation/Http/Middleware/ConvertEmptyStringsToNull.php(31): Illuminate/Foundation/Http/Middleware/TransformsRequest->handle(Object(Illuminate/Http/Request), Object(Closure))
#41 E:/1KERJAAN/Telisik Studio/Dashboard HSE/hse-dashboard/hse-backend/vendor/laravel/framework/src/Illuminate/Pipeline/Pipeline.php(209): Illuminate/Foundation/Http/Middleware/ConvertEmptyStringsToNull->handle(Object(Illuminate/Http/Request), Object(Closure))
#42 E:/1KERJAAN/Telisik Studio/Dashboard HSE/hse-dashboard/hse-backend/vendor/laravel/framework/src/Illuminate/Foundation/Http/Middleware/TransformsRequest.php(21): Illuminate/Pipeline/Pipeline->Illuminate/Pipeline/{closure}(Object(Illuminate/Http/Request))
#43 E:/1KERJAAN/Telisik Studio/Dashboard HSE/hse-dashboard/hse-backend/vendor/laravel/framework/src/Illuminate/Foundation/Http/Middleware/TrimStrings.php(51): Illuminate/Foundation/Http/Middleware/TransformsRequest->handle(Object(Illuminate/Http/Request), Object(Closure))
#44 E:/1KERJAAN/Telisik Studio/Dashboard HSE/hse-dashboard/hse-backend/vendor/laravel/framework/src/Illuminate/Pipeline/Pipeline.php(209): Illuminate/Foundation/Http/Middleware/TrimStrings->handle(Object(Illuminate/Http/Request), Object(Closure))
#45 E:/1KERJAAN/Telisik Studio/Dashboard HSE/hse-dashboard/hse-backend/vendor/laravel/framework/src/Illuminate/Http/Middleware/ValidatePostSize.php(27): Illuminate/Pipeline/Pipeline->Illuminate/Pipeline/{closure}(Object(Illuminate/Http/Request))
#46 E:/1KERJAAN/Telisik Studio/Dashboard HSE/hse-dashboard/hse-backend/vendor/laravel/framework/src/Illuminate/Pipeline/Pipeline.php(209): Illuminate/Http/Middleware/ValidatePostSize->handle(Object(Illuminate/Http/Request), Object(Closure))
#47 E:/1KERJAAN/Telisik Studio/Dashboard HSE/hse-dashboard/hse-backend/vendor/laravel/framework/src/Illuminate/Foundation/Http/Middleware/PreventRequestsDuringMaintenance.php(110): Illuminate/Pipeline/Pipeline->Illuminate/Pipeline/{closure}(Object(Illuminate/Http/Request))
#48 E:/1KERJAAN/Telisik Studio/Dashboard HSE/hse-dashboard/hse-backend/vendor/laravel/framework/src/Illuminate/Pipeline/Pipeline.php(209): Illuminate/Foundation/Http/Middleware/PreventRequestsDuringMaintenance->handle(Object(Illuminate/Http/Request), Object(Closure))
#49 E:/1KERJAAN/Telisik Studio/Dashboard HSE/hse-dashboard/hse-backend/vendor/laravel/framework/src/Illuminate/Http/Middleware/HandleCors.php(62): Illuminate/Pipeline/Pipeline->Illuminate/Pipeline/{closure}(Object(Illuminate/Http/Request))
#50 E:/1KERJAAN/Telisik Studio/Dashboard HSE/hse-dashboard/hse-backend/vendor/laravel/framework/src/Illuminate/Pipeline/Pipeline.php(209): Illuminate/Http/Middleware/HandleCors->handle(Object(Illuminate/Http/Request), Object(Closure))
#51 E:/1KERJAAN/Telisik Studio/Dashboard HSE/hse-dashboard/hse-backend/vendor/laravel/framework/src/Illuminate/Http/Middleware/TrustProxies.php(58): Illuminate/Pipeline/Pipeline->Illuminate/Pipeline/{closure}(Object(Illuminate/Http/Request))
#52 E:/1KERJAAN/Telisik Studio/Dashboard HSE/hse-dashboard/hse-backend/vendor/laravel/framework/src/Illuminate/Pipeline/Pipeline.php(209): Illuminate/Http/Middleware/TrustProxies->handle(Object(Illuminate/Http/Request), Object(Closure))
#53 E:/1KERJAAN/Telisik Studio/Dashboard HSE/hse-dashboard/hse-backend/vendor/laravel/framework/src/Illuminate/Foundation/Http/Middleware/InvokeDeferredCallbacks.php(22): Illuminate/Pipeline/Pipeline->Illuminate/Pipeline/{closure}(Object(Illuminate/Http/Request))
#54 E:/1KERJAAN/Telisik Studio/Dashboard HSE/hse-dashboard/hse-backend/vendor/laravel/framework/src/Illuminate/Pipeline/Pipeline.php(209): Illuminate/Foundation/Http/Middleware/InvokeDeferredCallbacks->handle(Object(Illuminate/Http/Request), Object(Closure))
#55 E:/1KERJAAN/Telisik Studio/Dashboard HSE/hse-dashboard/hse-backend/vendor/laravel/framework/src/Illuminate/Pipeline/Pipeline.php(127): Illuminate/Pipeline/Pipeline->Illuminate/Pipeline/{closure}(Object(Illuminate/Http/Request))
#56 E:/1KERJAAN/Telisik Studio/Dashboard HSE/hse-dashboard/hse-backend/vendor/laravel/framework/src/Illuminate/Foundation/Http/Kernel.php(176): Illuminate/Pipeline/Pipeline->then(Object(Closure))
#57 E:/1KERJAAN/Telisik Studio/Dashboard HSE/hse-dashboard/hse-backend/vendor/laravel/framework/src/Illuminate/Foundation/Http/Kernel.php(145): Illuminate/Foundation/Http/Kernel->sendRequestThroughRouter(Object(Illuminate/Http/Request))
#58 E:/1KERJAAN/Telisik Studio/Dashboard HSE/hse-dashboard/hse-backend/vendor/laravel/framework/src/Illuminate/Foundation/Application.php(1220): Illuminate/Foundation/Http/Kernel->handle(Object(Illuminate/Http/Request))
#59 E:/1KERJAAN/Telisik Studio/Dashboard HSE/hse-dashboard/hse-backend/public/index.php(17): Illuminate/Foundation/Application->handleRequest(Object(Illuminate/Http/Request))
#60 E:/1KERJAAN/Telisik Studio/Dashboard HSE/hse-dashboard/hse-backend/vendor/laravel/framework/src/Illuminate/Foundation/resources/server.php(23): require_once('E://1KERJAAN//Tel...')
#61 {main}
"} 
[2026-08-04 17:14:45] local.ERROR: Call to undefined method Illuminate\Database\Eloquent\Builder::query() {"userId":1,"exception":"[object] (BadMethodCallException(code: 0): Call to undefined method Illuminate\\Database\\Eloquent\\Builder::query() at E:/1KERJAAN/Telisik Studio/Dashboard HSE/hse-dashboard/hse-backend/vendor/laravel/framework/src/Illuminate/Support/Traits/ForwardsCalls.php:67)
[stacktrace]
#0 E:/1KERJAAN/Telisik Studio/Dashboard HSE/hse-dashboard/hse-backend/vendor/laravel/framework/src/Illuminate/Support/Traits/ForwardsCalls.php(36): Illuminate/Database/Eloquent/Builder::throwBadMethodCallException('query')
#1 E:/1KERJAAN/Telisik Studio/Dashboard HSE/hse-dashboard/hse-backend/vendor/laravel/framework/src/Illuminate/Database/Eloquent/Builder.php(2123): Illuminate/Database/Eloquent/Builder->forwardCallTo(Object(Illuminate/Database/Query/Builder), 'query', Array)
#2 E:/1KERJAAN/Telisik Studio/Dashboard HSE/hse-dashboard/hse-backend/app/Http/Controllers/Api/PermitController.php(23): Illuminate/Database/Eloquent/Builder->__call('query', Array)
#3 E:/1KERJAAN/Telisik Studio/Dashboard HSE/hse-dashboard/hse-backend/vendor/laravel/framework/src/Illuminate/Routing/ControllerDispatcher.php(47): App/Http/Controllers/Api/PermitController->index(Object(Illuminate/Http/Request))
#4 E:/1KERJAAN/Telisik Studio/Dashboard HSE/hse-dashboard/hse-backend/vendor/laravel/framework/src/Illuminate/Routing/Route.php(266): Illuminate/Routing/ControllerDispatcher->dispatch(Object(Illuminate/Routing/Route), Object(App/Http/Controllers/Api/PermitController), 'index')
#5 E:/1KERJAAN/Telisik Studio/Dashboard HSE/hse-dashboard/hse-backend/vendor/laravel/framework/src/Illuminate/Routing/Route.php(212): Illuminate/Routing/Route->runController()
#6 E:/1KERJAAN/Telisik Studio/Dashboard HSE/hse-dashboard/hse-backend/vendor/laravel/framework/src/Illuminate/Routing/Router.php(808): Illuminate/Routing/Route->run()
#7 E:/1KERJAAN/Telisik Studio/Dashboard HSE/hse-dashboard/hse-backend/vendor/laravel/framework/src/Illuminate/Pipeline/Pipeline.php(170): Illuminate/Routing/Router->Illuminate/Routing/{closure}(Object(Illuminate/Http/Request))
#8 E:/1KERJAAN/Telisik Studio/Dashboard HSE/hse-dashboard/hse-backend/app/Http/Middleware/EnsureAnyPermission.php(26): Illuminate/Pipeline/Pipeline->Illuminate/Pipeline/{closure}(Object(Illuminate/Http/Request))
#9 E:/1KERJAAN/Telisik Studio/Dashboard HSE/hse-dashboard/hse-backend/vendor/laravel/framework/src/Illuminate/Pipeline/Pipeline.php(209): App/Http/Middleware/EnsureAnyPermission->handle(Object(Illuminate/Http/Request), Object(Closure), 'permits', 'permits_own')
#10 E:/1KERJAAN/Telisik Studio/Dashboard HSE/hse-dashboard/hse-backend/vendor/laravel/framework/src/Illuminate/Routing/Middleware/SubstituteBindings.php(51): Illuminate/Pipeline/Pipeline->Illuminate/Pipeline/{closure}(Object(Illuminate/Http/Request))
#11 E:/1KERJAAN/Telisik Studio/Dashboard HSE/hse-dashboard/hse-backend/vendor/laravel/framework/src/Illuminate/Pipeline/Pipeline.php(209): Illuminate/Routing/Middleware/SubstituteBindings->handle(Object(Illuminate/Http/Request), Object(Closure))
#12 E:/1KERJAAN/Telisik Studio/Dashboard HSE/hse-dashboard/hse-backend/vendor/laravel/framework/src/Illuminate/Auth/Middleware/Authenticate.php(64): Illuminate/Pipeline/Pipeline->Illuminate/Pipeline/{closure}(Object(Illuminate/Http/Request))
#13 E:/1KERJAAN/Telisik Studio/Dashboard HSE/hse-dashboard/hse-backend/vendor/laravel/framework/src/Illuminate/Pipeline/Pipeline.php(209): Illuminate/Auth/Middleware/Authenticate->handle(Object(Illuminate/Http/Request), Object(Closure), 'sanctum')
#14 E:/1KERJAAN/Telisik Studio/Dashboard HSE/hse-dashboard/hse-backend/vendor/laravel/sanctum/src/Http/Middleware/EnsureFrontendRequestsAreStateful.php(26): Illuminate/Pipeline/Pipeline->Illuminate/Pipeline/{closure}(Object(Illuminate/Http/Request))
#15 E:/1KERJAAN/Telisik Studio/Dashboard HSE/hse-dashboard/hse-backend/vendor/laravel/framework/src/Illuminate/Pipeline/Pipeline.php(170): Laravel/Sanctum/Http/Middleware/EnsureFrontendRequestsAreStateful->Laravel/Sanctum/Http/Middleware/{closure}(Object(Illuminate/Http/Request))
#16 E:/1KERJAAN/Telisik Studio/Dashboard HSE/hse-dashboard/hse-backend/vendor/laravel/sanctum/src/Http/Middleware/AuthenticateSession.php(60): Illuminate/Pipeline/Pipeline->Illuminate/Pipeline/{closure}(Object(Illuminate/Http/Request))
#17 E:/1KERJAAN/Telisik Studio/Dashboard HSE/hse-dashboard/hse-backend/vendor/laravel/framework/src/Illuminate/Pipeline/Pipeline.php(209): Laravel/Sanctum/Http/Middleware/AuthenticateSession->handle(Object(Illuminate/Http/Request), Object(Closure))
#18 E:/1KERJAAN/Telisik Studio/Dashboard HSE/hse-dashboard/hse-backend/vendor/laravel/framework/src/Illuminate/Foundation/Http/Middleware/VerifyCsrfToken.php(88): Illuminate/Pipeline/Pipeline->Illuminate/Pipeline/{closure}(Object(Illuminate/Http/Request))
#19 E:/1KERJAAN/Telisik Studio/Dashboard HSE/hse-dashboard/hse-backend/vendor/laravel/framework/src/Illuminate/Pipeline/Pipeline.php(209): Illuminate/Foundation/Http/Middleware/VerifyCsrfToken->handle(Object(Illuminate/Http/Request), Object(Closure))
#20 E:/1KERJAAN/Telisik Studio/Dashboard HSE/hse-dashboard/hse-backend/vendor/laravel/framework/src/Illuminate/Session/Middleware/StartSession.php(121): Illuminate/Pipeline/Pipeline->Illuminate/Pipeline/{closure}(Object(Illuminate/Http/Request))
#21 E:/1KERJAAN/Telisik Studio/Dashboard HSE/hse-dashboard/hse-backend/vendor/laravel/framework/src/Illuminate/Session/Middleware/StartSession.php(64): Illuminate/Session/Middleware/StartSession->handleStatefulRequest(Object(Illuminate/Http/Request), Object(Illuminate/Session/Store), Object(Closure))
#22 E:/1KERJAAN/Telisik Studio/Dashboard HSE/hse-dashboard/hse-backend/vendor/laravel/framework/src/Illuminate/Pipeline/Pipeline.php(209): Illuminate/Session/Middleware/StartSession->handle(Object(Illuminate/Http/Request), Object(Closure))
#23 E:/1KERJAAN/Telisik Studio/Dashboard HSE/hse-dashboard/hse-backend/vendor/laravel/framework/src/Illuminate/Cookie/Middleware/AddQueuedCookiesToResponse.php(37): Illuminate/Pipeline/Pipeline->Illuminate/Pipeline/{closure}(Object(Illuminate/Http/Request))
#24 E:/1KERJAAN/Telisik Studio/Dashboard HSE/hse-dashboard/hse-backend/vendor/laravel/framework/src/Illuminate/Pipeline/Pipeline.php(209): Illuminate/Cookie/Middleware/AddQueuedCookiesToResponse->handle(Object(Illuminate/Http/Request), Object(Closure))
#25 E:/1KERJAAN/Telisik Studio/Dashboard HSE/hse-dashboard/hse-backend/vendor/laravel/framework/src/Illuminate/Cookie/Middleware/EncryptCookies.php(75): Illuminate/Pipeline/Pipeline->Illuminate/Pipeline/{closure}(Object(Illuminate/Http/Request))
#26 E:/1KERJAAN/Telisik Studio/Dashboard HSE/hse-dashboard/hse-backend/vendor/laravel/framework/src/Illuminate/Pipeline/Pipeline.php(209): Illuminate/Cookie/Middleware/EncryptCookies->handle(Object(Illuminate/Http/Request), Object(Closure))
#27 E:/1KERJAAN/Telisik Studio/Dashboard HSE/hse-dashboard/hse-backend/vendor/laravel/sanctum/src/Http/Middleware/EnsureFrontendRequestsAreStateful.php(61): Illuminate/Pipeline/Pipeline->Illuminate/Pipeline/{closure}(Object(Illuminate/Http/Request))
#28 E:/1KERJAAN/Telisik Studio/Dashboard HSE/hse-dashboard/hse-backend/vendor/laravel/framework/src/Illuminate/Pipeline/Pipeline.php(191): Laravel/Sanctum/Http/Middleware/EnsureFrontendRequestsAreStateful->Laravel/Sanctum/Http/Middleware/{closure}(Object(Illuminate/Http/Request), Object(Closure))
#29 E:/1KERJAAN/Telisik Studio/Dashboard HSE/hse-dashboard/hse-backend/vendor/laravel/framework/src/Illuminate/Pipeline/Pipeline.php(127): Illuminate/Pipeline/Pipeline->Illuminate/Pipeline/{closure}(Object(Illuminate/Http/Request))
#30 E:/1KERJAAN/Telisik Studio/Dashboard HSE/hse-dashboard/hse-backend/vendor/laravel/sanctum/src/Http/Middleware/EnsureFrontendRequestsAreStateful.php(25): Illuminate/Pipeline/Pipeline->then(Object(Closure))
#31 E:/1KERJAAN/Telisik Studio/Dashboard HSE/hse-dashboard/hse-backend/vendor/laravel/framework/src/Illuminate/Pipeline/Pipeline.php(209): Laravel/Sanctum/Http/Middleware/EnsureFrontendRequestsAreStateful->handle(Object(Illuminate/Http/Request), Object(Closure))
#32 E:/1KERJAAN/Telisik Studio/Dashboard HSE/hse-dashboard/hse-backend/vendor/laravel/framework/src/Illuminate/Pipeline/Pipeline.php(127): Illuminate/Pipeline/Pipeline->Illuminate/Pipeline/{closure}(Object(Illuminate/Http/Request))
#33 E:/1KERJAAN/Telisik Studio/Dashboard HSE/hse-dashboard/hse-backend/vendor/laravel/framework/src/Illuminate/Routing/Router.php(807): Illuminate/Pipeline/Pipeline->then(Object(Closure))
#34 E:/1KERJAAN/Telisik Studio/Dashboard HSE/hse-dashboard/hse-backend/vendor/laravel/framework/src/Illuminate/Routing/Router.php(786): Illuminate/Routing/Router->runRouteWithinStack(Object(Illuminate/Routing/Route), Object(Illuminate/Http/Request))
#35 E:/1KERJAAN/Telisik Studio/Dashboard HSE/hse-dashboard/hse-backend/vendor/laravel/framework/src/Illuminate/Routing/Router.php(750): Illuminate/Routing/Router->runRoute(Object(Illuminate/Http/Request), Object(Illuminate/Routing/Route))
#36 E:/1KERJAAN/Telisik Studio/Dashboard HSE/hse-dashboard/hse-backend/vendor/laravel/framework/src/Illuminate/Routing/Router.php(739): Illuminate/Routing/Router->dispatchToRoute(Object(Illuminate/Http/Request))
#37 E:/1KERJAAN/Telisik Studio/Dashboard HSE/hse-dashboard/hse-backend/vendor/laravel/framework/src/Illuminate/Foundation/Http/Kernel.php(201): Illuminate/Routing/Router->dispatch(Object(Illuminate/Http/Request))
#38 E:/1KERJAAN/Telisik Studio/Dashboard HSE/hse-dashboard/hse-backend/vendor/laravel/framework/src/Illuminate/Pipeline/Pipeline.php(170): Illuminate/Foundation/Http/Kernel->Illuminate/Foundation/Http/{closure}(Object(Illuminate/Http/Request))
#39 E:/1KERJAAN/Telisik Studio/Dashboard HSE/hse-dashboard/hse-backend/vendor/laravel/framework/src/Illuminate/Foundation/Http/Middleware/TransformsRequest.php(21): Illuminate/Pipeline/Pipeline->Illuminate/Pipeline/{closure}(Object(Illuminate/Http/Request))
#40 E:/1KERJAAN/Telisik Studio/Dashboard HSE/hse-dashboard/hse-backend/vendor/laravel/framework/src/Illuminate/Foundation/Http/Middleware/ConvertEmptyStringsToNull.php(31): Illuminate/Foundation/Http/Middleware/TransformsRequest->handle(Object(Illuminate/Http/Request), Object(Closure))
#41 E:/1KERJAAN/Telisik Studio/Dashboard HSE/hse-dashboard/hse-backend/vendor/laravel/framework/src/Illuminate/Pipeline/Pipeline.php(209): Illuminate/Foundation/Http/Middleware/ConvertEmptyStringsToNull->handle(Object(Illuminate/Http/Request), Object(Closure))
#42 E:/1KERJAAN/Telisik Studio/Dashboard HSE/hse-dashboard/hse-backend/vendor/laravel/framework/src/Illuminate/Foundation/Http/Middleware/TransformsRequest.php(21): Illuminate/Pipeline/Pipeline->Illuminate/Pipeline/{closure}(Object(Illuminate/Http/Request))
#43 E:/1KERJAAN/Telisik Studio/Dashboard HSE/hse-dashboard/hse-backend/vendor/laravel/framework/src/Illuminate/Foundation/Http/Middleware/TrimStrings.php(51): Illuminate/Foundation/Http/Middleware/TransformsRequest->handle(Object(Illuminate/Http/Request), Object(Closure))
#44 E:/1KERJAAN/Telisik Studio/Dashboard HSE/hse-dashboard/hse-backend/vendor/laravel/framework/src/Illuminate/Pipeline/Pipeline.php(209): Illuminate/Foundation/Http/Middleware/TrimStrings->handle(Object(Illuminate/Http/Request), Object(Closure))
#45 E:/1KERJAAN/Telisik Studio/Dashboard HSE/hse-dashboard/hse-backend/vendor/laravel/framework/src/Illuminate/Http/Middleware/ValidatePostSize.php(27): Illuminate/Pipeline/Pipeline->Illuminate/Pipeline/{closure}(Object(Illuminate/Http/Request))
#46 E:/1KERJAAN/Telisik Studio/Dashboard HSE/hse-dashboard/hse-backend/vendor/laravel/framework/src/Illuminate/Pipeline/Pipeline.php(209): Illuminate/Http/Middleware/ValidatePostSize->handle(Object(Illuminate/Http/Request), Object(Closure))
#47 E:/1KERJAAN/Telisik Studio/Dashboard HSE/hse-dashboard/hse-backend/vendor/laravel/framework/src/Illuminate/Foundation/Http/Middleware/PreventRequestsDuringMaintenance.php(110): Illuminate/Pipeline/Pipeline->Illuminate/Pipeline/{closure}(Object(Illuminate/Http/Request))
#48 E:/1KERJAAN/Telisik Studio/Dashboard HSE/hse-dashboard/hse-backend/vendor/laravel/framework/src/Illuminate/Pipeline/Pipeline.php(209): Illuminate/Foundation/Http/Middleware/PreventRequestsDuringMaintenance->handle(Object(Illuminate/Http/Request), Object(Closure))
#49 E:/1KERJAAN/Telisik Studio/Dashboard HSE/hse-dashboard/hse-backend/vendor/laravel/framework/src/Illuminate/Http/Middleware/HandleCors.php(62): Illuminate/Pipeline/Pipeline->Illuminate/Pipeline/{closure}(Object(Illuminate/Http/Request))
#50 E:/1KERJAAN/Telisik Studio/Dashboard HSE/hse-dashboard/hse-backend/vendor/laravel/framework/src/Illuminate/Pipeline/Pipeline.php(209): Illuminate/Http/Middleware/HandleCors->handle(Object(Illuminate/Http/Request), Object(Closure))
#51 E:/1KERJAAN/Telisik Studio/Dashboard HSE/hse-dashboard/hse-backend/vendor/laravel/framework/src/Illuminate/Http/Middleware/TrustProxies.php(58): Illuminate/Pipeline/Pipeline->Illuminate/Pipeline/{closure}(Object(Illuminate/Http/Request))
#52 E:/1KERJAAN/Telisik Studio/Dashboard HSE/hse-dashboard/hse-backend/vendor/laravel/framework/src/Illuminate/Pipeline/Pipeline.php(209): Illuminate/Http/Middleware/TrustProxies->handle(Object(Illuminate/Http/Request), Object(Closure))
#53 E:/1KERJAAN/Telisik Studio/Dashboard HSE/hse-dashboard/hse-backend/vendor/laravel/framework/src/Illuminate/Foundation/Http/Middleware/InvokeDeferredCallbacks.php(22): Illuminate/Pipeline/Pipeline->Illuminate/Pipeline/{closure}(Object(Illuminate/Http/Request))
#54 E:/1KERJAAN/Telisik Studio/Dashboard HSE/hse-dashboard/hse-backend/vendor/laravel/framework/src/Illuminate/Pipeline/Pipeline.php(209): Illuminate/Foundation/Http/Middleware/InvokeDeferredCallbacks->handle(Object(Illuminate/Http/Request), Object(Closure))
#55 E:/1KERJAAN/Telisik Studio/Dashboard HSE/hse-dashboard/hse-backend/vendor/laravel/framework/src/Illuminate/Pipeline/Pipeline.php(127): Illuminate/Pipeline/Pipeline->Illuminate/Pipeline/{closure}(Object(Illuminate/Http/Request))
#56 E:/1KERJAAN/Telisik Studio/Dashboard HSE/hse-dashboard/hse-backend/vendor/laravel/framework/src/Illuminate/Foundation/Http/Kernel.php(176): Illuminate/Pipeline/Pipeline->then(Object(Closure))
#57 E:/1KERJAAN/Telisik Studio/Dashboard HSE/hse-dashboard/hse-backend/vendor/laravel/framework/src/Illuminate/Foundation/Http/Kernel.php(145): Illuminate/Foundation/Http/Kernel->sendRequestThroughRouter(Object(Illuminate/Http/Request))
#58 E:/1KERJAAN/Telisik Studio/Dashboard HSE/hse-dashboard/hse-backend/vendor/laravel/framework/src/Illuminate/Foundation/Application.php(1220): Illuminate/Foundation/Http/Kernel->handle(Object(Illuminate/Http/Request))
#59 E:/1KERJAAN/Telisik Studio/Dashboard HSE/hse-dashboard/hse-backend/public/index.php(17): Illuminate/Foundation/Application->handleRequest(Object(Illuminate/Http/Request))
#60 E:/1KERJAAN/Telisik Studio/Dashboard HSE/hse-dashboard/hse-backend/vendor/laravel/framework/src/Illuminate/Foundation/resources/server.php(23): require_once('E://1KERJAAN//Tel...')
#61 {main}
"} 
[2026-08-04 17:14:51] local.ERROR: Call to undefined method Illuminate\Database\Eloquent\Builder::query() {"userId":1,"exception":"[object] (BadMethodCallException(code: 0): Call to undefined method Illuminate\\Database\\Eloquent\\Builder::query() at E:/1KERJAAN/Telisik Studio/Dashboard HSE/hse-dashboard/hse-backend/vendor/laravel/framework/src/Illuminate/Support/Traits/ForwardsCalls.php:67)
[stacktrace]
#0 E:/1KERJAAN/Telisik Studio/Dashboard HSE/hse-dashboard/hse-backend/vendor/laravel/framework/src/Illuminate/Support/Traits/ForwardsCalls.php(36): Illuminate/Database/Eloquent/Builder::throwBadMethodCallException('query')
#1 E:/1KERJAAN/Telisik Studio/Dashboard HSE/hse-dashboard/hse-backend/vendor/laravel/framework/src/Illuminate/Database/Eloquent/Builder.php(2123): Illuminate/Database/Eloquent/Builder->forwardCallTo(Object(Illuminate/Database/Query/Builder), 'query', Array)
#2 E:/1KERJAAN/Telisik Studio/Dashboard HSE/hse-dashboard/hse-backend/app/Http/Controllers/Api/PermitController.php(23): Illuminate/Database/Eloquent/Builder->__call('query', Array)
#3 E:/1KERJAAN/Telisik Studio/Dashboard HSE/hse-dashboard/hse-backend/vendor/laravel/framework/src/Illuminate/Routing/ControllerDispatcher.php(47): App/Http/Controllers/Api/PermitController->index(Object(Illuminate/Http/Request))
#4 E:/1KERJAAN/Telisik Studio/Dashboard HSE/hse-dashboard/hse-backend/vendor/laravel/framework/src/Illuminate/Routing/Route.php(266): Illuminate/Routing/ControllerDispatcher->dispatch(Object(Illuminate/Routing/Route), Object(App/Http/Controllers/Api/PermitController), 'index')
#5 E:/1KERJAAN/Telisik Studio/Dashboard HSE/hse-dashboard/hse-backend/vendor/laravel/framework/src/Illuminate/Routing/Route.php(212): Illuminate/Routing/Route->runController()
#6 E:/1KERJAAN/Telisik Studio/Dashboard HSE/hse-dashboard/hse-backend/vendor/laravel/framework/src/Illuminate/Routing/Router.php(808): Illuminate/Routing/Route->run()
#7 E:/1KERJAAN/Telisik Studio/Dashboard HSE/hse-dashboard/hse-backend/vendor/laravel/framework/src/Illuminate/Pipeline/Pipeline.php(170): Illuminate/Routing/Router->Illuminate/Routing/{closure}(Object(Illuminate/Http/Request))
#8 E:/1KERJAAN/Telisik Studio/Dashboard HSE/hse-dashboard/hse-backend/app/Http/Middleware/EnsureAnyPermission.php(26): Illuminate/Pipeline/Pipeline->Illuminate/Pipeline/{closure}(Object(Illuminate/Http/Request))
#9 E:/1KERJAAN/Telisik Studio/Dashboard HSE/hse-dashboard/hse-backend/vendor/laravel/framework/src/Illuminate/Pipeline/Pipeline.php(209): App/Http/Middleware/EnsureAnyPermission->handle(Object(Illuminate/Http/Request), Object(Closure), 'permits', 'permits_own')
#10 E:/1KERJAAN/Telisik Studio/Dashboard HSE/hse-dashboard/hse-backend/vendor/laravel/framework/src/Illuminate/Routing/Middleware/SubstituteBindings.php(51): Illuminate/Pipeline/Pipeline->Illuminate/Pipeline/{closure}(Object(Illuminate/Http/Request))
#11 E:/1KERJAAN/Telisik Studio/Dashboard HSE/hse-dashboard/hse-backend/vendor/laravel/framework/src/Illuminate/Pipeline/Pipeline.php(209): Illuminate/Routing/Middleware/SubstituteBindings->handle(Object(Illuminate/Http/Request), Object(Closure))
#12 E:/1KERJAAN/Telisik Studio/Dashboard HSE/hse-dashboard/hse-backend/vendor/laravel/framework/src/Illuminate/Auth/Middleware/Authenticate.php(64): Illuminate/Pipeline/Pipeline->Illuminate/Pipeline/{closure}(Object(Illuminate/Http/Request))
#13 E:/1KERJAAN/Telisik Studio/Dashboard HSE/hse-dashboard/hse-backend/vendor/laravel/framework/src/Illuminate/Pipeline/Pipeline.php(209): Illuminate/Auth/Middleware/Authenticate->handle(Object(Illuminate/Http/Request), Object(Closure), 'sanctum')
#14 E:/1KERJAAN/Telisik Studio/Dashboard HSE/hse-dashboard/hse-backend/vendor/laravel/sanctum/src/Http/Middleware/EnsureFrontendRequestsAreStateful.php(26): Illuminate/Pipeline/Pipeline->Illuminate/Pipeline/{closure}(Object(Illuminate/Http/Request))
#15 E:/1KERJAAN/Telisik Studio/Dashboard HSE/hse-dashboard/hse-backend/vendor/laravel/framework/src/Illuminate/Pipeline/Pipeline.php(170): Laravel/Sanctum/Http/Middleware/EnsureFrontendRequestsAreStateful->Laravel/Sanctum/Http/Middleware/{closure}(Object(Illuminate/Http/Request))
#16 E:/1KERJAAN/Telisik Studio/Dashboard HSE/hse-dashboard/hse-backend/vendor/laravel/sanctum/src/Http/Middleware/AuthenticateSession.php(60): Illuminate/Pipeline/Pipeline->Illuminate/Pipeline/{closure}(Object(Illuminate/Http/Request))
#17 E:/1KERJAAN/Telisik Studio/Dashboard HSE/hse-dashboard/hse-backend/vendor/laravel/framework/src/Illuminate/Pipeline/Pipeline.php(209): Laravel/Sanctum/Http/Middleware/AuthenticateSession->handle(Object(Illuminate/Http/Request), Object(Closure))
#18 E:/1KERJAAN/Telisik Studio/Dashboard HSE/hse-dashboard/hse-backend/vendor/laravel/framework/src/Illuminate/Foundation/Http/Middleware/VerifyCsrfToken.php(88): Illuminate/Pipeline/Pipeline->Illuminate/Pipeline/{closure}(Object(Illuminate/Http/Request))
#19 E:/1KERJAAN/Telisik Studio/Dashboard HSE/hse-dashboard/hse-backend/vendor/laravel/framework/src/Illuminate/Pipeline/Pipeline.php(209): Illuminate/Foundation/Http/Middleware/VerifyCsrfToken->handle(Object(Illuminate/Http/Request), Object(Closure))
#20 E:/1KERJAAN/Telisik Studio/Dashboard HSE/hse-dashboard/hse-backend/vendor/laravel/framework/src/Illuminate/Session/Middleware/StartSession.php(121): Illuminate/Pipeline/Pipeline->Illuminate/Pipeline/{closure}(Object(Illuminate/Http/Request))
#21 E:/1KERJAAN/Telisik Studio/Dashboard HSE/hse-dashboard/hse-backend/vendor/laravel/framework/src/Illuminate/Session/Middleware/StartSession.php(64): Illuminate/Session/Middleware/StartSession->handleStatefulRequest(Object(Illuminate/Http/Request), Object(Illuminate/Session/Store), Object(Closure))
#22 E:/1KERJAAN/Telisik Studio/Dashboard HSE/hse-dashboard/hse-backend/vendor/laravel/framework/src/Illuminate/Pipeline/Pipeline.php(209): Illuminate/Session/Middleware/StartSession->handle(Object(Illuminate/Http/Request), Object(Closure))
#23 E:/1KERJAAN/Telisik Studio/Dashboard HSE/hse-dashboard/hse-backend/vendor/laravel/framework/src/Illuminate/Cookie/Middleware/AddQueuedCookiesToResponse.php(37): Illuminate/Pipeline/Pipeline->Illuminate/Pipeline/{closure}(Object(Illuminate/Http/Request))
#24 E:/1KERJAAN/Telisik Studio/Dashboard HSE/hse-dashboard/hse-backend/vendor/laravel/framework/src/Illuminate/Pipeline/Pipeline.php(209): Illuminate/Cookie/Middleware/AddQueuedCookiesToResponse->handle(Object(Illuminate/Http/Request), Object(Closure))
#25 E:/1KERJAAN/Telisik Studio/Dashboard HSE/hse-dashboard/hse-backend/vendor/laravel/framework/src/Illuminate/Cookie/Middleware/EncryptCookies.php(75): Illuminate/Pipeline/Pipeline->Illuminate/Pipeline/{closure}(Object(Illuminate/Http/Request))
#26 E:/1KERJAAN/Telisik Studio/Dashboard HSE/hse-dashboard/hse-backend/vendor/laravel/framework/src/Illuminate/Pipeline/Pipeline.php(209): Illuminate/Cookie/Middleware/EncryptCookies->handle(Object(Illuminate/Http/Request), Object(Closure))
#27 E:/1KERJAAN/Telisik Studio/Dashboard HSE/hse-dashboard/hse-backend/vendor/laravel/sanctum/src/Http/Middleware/EnsureFrontendRequestsAreStateful.php(61): Illuminate/Pipeline/Pipeline->Illuminate/Pipeline/{closure}(Object(Illuminate/Http/Request))
#28 E:/1KERJAAN/Telisik Studio/Dashboard HSE/hse-dashboard/hse-backend/vendor/laravel/framework/src/Illuminate/Pipeline/Pipeline.php(191): Laravel/Sanctum/Http/Middleware/EnsureFrontendRequestsAreStateful->Laravel/Sanctum/Http/Middleware/{closure}(Object(Illuminate/Http/Request), Object(Closure))
#29 E:/1KERJAAN/Telisik Studio/Dashboard HSE/hse-dashboard/hse-backend/vendor/laravel/framework/src/Illuminate/Pipeline/Pipeline.php(127): Illuminate/Pipeline/Pipeline->Illuminate/Pipeline/{closure}(Object(Illuminate/Http/Request))
#30 E:/1KERJAAN/Telisik Studio/Dashboard HSE/hse-dashboard/hse-backend/vendor/laravel/sanctum/src/Http/Middleware/EnsureFrontendRequestsAreStateful.php(25): Illuminate/Pipeline/Pipeline->then(Object(Closure))
#31 E:/1KERJAAN/Telisik Studio/Dashboard HSE/hse-dashboard/hse-backend/vendor/laravel/framework/src/Illuminate/Pipeline/Pipeline.php(209): Laravel/Sanctum/Http/Middleware/EnsureFrontendRequestsAreStateful->handle(Object(Illuminate/Http/Request), Object(Closure))
#32 E:/1KERJAAN/Telisik Studio/Dashboard HSE/hse-dashboard/hse-backend/vendor/laravel/framework/src/Illuminate/Pipeline/Pipeline.php(127): Illuminate/Pipeline/Pipeline->Illuminate/Pipeline/{closure}(Object(Illuminate/Http/Request))
#33 E:/1KERJAAN/Telisik Studio/Dashboard HSE/hse-dashboard/hse-backend/vendor/laravel/framework/src/Illuminate/Routing/Router.php(807): Illuminate/Pipeline/Pipeline->then(Object(Closure))
#34 E:/1KERJAAN/Telisik Studio/Dashboard HSE/hse-dashboard/hse-backend/vendor/laravel/framework/src/Illuminate/Routing/Router.php(786): Illuminate/Routing/Router->runRouteWithinStack(Object(Illuminate/Routing/Route), Object(Illuminate/Http/Request))
#35 E:/1KERJAAN/Telisik Studio/Dashboard HSE/hse-dashboard/hse-backend/vendor/laravel/framework/src/Illuminate/Routing/Router.php(750): Illuminate/Routing/Router->runRoute(Object(Illuminate/Http/Request), Object(Illuminate/Routing/Route))
#36 E:/1KERJAAN/Telisik Studio/Dashboard HSE/hse-dashboard/hse-backend/vendor/laravel/framework/src/Illuminate/Routing/Router.php(739): Illuminate/Routing/Router->dispatchToRoute(Object(Illuminate/Http/Request))
#37 E:/1KERJAAN/Telisik Studio/Dashboard HSE/hse-dashboard/hse-backend/vendor/laravel/framework/src/Illuminate/Foundation/Http/Kernel.php(201): Illuminate/Routing/Router->dispatch(Object(Illuminate/Http/Request))
#38 E:/1KERJAAN/Telisik Studio/Dashboard HSE/hse-dashboard/hse-backend/vendor/laravel/framework/src/Illuminate/Pipeline/Pipeline.php(170): Illuminate/Foundation/Http/Kernel->Illuminate/Foundation/Http/{closure}(Object(Illuminate/Http/Request))
#39 E:/1KERJAAN/Telisik Studio/Dashboard HSE/hse-dashboard/hse-backend/vendor/laravel/framework/src/Illuminate/Foundation/Http/Middleware/TransformsRequest.php(21): Illuminate/Pipeline/Pipeline->Illuminate/Pipeline/{closure}(Object(Illuminate/Http/Request))
#40 E:/1KERJAAN/Telisik Studio/Dashboard HSE/hse-dashboard/hse-backend/vendor/laravel/framework/src/Illuminate/Foundation/Http/Middleware/ConvertEmptyStringsToNull.php(31): Illuminate/Foundation/Http/Middleware/TransformsRequest->handle(Object(Illuminate/Http/Request), Object(Closure))
#41 E:/1KERJAAN/Telisik Studio/Dashboard HSE/hse-dashboard/hse-backend/vendor/laravel/framework/src/Illuminate/Pipeline/Pipeline.php(209): Illuminate/Foundation/Http/Middleware/ConvertEmptyStringsToNull->handle(Object(Illuminate/Http/Request), Object(Closure))
#42 E:/1KERJAAN/Telisik Studio/Dashboard HSE/hse-dashboard/hse-backend/vendor/laravel/framework/src/Illuminate/Foundation/Http/Middleware/TransformsRequest.php(21): Illuminate/Pipeline/Pipeline->Illuminate/Pipeline/{closure}(Object(Illuminate/Http/Request))
#43 E:/1KERJAAN/Telisik Studio/Dashboard HSE/hse-dashboard/hse-backend/vendor/laravel/framework/src/Illuminate/Foundation/Http/Middleware/TrimStrings.php(51): Illuminate/Foundation/Http/Middleware/TransformsRequest->handle(Object(Illuminate/Http/Request), Object(Closure))
#44 E:/1KERJAAN/Telisik Studio/Dashboard HSE/hse-dashboard/hse-backend/vendor/laravel/framework/src/Illuminate/Pipeline/Pipeline.php(209): Illuminate/Foundation/Http/Middleware/TrimStrings->handle(Object(Illuminate/Http/Request), Object(Closure))
#45 E:/1KERJAAN/Telisik Studio/Dashboard HSE/hse-dashboard/hse-backend/vendor/laravel/framework/src/Illuminate/Http/Middleware/ValidatePostSize.php(27): Illuminate/Pipeline/Pipeline->Illuminate/Pipeline/{closure}(Object(Illuminate/Http/Request))
#46 E:/1KERJAAN/Telisik Studio/Dashboard HSE/hse-dashboard/hse-backend/vendor/laravel/framework/src/Illuminate/Pipeline/Pipeline.php(209): Illuminate/Http/Middleware/ValidatePostSize->handle(Object(Illuminate/Http/Request), Object(Closure))
#47 E:/1KERJAAN/Telisik Studio/Dashboard HSE/hse-dashboard/hse-backend/vendor/laravel/framework/src/Illuminate/Foundation/Http/Middleware/PreventRequestsDuringMaintenance.php(110): Illuminate/Pipeline/Pipeline->Illuminate/Pipeline/{closure}(Object(Illuminate/Http/Request))
#48 E:/1KERJAAN/Telisik Studio/Dashboard HSE/hse-dashboard/hse-backend/vendor/laravel/framework/src/Illuminate/Pipeline/Pipeline.php(209): Illuminate/Foundation/Http/Middleware/PreventRequestsDuringMaintenance->handle(Object(Illuminate/Http/Request), Object(Closure))
#49 E:/1KERJAAN/Telisik Studio/Dashboard HSE/hse-dashboard/hse-backend/vendor/laravel/framework/src/Illuminate/Http/Middleware/HandleCors.php(62): Illuminate/Pipeline/Pipeline->Illuminate/Pipeline/{closure}(Object(Illuminate/Http/Request))
#50 E:/1KERJAAN/Telisik Studio/Dashboard HSE/hse-dashboard/hse-backend/vendor/laravel/framework/src/Illuminate/Pipeline/Pipeline.php(209): Illuminate/Http/Middleware/HandleCors->handle(Object(Illuminate/Http/Request), Object(Closure))
#51 E:/1KERJAAN/Telisik Studio/Dashboard HSE/hse-dashboard/hse-backend/vendor/laravel/framework/src/Illuminate/Http/Middleware/TrustProxies.php(58): Illuminate/Pipeline/Pipeline->Illuminate/Pipeline/{closure}(Object(Illuminate/Http/Request))
#52 E:/1KERJAAN/Telisik Studio/Dashboard HSE/hse-dashboard/hse-backend/vendor/laravel/framework/src/Illuminate/Pipeline/Pipeline.php(209): Illuminate/Http/Middleware/TrustProxies->handle(Object(Illuminate/Http/Request), Object(Closure))
#53 E:/1KERJAAN/Telisik Studio/Dashboard HSE/hse-dashboard/hse-backend/vendor/laravel/framework/src/Illuminate/Foundation/Http/Middleware/InvokeDeferredCallbacks.php(22): Illuminate/Pipeline/Pipeline->Illuminate/Pipeline/{closure}(Object(Illuminate/Http/Request))
#54 E:/1KERJAAN/Telisik Studio/Dashboard HSE/hse-dashboard/hse-backend/vendor/laravel/framework/src/Illuminate/Pipeline/Pipeline.php(209): Illuminate/Foundation/Http/Middleware/InvokeDeferredCallbacks->handle(Object(Illuminate/Http/Request), Object(Closure))
#55 E:/1KERJAAN/Telisik Studio/Dashboard HSE/hse-dashboard/hse-backend/vendor/laravel/framework/src/Illuminate/Pipeline/Pipeline.php(127): Illuminate/Pipeline/Pipeline->Illuminate/Pipeline/{closure}(Object(Illuminate/Http/Request))
#56 E:/1KERJAAN/Telisik Studio/Dashboard HSE/hse-dashboard/hse-backend/vendor/laravel/framework/src/Illuminate/Foundation/Http/Kernel.php(176): Illuminate/Pipeline/Pipeline->then(Object(Closure))
#57 E:/1KERJAAN/Telisik Studio/Dashboard HSE/hse-dashboard/hse-backend/vendor/laravel/framework/src/Illuminate/Foundation/Http/Kernel.php(145): Illuminate/Foundation/Http/Kernel->sendRequestThroughRouter(Object(Illuminate/Http/Request))
#58 E:/1KERJAAN/Telisik Studio/Dashboard HSE/hse-dashboard/hse-backend/vendor/laravel/framework/src/Illuminate/Foundation/Application.php(1220): Illuminate/Foundation/Http/Kernel->handle(Object(Illuminate/Http/Request))
#59 E:/1KERJAAN/Telisik Studio/Dashboard HSE/hse-dashboard/hse-backend/public/index.php(17): Illuminate/Foundation/Application->handleRequest(Object(Illuminate/Http/Request))
#60 E:/1KERJAAN/Telisik Studio/Dashboard HSE/hse-dashboard/hse-backend/vendor/laravel/framework/src/Illuminate/Foundation/resources/server.php(23): require_once('E://1KERJAAN//Tel...')
#61 {main}
"} 
[2026-08-04 17:16:27] local.ERROR: Call to undefined method Illuminate\Database\Eloquent\Builder::query() {"userId":1,"exception":"[object] (BadMethodCallException(code: 0): Call to undefined method Illuminate\\Database\\Eloquent\\Builder::query() at E:/1KERJAAN/Telisik Studio/Dashboard HSE/hse-dashboard/hse-backend/vendor/laravel/framework/src/Illuminate/Support/Traits/ForwardsCalls.php:67)
[stacktrace]
#0 E:/1KERJAAN/Telisik Studio/Dashboard HSE/hse-dashboard/hse-backend/vendor/laravel/framework/src/Illuminate/Support/Traits/ForwardsCalls.php(36): Illuminate/Database/Eloquent/Builder::throwBadMethodCallException('query')
#1 E:/1KERJAAN/Telisik Studio/Dashboard HSE/hse-dashboard/hse-backend/vendor/laravel/framework/src/Illuminate/Database/Eloquent/Builder.php(2123): Illuminate/Database/Eloquent/Builder->forwardCallTo(Object(Illuminate/Database/Query/Builder), 'query', Array)
#2 E:/1KERJAAN/Telisik Studio/Dashboard HSE/hse-dashboard/hse-backend/app/Http/Controllers/Api/PermitController.php(23): Illuminate/Database/Eloquent/Builder->__call('query', Array)
#3 E:/1KERJAAN/Telisik Studio/Dashboard HSE/hse-dashboard/hse-backend/vendor/laravel/framework/src/Illuminate/Routing/ControllerDispatcher.php(47): App/Http/Controllers/Api/PermitController->index(Object(Illuminate/Http/Request))
#4 E:/1KERJAAN/Telisik Studio/Dashboard HSE/hse-dashboard/hse-backend/vendor/laravel/framework/src/Illuminate/Routing/Route.php(266): Illuminate/Routing/ControllerDispatcher->dispatch(Object(Illuminate/Routing/Route), Object(App/Http/Controllers/Api/PermitController), 'index')
#5 E:/1KERJAAN/Telisik Studio/Dashboard HSE/hse-dashboard/hse-backend/vendor/laravel/framework/src/Illuminate/Routing/Route.php(212): Illuminate/Routing/Route->runController()
#6 E:/1KERJAAN/Telisik Studio/Dashboard HSE/hse-dashboard/hse-backend/vendor/laravel/framework/src/Illuminate/Routing/Router.php(808): Illuminate/Routing/Route->run()
#7 E:/1KERJAAN/Telisik Studio/Dashboard HSE/hse-dashboard/hse-backend/vendor/laravel/framework/src/Illuminate/Pipeline/Pipeline.php(170): Illuminate/Routing/Router->Illuminate/Routing/{closure}(Object(Illuminate/Http/Request))
#8 E:/1KERJAAN/Telisik Studio/Dashboard HSE/hse-dashboard/hse-backend/app/Http/Middleware/EnsureAnyPermission.php(26): Illuminate/Pipeline/Pipeline->Illuminate/Pipeline/{closure}(Object(Illuminate/Http/Request))
#9 E:/1KERJAAN/Telisik Studio/Dashboard HSE/hse-dashboard/hse-backend/vendor/laravel/framework/src/Illuminate/Pipeline/Pipeline.php(209): App/Http/Middleware/EnsureAnyPermission->handle(Object(Illuminate/Http/Request), Object(Closure), 'permits', 'permits_own')
#10 E:/1KERJAAN/Telisik Studio/Dashboard HSE/hse-dashboard/hse-backend/vendor/laravel/framework/src/Illuminate/Routing/Middleware/SubstituteBindings.php(51): Illuminate/Pipeline/Pipeline->Illuminate/Pipeline/{closure}(Object(Illuminate/Http/Request))
#11 E:/1KERJAAN/Telisik Studio/Dashboard HSE/hse-dashboard/hse-backend/vendor/laravel/framework/src/Illuminate/Pipeline/Pipeline.php(209): Illuminate/Routing/Middleware/SubstituteBindings->handle(Object(Illuminate/Http/Request), Object(Closure))
#12 E:/1KERJAAN/Telisik Studio/Dashboard HSE/hse-dashboard/hse-backend/vendor/laravel/framework/src/Illuminate/Auth/Middleware/Authenticate.php(64): Illuminate/Pipeline/Pipeline->Illuminate/Pipeline/{closure}(Object(Illuminate/Http/Request))
#13 E:/1KERJAAN/Telisik Studio/Dashboard HSE/hse-dashboard/hse-backend/vendor/laravel/framework/src/Illuminate/Pipeline/Pipeline.php(209): Illuminate/Auth/Middleware/Authenticate->handle(Object(Illuminate/Http/Request), Object(Closure), 'sanctum')
#14 E:/1KERJAAN/Telisik Studio/Dashboard HSE/hse-dashboard/hse-backend/vendor/laravel/sanctum/src/Http/Middleware/EnsureFrontendRequestsAreStateful.php(26): Illuminate/Pipeline/Pipeline->Illuminate/Pipeline/{closure}(Object(Illuminate/Http/Request))
#15 E:/1KERJAAN/Telisik Studio/Dashboard HSE/hse-dashboard/hse-backend/vendor/laravel/framework/src/Illuminate/Pipeline/Pipeline.php(170): Laravel/Sanctum/Http/Middleware/EnsureFrontendRequestsAreStateful->Laravel/Sanctum/Http/Middleware/{closure}(Object(Illuminate/Http/Request))
#16 E:/1KERJAAN/Telisik Studio/Dashboard HSE/hse-dashboard/hse-backend/vendor/laravel/sanctum/src/Http/Middleware/AuthenticateSession.php(60): Illuminate/Pipeline/Pipeline->Illuminate/Pipeline/{closure}(Object(Illuminate/Http/Request))
#17 E:/1KERJAAN/Telisik Studio/Dashboard HSE/hse-dashboard/hse-backend/vendor/laravel/framework/src/Illuminate/Pipeline/Pipeline.php(209): Laravel/Sanctum/Http/Middleware/AuthenticateSession->handle(Object(Illuminate/Http/Request), Object(Closure))
#18 E:/1KERJAAN/Telisik Studio/Dashboard HSE/hse-dashboard/hse-backend/vendor/laravel/framework/src/Illuminate/Foundation/Http/Middleware/VerifyCsrfToken.php(88): Illuminate/Pipeline/Pipeline->Illuminate/Pipeline/{closure}(Object(Illuminate/Http/Request))
#19 E:/1KERJAAN/Telisik Studio/Dashboard HSE/hse-dashboard/hse-backend/vendor/laravel/framework/src/Illuminate/Pipeline/Pipeline.php(209): Illuminate/Foundation/Http/Middleware/VerifyCsrfToken->handle(Object(Illuminate/Http/Request), Object(Closure))
#20 E:/1KERJAAN/Telisik Studio/Dashboard HSE/hse-dashboard/hse-backend/vendor/laravel/framework/src/Illuminate/Session/Middleware/StartSession.php(121): Illuminate/Pipeline/Pipeline->Illuminate/Pipeline/{closure}(Object(Illuminate/Http/Request))
#21 E:/1KERJAAN/Telisik Studio/Dashboard HSE/hse-dashboard/hse-backend/vendor/laravel/framework/src/Illuminate/Session/Middleware/StartSession.php(64): Illuminate/Session/Middleware/StartSession->handleStatefulRequest(Object(Illuminate/Http/Request), Object(Illuminate/Session/Store), Object(Closure))
#22 E:/1KERJAAN/Telisik Studio/Dashboard HSE/hse-dashboard/hse-backend/vendor/laravel/framework/src/Illuminate/Pipeline/Pipeline.php(209): Illuminate/Session/Middleware/StartSession->handle(Object(Illuminate/Http/Request), Object(Closure))
#23 E:/1KERJAAN/Telisik Studio/Dashboard HSE/hse-dashboard/hse-backend/vendor/laravel/framework/src/Illuminate/Cookie/Middleware/AddQueuedCookiesToResponse.php(37): Illuminate/Pipeline/Pipeline->Illuminate/Pipeline/{closure}(Object(Illuminate/Http/Request))
#24 E:/1KERJAAN/Telisik Studio/Dashboard HSE/hse-dashboard/hse-backend/vendor/laravel/framework/src/Illuminate/Pipeline/Pipeline.php(209): Illuminate/Cookie/Middleware/AddQueuedCookiesToResponse->handle(Object(Illuminate/Http/Request), Object(Closure))
#25 E:/1KERJAAN/Telisik Studio/Dashboard HSE/hse-dashboard/hse-backend/vendor/laravel/framework/src/Illuminate/Cookie/Middleware/EncryptCookies.php(75): Illuminate/Pipeline/Pipeline->Illuminate/Pipeline/{closure}(Object(Illuminate/Http/Request))
#26 E:/1KERJAAN/Telisik Studio/Dashboard HSE/hse-dashboard/hse-backend/vendor/laravel/framework/src/Illuminate/Pipeline/Pipeline.php(209): Illuminate/Cookie/Middleware/EncryptCookies->handle(Object(Illuminate/Http/Request), Object(Closure))
#27 E:/1KERJAAN/Telisik Studio/Dashboard HSE/hse-dashboard/hse-backend/vendor/laravel/sanctum/src/Http/Middleware/EnsureFrontendRequestsAreStateful.php(61): Illuminate/Pipeline/Pipeline->Illuminate/Pipeline/{closure}(Object(Illuminate/Http/Request))
#28 E:/1KERJAAN/Telisik Studio/Dashboard HSE/hse-dashboard/hse-backend/vendor/laravel/framework/src/Illuminate/Pipeline/Pipeline.php(191): Laravel/Sanctum/Http/Middleware/EnsureFrontendRequestsAreStateful->Laravel/Sanctum/Http/Middleware/{closure}(Object(Illuminate/Http/Request), Object(Closure))
#29 E:/1KERJAAN/Telisik Studio/Dashboard HSE/hse-dashboard/hse-backend/vendor/laravel/framework/src/Illuminate/Pipeline/Pipeline.php(127): Illuminate/Pipeline/Pipeline->Illuminate/Pipeline/{closure}(Object(Illuminate/Http/Request))
#30 E:/1KERJAAN/Telisik Studio/Dashboard HSE/hse-dashboard/hse-backend/vendor/laravel/sanctum/src/Http/Middleware/EnsureFrontendRequestsAreStateful.php(25): Illuminate/Pipeline/Pipeline->then(Object(Closure))
#31 E:/1KERJAAN/Telisik Studio/Dashboard HSE/hse-dashboard/hse-backend/vendor/laravel/framework/src/Illuminate/Pipeline/Pipeline.php(209): Laravel/Sanctum/Http/Middleware/EnsureFrontendRequestsAreStateful->handle(Object(Illuminate/Http/Request), Object(Closure))
#32 E:/1KERJAAN/Telisik Studio/Dashboard HSE/hse-dashboard/hse-backend/vendor/laravel/framework/src/Illuminate/Pipeline/Pipeline.php(127): Illuminate/Pipeline/Pipeline->Illuminate/Pipeline/{closure}(Object(Illuminate/Http/Request))
#33 E:/1KERJAAN/Telisik Studio/Dashboard HSE/hse-dashboard/hse-backend/vendor/laravel/framework/src/Illuminate/Routing/Router.php(807): Illuminate/Pipeline/Pipeline->then(Object(Closure))
#34 E:/1KERJAAN/Telisik Studio/Dashboard HSE/hse-dashboard/hse-backend/vendor/laravel/framework/src/Illuminate/Routing/Router.php(786): Illuminate/Routing/Router->runRouteWithinStack(Object(Illuminate/Routing/Route), Object(Illuminate/Http/Request))
#35 E:/1KERJAAN/Telisik Studio/Dashboard HSE/hse-dashboard/hse-backend/vendor/laravel/framework/src/Illuminate/Routing/Router.php(750): Illuminate/Routing/Router->runRoute(Object(Illuminate/Http/Request), Object(Illuminate/Routing/Route))
#36 E:/1KERJAAN/Telisik Studio/Dashboard HSE/hse-dashboard/hse-backend/vendor/laravel/framework/src/Illuminate/Routing/Router.php(739): Illuminate/Routing/Router->dispatchToRoute(Object(Illuminate/Http/Request))
#37 E:/1KERJAAN/Telisik Studio/Dashboard HSE/hse-dashboard/hse-backend/vendor/laravel/framework/src/Illuminate/Foundation/Http/Kernel.php(201): Illuminate/Routing/Router->dispatch(Object(Illuminate/Http/Request))
#38 E:/1KERJAAN/Telisik Studio/Dashboard HSE/hse-dashboard/hse-backend/vendor/laravel/framework/src/Illuminate/Pipeline/Pipeline.php(170): Illuminate/Foundation/Http/Kernel->Illuminate/Foundation/Http/{closure}(Object(Illuminate/Http/Request))
#39 E:/1KERJAAN/Telisik Studio/Dashboard HSE/hse-dashboard/hse-backend/vendor/laravel/framework/src/Illuminate/Foundation/Http/Middleware/TransformsRequest.php(21): Illuminate/Pipeline/Pipeline->Illuminate/Pipeline/{closure}(Object(Illuminate/Http/Request))
#40 E:/1KERJAAN/Telisik Studio/Dashboard HSE/hse-dashboard/hse-backend/vendor/laravel/framework/src/Illuminate/Foundation/Http/Middleware/ConvertEmptyStringsToNull.php(31): Illuminate/Foundation/Http/Middleware/TransformsRequest->handle(Object(Illuminate/Http/Request), Object(Closure))
#41 E:/1KERJAAN/Telisik Studio/Dashboard HSE/hse-dashboard/hse-backend/vendor/laravel/framework/src/Illuminate/Pipeline/Pipeline.php(209): Illuminate/Foundation/Http/Middleware/ConvertEmptyStringsToNull->handle(Object(Illuminate/Http/Request), Object(Closure))
#42 E:/1KERJAAN/Telisik Studio/Dashboard HSE/hse-dashboard/hse-backend/vendor/laravel/framework/src/Illuminate/Foundation/Http/Middleware/TransformsRequest.php(21): Illuminate/Pipeline/Pipeline->Illuminate/Pipeline/{closure}(Object(Illuminate/Http/Request))
#43 E:/1KERJAAN/Telisik Studio/Dashboard HSE/hse-dashboard/hse-backend/vendor/laravel/framework/src/Illuminate/Foundation/Http/Middleware/TrimStrings.php(51): Illuminate/Foundation/Http/Middleware/TransformsRequest->handle(Object(Illuminate/Http/Request), Object(Closure))
#44 E:/1KERJAAN/Telisik Studio/Dashboard HSE/hse-dashboard/hse-backend/vendor/laravel/framework/src/Illuminate/Pipeline/Pipeline.php(209): Illuminate/Foundation/Http/Middleware/TrimStrings->handle(Object(Illuminate/Http/Request), Object(Closure))
#45 E:/1KERJAAN/Telisik Studio/Dashboard HSE/hse-dashboard/hse-backend/vendor/laravel/framework/src/Illuminate/Http/Middleware/ValidatePostSize.php(27): Illuminate/Pipeline/Pipeline->Illuminate/Pipeline/{closure}(Object(Illuminate/Http/Request))
#46 E:/1KERJAAN/Telisik Studio/Dashboard HSE/hse-dashboard/hse-backend/vendor/laravel/framework/src/Illuminate/Pipeline/Pipeline.php(209): Illuminate/Http/Middleware/ValidatePostSize->handle(Object(Illuminate/Http/Request), Object(Closure))
#47 E:/1KERJAAN/Telisik Studio/Dashboard HSE/hse-dashboard/hse-backend/vendor/laravel/framework/src/Illuminate/Foundation/Http/Middleware/PreventRequestsDuringMaintenance.php(110): Illuminate/Pipeline/Pipeline->Illuminate/Pipeline/{closure}(Object(Illuminate/Http/Request))
#48 E:/1KERJAAN/Telisik Studio/Dashboard HSE/hse-dashboard/hse-backend/vendor/laravel/framework/src/Illuminate/Pipeline/Pipeline.php(209): Illuminate/Foundation/Http/Middleware/PreventRequestsDuringMaintenance->handle(Object(Illuminate/Http/Request), Object(Closure))
#49 E:/1KERJAAN/Telisik Studio/Dashboard HSE/hse-dashboard/hse-backend/vendor/laravel/framework/src/Illuminate/Http/Middleware/HandleCors.php(62): Illuminate/Pipeline/Pipeline->Illuminate/Pipeline/{closure}(Object(Illuminate/Http/Request))
#50 E:/1KERJAAN/Telisik Studio/Dashboard HSE/hse-dashboard/hse-backend/vendor/laravel/framework/src/Illuminate/Pipeline/Pipeline.php(209): Illuminate/Http/Middleware/HandleCors->handle(Object(Illuminate/Http/Request), Object(Closure))
#51 E:/1KERJAAN/Telisik Studio/Dashboard HSE/hse-dashboard/hse-backend/vendor/laravel/framework/src/Illuminate/Http/Middleware/TrustProxies.php(58): Illuminate/Pipeline/Pipeline->Illuminate/Pipeline/{closure}(Object(Illuminate/Http/Request))
#52 E:/1KERJAAN/Telisik Studio/Dashboard HSE/hse-dashboard/hse-backend/vendor/laravel/framework/src/Illuminate/Pipeline/Pipeline.php(209): Illuminate/Http/Middleware/TrustProxies->handle(Object(Illuminate/Http/Request), Object(Closure))
#53 E:/1KERJAAN/Telisik Studio/Dashboard HSE/hse-dashboard/hse-backend/vendor/laravel/framework/src/Illuminate/Foundation/Http/Middleware/InvokeDeferredCallbacks.php(22): Illuminate/Pipeline/Pipeline->Illuminate/Pipeline/{closure}(Object(Illuminate/Http/Request))
#54 E:/1KERJAAN/Telisik Studio/Dashboard HSE/hse-dashboard/hse-backend/vendor/laravel/framework/src/Illuminate/Pipeline/Pipeline.php(209): Illuminate/Foundation/Http/Middleware/InvokeDeferredCallbacks->handle(Object(Illuminate/Http/Request), Object(Closure))
#55 E:/1KERJAAN/Telisik Studio/Dashboard HSE/hse-dashboard/hse-backend/vendor/laravel/framework/src/Illuminate/Pipeline/Pipeline.php(127): Illuminate/Pipeline/Pipeline->Illuminate/Pipeline/{closure}(Object(Illuminate/Http/Request))
#56 E:/1KERJAAN/Telisik Studio/Dashboard HSE/hse-dashboard/hse-backend/vendor/laravel/framework/src/Illuminate/Foundation/Http/Kernel.php(176): Illuminate/Pipeline/Pipeline->then(Object(Closure))
#57 E:/1KERJAAN/Telisik Studio/Dashboard HSE/hse-dashboard/hse-backend/vendor/laravel/framework/src/Illuminate/Foundation/Http/Kernel.php(145): Illuminate/Foundation/Http/Kernel->sendRequestThroughRouter(Object(Illuminate/Http/Request))
#58 E:/1KERJAAN/Telisik Studio/Dashboard HSE/hse-dashboard/hse-backend/vendor/laravel/framework/src/Illuminate/Foundation/Application.php(1220): Illuminate/Foundation/Http/Kernel->handle(Object(Illuminate/Http/Request))
#59 E:/1KERJAAN/Telisik Studio/Dashboard HSE/hse-dashboard/hse-backend/public/index.php(17): Illuminate/Foundation/Application->handleRequest(Object(Illuminate/Http/Request))
#60 E:/1KERJAAN/Telisik Studio/Dashboard HSE/hse-dashboard/hse-backend/vendor/laravel/framework/src/Illuminate/Foundation/resources/server.php(23): require_once('E://1KERJAAN//Tel...')
#61 {main}
"} 
[2026-08-04 17:16:31] local.ERROR: Call to undefined method Illuminate\Database\Eloquent\Builder::query() {"userId":1,"exception":"[object] (BadMethodCallException(code: 0): Call to undefined method Illuminate\\Database\\Eloquent\\Builder::query() at E:/1KERJAAN/Telisik Studio/Dashboard HSE/hse-dashboard/hse-backend/vendor/laravel/framework/src/Illuminate/Support/Traits/ForwardsCalls.php:67)
[stacktrace]
#0 E:/1KERJAAN/Telisik Studio/Dashboard HSE/hse-dashboard/hse-backend/vendor/laravel/framework/src/Illuminate/Support/Traits/ForwardsCalls.php(36): Illuminate/Database/Eloquent/Builder::throwBadMethodCallException('query')
#1 E:/1KERJAAN/Telisik Studio/Dashboard HSE/hse-dashboard/hse-backend/vendor/laravel/framework/src/Illuminate/Database/Eloquent/Builder.php(2123): Illuminate/Database/Eloquent/Builder->forwardCallTo(Object(Illuminate/Database/Query/Builder), 'query', Array)
#2 E:/1KERJAAN/Telisik Studio/Dashboard HSE/hse-dashboard/hse-backend/app/Http/Controllers/Api/PermitController.php(23): Illuminate/Database/Eloquent/Builder->__call('query', Array)
#3 E:/1KERJAAN/Telisik Studio/Dashboard HSE/hse-dashboard/hse-backend/vendor/laravel/framework/src/Illuminate/Routing/ControllerDispatcher.php(47): App/Http/Controllers/Api/PermitController->index(Object(Illuminate/Http/Request))
#4 E:/1KERJAAN/Telisik Studio/Dashboard HSE/hse-dashboard/hse-backend/vendor/laravel/framework/src/Illuminate/Routing/Route.php(266): Illuminate/Routing/ControllerDispatcher->dispatch(Object(Illuminate/Routing/Route), Object(App/Http/Controllers/Api/PermitController), 'index')
#5 E:/1KERJAAN/Telisik Studio/Dashboard HSE/hse-dashboard/hse-backend/vendor/laravel/framework/src/Illuminate/Routing/Route.php(212): Illuminate/Routing/Route->runController()
#6 E:/1KERJAAN/Telisik Studio/Dashboard HSE/hse-dashboard/hse-backend/vendor/laravel/framework/src/Illuminate/Routing/Router.php(808): Illuminate/Routing/Route->run()
#7 E:/1KERJAAN/Telisik Studio/Dashboard HSE/hse-dashboard/hse-backend/vendor/laravel/framework/src/Illuminate/Pipeline/Pipeline.php(170): Illuminate/Routing/Router->Illuminate/Routing/{closure}(Object(Illuminate/Http/Request))
#8 E:/1KERJAAN/Telisik Studio/Dashboard HSE/hse-dashboard/hse-backend/app/Http/Middleware/EnsureAnyPermission.php(26): Illuminate/Pipeline/Pipeline->Illuminate/Pipeline/{closure}(Object(Illuminate/Http/Request))
#9 E:/1KERJAAN/Telisik Studio/Dashboard HSE/hse-dashboard/hse-backend/vendor/laravel/framework/src/Illuminate/Pipeline/Pipeline.php(209): App/Http/Middleware/EnsureAnyPermission->handle(Object(Illuminate/Http/Request), Object(Closure), 'permits', 'permits_own')
#10 E:/1KERJAAN/Telisik Studio/Dashboard HSE/hse-dashboard/hse-backend/vendor/laravel/framework/src/Illuminate/Routing/Middleware/SubstituteBindings.php(51): Illuminate/Pipeline/Pipeline->Illuminate/Pipeline/{closure}(Object(Illuminate/Http/Request))
#11 E:/1KERJAAN/Telisik Studio/Dashboard HSE/hse-dashboard/hse-backend/vendor/laravel/framework/src/Illuminate/Pipeline/Pipeline.php(209): Illuminate/Routing/Middleware/SubstituteBindings->handle(Object(Illuminate/Http/Request), Object(Closure))
#12 E:/1KERJAAN/Telisik Studio/Dashboard HSE/hse-dashboard/hse-backend/vendor/laravel/framework/src/Illuminate/Auth/Middleware/Authenticate.php(64): Illuminate/Pipeline/Pipeline->Illuminate/Pipeline/{closure}(Object(Illuminate/Http/Request))
#13 E:/1KERJAAN/Telisik Studio/Dashboard HSE/hse-dashboard/hse-backend/vendor/laravel/framework/src/Illuminate/Pipeline/Pipeline.php(209): Illuminate/Auth/Middleware/Authenticate->handle(Object(Illuminate/Http/Request), Object(Closure), 'sanctum')
#14 E:/1KERJAAN/Telisik Studio/Dashboard HSE/hse-dashboard/hse-backend/vendor/laravel/sanctum/src/Http/Middleware/EnsureFrontendRequestsAreStateful.php(26): Illuminate/Pipeline/Pipeline->Illuminate/Pipeline/{closure}(Object(Illuminate/Http/Request))
#15 E:/1KERJAAN/Telisik Studio/Dashboard HSE/hse-dashboard/hse-backend/vendor/laravel/framework/src/Illuminate/Pipeline/Pipeline.php(170): Laravel/Sanctum/Http/Middleware/EnsureFrontendRequestsAreStateful->Laravel/Sanctum/Http/Middleware/{closure}(Object(Illuminate/Http/Request))
#16 E:/1KERJAAN/Telisik Studio/Dashboard HSE/hse-dashboard/hse-backend/vendor/laravel/sanctum/src/Http/Middleware/AuthenticateSession.php(60): Illuminate/Pipeline/Pipeline->Illuminate/Pipeline/{closure}(Object(Illuminate/Http/Request))
#17 E:/1KERJAAN/Telisik Studio/Dashboard HSE/hse-dashboard/hse-backend/vendor/laravel/framework/src/Illuminate/Pipeline/Pipeline.php(209): Laravel/Sanctum/Http/Middleware/AuthenticateSession->handle(Object(Illuminate/Http/Request), Object(Closure))
#18 E:/1KERJAAN/Telisik Studio/Dashboard HSE/hse-dashboard/hse-backend/vendor/laravel/framework/src/Illuminate/Foundation/Http/Middleware/VerifyCsrfToken.php(88): Illuminate/Pipeline/Pipeline->Illuminate/Pipeline/{closure}(Object(Illuminate/Http/Request))
#19 E:/1KERJAAN/Telisik Studio/Dashboard HSE/hse-dashboard/hse-backend/vendor/laravel/framework/src/Illuminate/Pipeline/Pipeline.php(209): Illuminate/Foundation/Http/Middleware/VerifyCsrfToken->handle(Object(Illuminate/Http/Request), Object(Closure))
#20 E:/1KERJAAN/Telisik Studio/Dashboard HSE/hse-dashboard/hse-backend/vendor/laravel/framework/src/Illuminate/Session/Middleware/StartSession.php(121): Illuminate/Pipeline/Pipeline->Illuminate/Pipeline/{closure}(Object(Illuminate/Http/Request))
#21 E:/1KERJAAN/Telisik Studio/Dashboard HSE/hse-dashboard/hse-backend/vendor/laravel/framework/src/Illuminate/Session/Middleware/StartSession.php(64): Illuminate/Session/Middleware/StartSession->handleStatefulRequest(Object(Illuminate/Http/Request), Object(Illuminate/Session/Store), Object(Closure))
#22 E:/1KERJAAN/Telisik Studio/Dashboard HSE/hse-dashboard/hse-backend/vendor/laravel/framework/src/Illuminate/Pipeline/Pipeline.php(209): Illuminate/Session/Middleware/StartSession->handle(Object(Illuminate/Http/Request), Object(Closure))
#23 E:/1KERJAAN/Telisik Studio/Dashboard HSE/hse-dashboard/hse-backend/vendor/laravel/framework/src/Illuminate/Cookie/Middleware/AddQueuedCookiesToResponse.php(37): Illuminate/Pipeline/Pipeline->Illuminate/Pipeline/{closure}(Object(Illuminate/Http/Request))
#24 E:/1KERJAAN/Telisik Studio/Dashboard HSE/hse-dashboard/hse-backend/vendor/laravel/framework/src/Illuminate/Pipeline/Pipeline.php(209): Illuminate/Cookie/Middleware/AddQueuedCookiesToResponse->handle(Object(Illuminate/Http/Request), Object(Closure))
#25 E:/1KERJAAN/Telisik Studio/Dashboard HSE/hse-dashboard/hse-backend/vendor/laravel/framework/src/Illuminate/Cookie/Middleware/EncryptCookies.php(75): Illuminate/Pipeline/Pipeline->Illuminate/Pipeline/{closure}(Object(Illuminate/Http/Request))
#26 E:/1KERJAAN/Telisik Studio/Dashboard HSE/hse-dashboard/hse-backend/vendor/laravel/framework/src/Illuminate/Pipeline/Pipeline.php(209): Illuminate/Cookie/Middleware/EncryptCookies->handle(Object(Illuminate/Http/Request), Object(Closure))
#27 E:/1KERJAAN/Telisik Studio/Dashboard HSE/hse-dashboard/hse-backend/vendor/laravel/sanctum/src/Http/Middleware/EnsureFrontendRequestsAreStateful.php(61): Illuminate/Pipeline/Pipeline->Illuminate/Pipeline/{closure}(Object(Illuminate/Http/Request))
#28 E:/1KERJAAN/Telisik Studio/Dashboard HSE/hse-dashboard/hse-backend/vendor/laravel/framework/src/Illuminate/Pipeline/Pipeline.php(191): Laravel/Sanctum/Http/Middleware/EnsureFrontendRequestsAreStateful->Laravel/Sanctum/Http/Middleware/{closure}(Object(Illuminate/Http/Request), Object(Closure))
#29 E:/1KERJAAN/Telisik Studio/Dashboard HSE/hse-dashboard/hse-backend/vendor/laravel/framework/src/Illuminate/Pipeline/Pipeline.php(127): Illuminate/Pipeline/Pipeline->Illuminate/Pipeline/{closure}(Object(Illuminate/Http/Request))
#30 E:/1KERJAAN/Telisik Studio/Dashboard HSE/hse-dashboard/hse-backend/vendor/laravel/sanctum/src/Http/Middleware/EnsureFrontendRequestsAreStateful.php(25): Illuminate/Pipeline/Pipeline->then(Object(Closure))
#31 E:/1KERJAAN/Telisik Studio/Dashboard HSE/hse-dashboard/hse-backend/vendor/laravel/framework/src/Illuminate/Pipeline/Pipeline.php(209): Laravel/Sanctum/Http/Middleware/EnsureFrontendRequestsAreStateful->handle(Object(Illuminate/Http/Request), Object(Closure))
#32 E:/1KERJAAN/Telisik Studio/Dashboard HSE/hse-dashboard/hse-backend/vendor/laravel/framework/src/Illuminate/Pipeline/Pipeline.php(127): Illuminate/Pipeline/Pipeline->Illuminate/Pipeline/{closure}(Object(Illuminate/Http/Request))
#33 E:/1KERJAAN/Telisik Studio/Dashboard HSE/hse-dashboard/hse-backend/vendor/laravel/framework/src/Illuminate/Routing/Router.php(807): Illuminate/Pipeline/Pipeline->then(Object(Closure))
#34 E:/1KERJAAN/Telisik Studio/Dashboard HSE/hse-dashboard/hse-backend/vendor/laravel/framework/src/Illuminate/Routing/Router.php(786): Illuminate/Routing/Router->runRouteWithinStack(Object(Illuminate/Routing/Route), Object(Illuminate/Http/Request))
#35 E:/1KERJAAN/Telisik Studio/Dashboard HSE/hse-dashboard/hse-backend/vendor/laravel/framework/src/Illuminate/Routing/Router.php(750): Illuminate/Routing/Router->runRoute(Object(Illuminate/Http/Request), Object(Illuminate/Routing/Route))
#36 E:/1KERJAAN/Telisik Studio/Dashboard HSE/hse-dashboard/hse-backend/vendor/laravel/framework/src/Illuminate/Routing/Router.php(739): Illuminate/Routing/Router->dispatchToRoute(Object(Illuminate/Http/Request))
#37 E:/1KERJAAN/Telisik Studio/Dashboard HSE/hse-dashboard/hse-backend/vendor/laravel/framework/src/Illuminate/Foundation/Http/Kernel.php(201): Illuminate/Routing/Router->dispatch(Object(Illuminate/Http/Request))
#38 E:/1KERJAAN/Telisik Studio/Dashboard HSE/hse-dashboard/hse-backend/vendor/laravel/framework/src/Illuminate/Pipeline/Pipeline.php(170): Illuminate/Foundation/Http/Kernel->Illuminate/Foundation/Http/{closure}(Object(Illuminate/Http/Request))
#39 E:/1KERJAAN/Telisik Studio/Dashboard HSE/hse-dashboard/hse-backend/vendor/laravel/framework/src/Illuminate/Foundation/Http/Middleware/TransformsRequest.php(21): Illuminate/Pipeline/Pipeline->Illuminate/Pipeline/{closure}(Object(Illuminate/Http/Request))
#40 E:/1KERJAAN/Telisik Studio/Dashboard HSE/hse-dashboard/hse-backend/vendor/laravel/framework/src/Illuminate/Foundation/Http/Middleware/ConvertEmptyStringsToNull.php(31): Illuminate/Foundation/Http/Middleware/TransformsRequest->handle(Object(Illuminate/Http/Request), Object(Closure))
#41 E:/1KERJAAN/Telisik Studio/Dashboard HSE/hse-dashboard/hse-backend/vendor/laravel/framework/src/Illuminate/Pipeline/Pipeline.php(209): Illuminate/Foundation/Http/Middleware/ConvertEmptyStringsToNull->handle(Object(Illuminate/Http/Request), Object(Closure))
#42 E:/1KERJAAN/Telisik Studio/Dashboard HSE/hse-dashboard/hse-backend/vendor/laravel/framework/src/Illuminate/Foundation/Http/Middleware/TransformsRequest.php(21): Illuminate/Pipeline/Pipeline->Illuminate/Pipeline/{closure}(Object(Illuminate/Http/Request))
#43 E:/1KERJAAN/Telisik Studio/Dashboard HSE/hse-dashboard/hse-backend/vendor/laravel/framework/src/Illuminate/Foundation/Http/Middleware/TrimStrings.php(51): Illuminate/Foundation/Http/Middleware/TransformsRequest->handle(Object(Illuminate/Http/Request), Object(Closure))
#44 E:/1KERJAAN/Telisik Studio/Dashboard HSE/hse-dashboard/hse-backend/vendor/laravel/framework/src/Illuminate/Pipeline/Pipeline.php(209): Illuminate/Foundation/Http/Middleware/TrimStrings->handle(Object(Illuminate/Http/Request), Object(Closure))
#45 E:/1KERJAAN/Telisik Studio/Dashboard HSE/hse-dashboard/hse-backend/vendor/laravel/framework/src/Illuminate/Http/Middleware/ValidatePostSize.php(27): Illuminate/Pipeline/Pipeline->Illuminate/Pipeline/{closure}(Object(Illuminate/Http/Request))
#46 E:/1KERJAAN/Telisik Studio/Dashboard HSE/hse-dashboard/hse-backend/vendor/laravel/framework/src/Illuminate/Pipeline/Pipeline.php(209): Illuminate/Http/Middleware/ValidatePostSize->handle(Object(Illuminate/Http/Request), Object(Closure))
#47 E:/1KERJAAN/Telisik Studio/Dashboard HSE/hse-dashboard/hse-backend/vendor/laravel/framework/src/Illuminate/Foundation/Http/Middleware/PreventRequestsDuringMaintenance.php(110): Illuminate/Pipeline/Pipeline->Illuminate/Pipeline/{closure}(Object(Illuminate/Http/Request))
#48 E:/1KERJAAN/Telisik Studio/Dashboard HSE/hse-dashboard/hse-backend/vendor/laravel/framework/src/Illuminate/Pipeline/Pipeline.php(209): Illuminate/Foundation/Http/Middleware/PreventRequestsDuringMaintenance->handle(Object(Illuminate/Http/Request), Object(Closure))
#49 E:/1KERJAAN/Telisik Studio/Dashboard HSE/hse-dashboard/hse-backend/vendor/laravel/framework/src/Illuminate/Http/Middleware/HandleCors.php(62): Illuminate/Pipeline/Pipeline->Illuminate/Pipeline/{closure}(Object(Illuminate/Http/Request))
#50 E:/1KERJAAN/Telisik Studio/Dashboard HSE/hse-dashboard/hse-backend/vendor/laravel/framework/src/Illuminate/Pipeline/Pipeline.php(209): Illuminate/Http/Middleware/HandleCors->handle(Object(Illuminate/Http/Request), Object(Closure))
#51 E:/1KERJAAN/Telisik Studio/Dashboard HSE/hse-dashboard/hse-backend/vendor/laravel/framework/src/Illuminate/Http/Middleware/TrustProxies.php(58): Illuminate/Pipeline/Pipeline->Illuminate/Pipeline/{closure}(Object(Illuminate/Http/Request))
#52 E:/1KERJAAN/Telisik Studio/Dashboard HSE/hse-dashboard/hse-backend/vendor/laravel/framework/src/Illuminate/Pipeline/Pipeline.php(209): Illuminate/Http/Middleware/TrustProxies->handle(Object(Illuminate/Http/Request), Object(Closure))
#53 E:/1KERJAAN/Telisik Studio/Dashboard HSE/hse-dashboard/hse-backend/vendor/laravel/framework/src/Illuminate/Foundation/Http/Middleware/InvokeDeferredCallbacks.php(22): Illuminate/Pipeline/Pipeline->Illuminate/Pipeline/{closure}(Object(Illuminate/Http/Request))
#54 E:/1KERJAAN/Telisik Studio/Dashboard HSE/hse-dashboard/hse-backend/vendor/laravel/framework/src/Illuminate/Pipeline/Pipeline.php(209): Illuminate/Foundation/Http/Middleware/InvokeDeferredCallbacks->handle(Object(Illuminate/Http/Request), Object(Closure))
#55 E:/1KERJAAN/Telisik Studio/Dashboard HSE/hse-dashboard/hse-backend/vendor/laravel/framework/src/Illuminate/Pipeline/Pipeline.php(127): Illuminate/Pipeline/Pipeline->Illuminate/Pipeline/{closure}(Object(Illuminate/Http/Request))
#56 E:/1KERJAAN/Telisik Studio/Dashboard HSE/hse-dashboard/hse-backend/vendor/laravel/framework/src/Illuminate/Foundation/Http/Kernel.php(176): Illuminate/Pipeline/Pipeline->then(Object(Closure))
#57 E:/1KERJAAN/Telisik Studio/Dashboard HSE/hse-dashboard/hse-backend/vendor/laravel/framework/src/Illuminate/Foundation/Http/Kernel.php(145): Illuminate/Foundation/Http/Kernel->sendRequestThroughRouter(Object(Illuminate/Http/Request))
#58 E:/1KERJAAN/Telisik Studio/Dashboard HSE/hse-dashboard/hse-backend/vendor/laravel/framework/src/Illuminate/Foundation/Application.php(1220): Illuminate/Foundation/Http/Kernel->handle(Object(Illuminate/Http/Request))
#59 E:/1KERJAAN/Telisik Studio/Dashboard HSE/hse-dashboard/hse-backend/public/index.php(17): Illuminate/Foundation/Application->handleRequest(Object(Illuminate/Http/Request))
#60 E:/1KERJAAN/Telisik Studio/Dashboard HSE/hse-dashboard/hse-backend/vendor/laravel/framework/src/Illuminate/Foundation/resources/server.php(23): require_once('E://1KERJAAN//Tel...')
#61 {main}
"} 
[2026-08-04 17:16:34] local.ERROR: Call to undefined method Illuminate\Database\Eloquent\Builder::query() {"userId":1,"exception":"[object] (BadMethodCallException(code: 0): Call to undefined method Illuminate\\Database\\Eloquent\\Builder::query() at E:/1KERJAAN/Telisik Studio/Dashboard HSE/hse-dashboard/hse-backend/vendor/laravel/framework/src/Illuminate/Support/Traits/ForwardsCalls.php:67)
[stacktrace]
#0 E:/1KERJAAN/Telisik Studio/Dashboard HSE/hse-dashboard/hse-backend/vendor/laravel/framework/src/Illuminate/Support/Traits/ForwardsCalls.php(36): Illuminate/Database/Eloquent/Builder::throwBadMethodCallException('query')
#1 E:/1KERJAAN/Telisik Studio/Dashboard HSE/hse-dashboard/hse-backend/vendor/laravel/framework/src/Illuminate/Database/Eloquent/Builder.php(2123): Illuminate/Database/Eloquent/Builder->forwardCallTo(Object(Illuminate/Database/Query/Builder), 'query', Array)
#2 E:/1KERJAAN/Telisik Studio/Dashboard HSE/hse-dashboard/hse-backend/app/Http/Controllers/Api/PermitController.php(23): Illuminate/Database/Eloquent/Builder->__call('query', Array)
#3 E:/1KERJAAN/Telisik Studio/Dashboard HSE/hse-dashboard/hse-backend/vendor/laravel/framework/src/Illuminate/Routing/ControllerDispatcher.php(47): App/Http/Controllers/Api/PermitController->index(Object(Illuminate/Http/Request))
#4 E:/1KERJAAN/Telisik Studio/Dashboard HSE/hse-dashboard/hse-backend/vendor/laravel/framework/src/Illuminate/Routing/Route.php(266): Illuminate/Routing/ControllerDispatcher->dispatch(Object(Illuminate/Routing/Route), Object(App/Http/Controllers/Api/PermitController), 'index')
#5 E:/1KERJAAN/Telisik Studio/Dashboard HSE/hse-dashboard/hse-backend/vendor/laravel/framework/src/Illuminate/Routing/Route.php(212): Illuminate/Routing/Route->runController()
#6 E:/1KERJAAN/Telisik Studio/Dashboard HSE/hse-dashboard/hse-backend/vendor/laravel/framework/src/Illuminate/Routing/Router.php(808): Illuminate/Routing/Route->run()
#7 E:/1KERJAAN/Telisik Studio/Dashboard HSE/hse-dashboard/hse-backend/vendor/laravel/framework/src/Illuminate/Pipeline/Pipeline.php(170): Illuminate/Routing/Router->Illuminate/Routing/{closure}(Object(Illuminate/Http/Request))
#8 E:/1KERJAAN/Telisik Studio/Dashboard HSE/hse-dashboard/hse-backend/app/Http/Middleware/EnsureAnyPermission.php(26): Illuminate/Pipeline/Pipeline->Illuminate/Pipeline/{closure}(Object(Illuminate/Http/Request))
#9 E:/1KERJAAN/Telisik Studio/Dashboard HSE/hse-dashboard/hse-backend/vendor/laravel/framework/src/Illuminate/Pipeline/Pipeline.php(209): App/Http/Middleware/EnsureAnyPermission->handle(Object(Illuminate/Http/Request), Object(Closure), 'permits', 'permits_own')
#10 E:/1KERJAAN/Telisik Studio/Dashboard HSE/hse-dashboard/hse-backend/vendor/laravel/framework/src/Illuminate/Routing/Middleware/SubstituteBindings.php(51): Illuminate/Pipeline/Pipeline->Illuminate/Pipeline/{closure}(Object(Illuminate/Http/Request))
#11 E:/1KERJAAN/Telisik Studio/Dashboard HSE/hse-dashboard/hse-backend/vendor/laravel/framework/src/Illuminate/Pipeline/Pipeline.php(209): Illuminate/Routing/Middleware/SubstituteBindings->handle(Object(Illuminate/Http/Request), Object(Closure))
#12 E:/1KERJAAN/Telisik Studio/Dashboard HSE/hse-dashboard/hse-backend/vendor/laravel/framework/src/Illuminate/Auth/Middleware/Authenticate.php(64): Illuminate/Pipeline/Pipeline->Illuminate/Pipeline/{closure}(Object(Illuminate/Http/Request))
#13 E:/1KERJAAN/Telisik Studio/Dashboard HSE/hse-dashboard/hse-backend/vendor/laravel/framework/src/Illuminate/Pipeline/Pipeline.php(209): Illuminate/Auth/Middleware/Authenticate->handle(Object(Illuminate/Http/Request), Object(Closure), 'sanctum')
#14 E:/1KERJAAN/Telisik Studio/Dashboard HSE/hse-dashboard/hse-backend/vendor/laravel/sanctum/src/Http/Middleware/EnsureFrontendRequestsAreStateful.php(26): Illuminate/Pipeline/Pipeline->Illuminate/Pipeline/{closure}(Object(Illuminate/Http/Request))
#15 E:/1KERJAAN/Telisik Studio/Dashboard HSE/hse-dashboard/hse-backend/vendor/laravel/framework/src/Illuminate/Pipeline/Pipeline.php(170): Laravel/Sanctum/Http/Middleware/EnsureFrontendRequestsAreStateful->Laravel/Sanctum/Http/Middleware/{closure}(Object(Illuminate/Http/Request))
#16 E:/1KERJAAN/Telisik Studio/Dashboard HSE/hse-dashboard/hse-backend/vendor/laravel/sanctum/src/Http/Middleware/AuthenticateSession.php(60): Illuminate/Pipeline/Pipeline->Illuminate/Pipeline/{closure}(Object(Illuminate/Http/Request))
#17 E:/1KERJAAN/Telisik Studio/Dashboard HSE/hse-dashboard/hse-backend/vendor/laravel/framework/src/Illuminate/Pipeline/Pipeline.php(209): Laravel/Sanctum/Http/Middleware/AuthenticateSession->handle(Object(Illuminate/Http/Request), Object(Closure))
#18 E:/1KERJAAN/Telisik Studio/Dashboard HSE/hse-dashboard/hse-backend/vendor/laravel/framework/src/Illuminate/Foundation/Http/Middleware/VerifyCsrfToken.php(88): Illuminate/Pipeline/Pipeline->Illuminate/Pipeline/{closure}(Object(Illuminate/Http/Request))
#19 E:/1KERJAAN/Telisik Studio/Dashboard HSE/hse-dashboard/hse-backend/vendor/laravel/framework/src/Illuminate/Pipeline/Pipeline.php(209): Illuminate/Foundation/Http/Middleware/VerifyCsrfToken->handle(Object(Illuminate/Http/Request), Object(Closure))
#20 E:/1KERJAAN/Telisik Studio/Dashboard HSE/hse-dashboard/hse-backend/vendor/laravel/framework/src/Illuminate/Session/Middleware/StartSession.php(121): Illuminate/Pipeline/Pipeline->Illuminate/Pipeline/{closure}(Object(Illuminate/Http/Request))
#21 E:/1KERJAAN/Telisik Studio/Dashboard HSE/hse-dashboard/hse-backend/vendor/laravel/framework/src/Illuminate/Session/Middleware/StartSession.php(64): Illuminate/Session/Middleware/StartSession->handleStatefulRequest(Object(Illuminate/Http/Request), Object(Illuminate/Session/Store), Object(Closure))
#22 E:/1KERJAAN/Telisik Studio/Dashboard HSE/hse-dashboard/hse-backend/vendor/laravel/framework/src/Illuminate/Pipeline/Pipeline.php(209): Illuminate/Session/Middleware/StartSession->handle(Object(Illuminate/Http/Request), Object(Closure))
#23 E:/1KERJAAN/Telisik Studio/Dashboard HSE/hse-dashboard/hse-backend/vendor/laravel/framework/src/Illuminate/Cookie/Middleware/AddQueuedCookiesToResponse.php(37): Illuminate/Pipeline/Pipeline->Illuminate/Pipeline/{closure}(Object(Illuminate/Http/Request))
#24 E:/1KERJAAN/Telisik Studio/Dashboard HSE/hse-dashboard/hse-backend/vendor/laravel/framework/src/Illuminate/Pipeline/Pipeline.php(209): Illuminate/Cookie/Middleware/AddQueuedCookiesToResponse->handle(Object(Illuminate/Http/Request), Object(Closure))
#25 E:/1KERJAAN/Telisik Studio/Dashboard HSE/hse-dashboard/hse-backend/vendor/laravel/framework/src/Illuminate/Cookie/Middleware/EncryptCookies.php(75): Illuminate/Pipeline/Pipeline->Illuminate/Pipeline/{closure}(Object(Illuminate/Http/Request))
#26 E:/1KERJAAN/Telisik Studio/Dashboard HSE/hse-dashboard/hse-backend/vendor/laravel/framework/src/Illuminate/Pipeline/Pipeline.php(209): Illuminate/Cookie/Middleware/EncryptCookies->handle(Object(Illuminate/Http/Request), Object(Closure))
#27 E:/1KERJAAN/Telisik Studio/Dashboard HSE/hse-dashboard/hse-backend/vendor/laravel/sanctum/src/Http/Middleware/EnsureFrontendRequestsAreStateful.php(61): Illuminate/Pipeline/Pipeline->Illuminate/Pipeline/{closure}(Object(Illuminate/Http/Request))
#28 E:/1KERJAAN/Telisik Studio/Dashboard HSE/hse-dashboard/hse-backend/vendor/laravel/framework/src/Illuminate/Pipeline/Pipeline.php(191): Laravel/Sanctum/Http/Middleware/EnsureFrontendRequestsAreStateful->Laravel/Sanctum/Http/Middleware/{closure}(Object(Illuminate/Http/Request), Object(Closure))
#29 E:/1KERJAAN/Telisik Studio/Dashboard HSE/hse-dashboard/hse-backend/vendor/laravel/framework/src/Illuminate/Pipeline/Pipeline.php(127): Illuminate/Pipeline/Pipeline->Illuminate/Pipeline/{closure}(Object(Illuminate/Http/Request))
#30 E:/1KERJAAN/Telisik Studio/Dashboard HSE/hse-dashboard/hse-backend/vendor/laravel/sanctum/src/Http/Middleware/EnsureFrontendRequestsAreStateful.php(25): Illuminate/Pipeline/Pipeline->then(Object(Closure))
#31 E:/1KERJAAN/Telisik Studio/Dashboard HSE/hse-dashboard/hse-backend/vendor/laravel/framework/src/Illuminate/Pipeline/Pipeline.php(209): Laravel/Sanctum/Http/Middleware/EnsureFrontendRequestsAreStateful->handle(Object(Illuminate/Http/Request), Object(Closure))
#32 E:/1KERJAAN/Telisik Studio/Dashboard HSE/hse-dashboard/hse-backend/vendor/laravel/framework/src/Illuminate/Pipeline/Pipeline.php(127): Illuminate/Pipeline/Pipeline->Illuminate/Pipeline/{closure}(Object(Illuminate/Http/Request))
#33 E:/1KERJAAN/Telisik Studio/Dashboard HSE/hse-dashboard/hse-backend/vendor/laravel/framework/src/Illuminate/Routing/Router.php(807): Illuminate/Pipeline/Pipeline->then(Object(Closure))
#34 E:/1KERJAAN/Telisik Studio/Dashboard HSE/hse-dashboard/hse-backend/vendor/laravel/framework/src/Illuminate/Routing/Router.php(786): Illuminate/Routing/Router->runRouteWithinStack(Object(Illuminate/Routing/Route), Object(Illuminate/Http/Request))
#35 E:/1KERJAAN/Telisik Studio/Dashboard HSE/hse-dashboard/hse-backend/vendor/laravel/framework/src/Illuminate/Routing/Router.php(750): Illuminate/Routing/Router->runRoute(Object(Illuminate/Http/Request), Object(Illuminate/Routing/Route))
#36 E:/1KERJAAN/Telisik Studio/Dashboard HSE/hse-dashboard/hse-backend/vendor/laravel/framework/src/Illuminate/Routing/Router.php(739): Illuminate/Routing/Router->dispatchToRoute(Object(Illuminate/Http/Request))
#37 E:/1KERJAAN/Telisik Studio/Dashboard HSE/hse-dashboard/hse-backend/vendor/laravel/framework/src/Illuminate/Foundation/Http/Kernel.php(201): Illuminate/Routing/Router->dispatch(Object(Illuminate/Http/Request))
#38 E:/1KERJAAN/Telisik Studio/Dashboard HSE/hse-dashboard/hse-backend/vendor/laravel/framework/src/Illuminate/Pipeline/Pipeline.php(170): Illuminate/Foundation/Http/Kernel->Illuminate/Foundation/Http/{closure}(Object(Illuminate/Http/Request))
#39 E:/1KERJAAN/Telisik Studio/Dashboard HSE/hse-dashboard/hse-backend/vendor/laravel/framework/src/Illuminate/Foundation/Http/Middleware/TransformsRequest.php(21): Illuminate/Pipeline/Pipeline->Illuminate/Pipeline/{closure}(Object(Illuminate/Http/Request))
#40 E:/1KERJAAN/Telisik Studio/Dashboard HSE/hse-dashboard/hse-backend/vendor/laravel/framework/src/Illuminate/Foundation/Http/Middleware/ConvertEmptyStringsToNull.php(31): Illuminate/Foundation/Http/Middleware/TransformsRequest->handle(Object(Illuminate/Http/Request), Object(Closure))
#41 E:/1KERJAAN/Telisik Studio/Dashboard HSE/hse-dashboard/hse-backend/vendor/laravel/framework/src/Illuminate/Pipeline/Pipeline.php(209): Illuminate/Foundation/Http/Middleware/ConvertEmptyStringsToNull->handle(Object(Illuminate/Http/Request), Object(Closure))
#42 E:/1KERJAAN/Telisik Studio/Dashboard HSE/hse-dashboard/hse-backend/vendor/laravel/framework/src/Illuminate/Foundation/Http/Middleware/TransformsRequest.php(21): Illuminate/Pipeline/Pipeline->Illuminate/Pipeline/{closure}(Object(Illuminate/Http/Request))
#43 E:/1KERJAAN/Telisik Studio/Dashboard HSE/hse-dashboard/hse-backend/vendor/laravel/framework/src/Illuminate/Foundation/Http/Middleware/TrimStrings.php(51): Illuminate/Foundation/Http/Middleware/TransformsRequest->handle(Object(Illuminate/Http/Request), Object(Closure))
#44 E:/1KERJAAN/Telisik Studio/Dashboard HSE/hse-dashboard/hse-backend/vendor/laravel/framework/src/Illuminate/Pipeline/Pipeline.php(209): Illuminate/Foundation/Http/Middleware/TrimStrings->handle(Object(Illuminate/Http/Request), Object(Closure))
#45 E:/1KERJAAN/Telisik Studio/Dashboard HSE/hse-dashboard/hse-backend/vendor/laravel/framework/src/Illuminate/Http/Middleware/ValidatePostSize.php(27): Illuminate/Pipeline/Pipeline->Illuminate/Pipeline/{closure}(Object(Illuminate/Http/Request))
#46 E:/1KERJAAN/Telisik Studio/Dashboard HSE/hse-dashboard/hse-backend/vendor/laravel/framework/src/Illuminate/Pipeline/Pipeline.php(209): Illuminate/Http/Middleware/ValidatePostSize->handle(Object(Illuminate/Http/Request), Object(Closure))
#47 E:/1KERJAAN/Telisik Studio/Dashboard HSE/hse-dashboard/hse-backend/vendor/laravel/framework/src/Illuminate/Foundation/Http/Middleware/PreventRequestsDuringMaintenance.php(110): Illuminate/Pipeline/Pipeline->Illuminate/Pipeline/{closure}(Object(Illuminate/Http/Request))
#48 E:/1KERJAAN/Telisik Studio/Dashboard HSE/hse-dashboard/hse-backend/vendor/laravel/framework/src/Illuminate/Pipeline/Pipeline.php(209): Illuminate/Foundation/Http/Middleware/PreventRequestsDuringMaintenance->handle(Object(Illuminate/Http/Request), Object(Closure))
#49 E:/1KERJAAN/Telisik Studio/Dashboard HSE/hse-dashboard/hse-backend/vendor/laravel/framework/src/Illuminate/Http/Middleware/HandleCors.php(62): Illuminate/Pipeline/Pipeline->Illuminate/Pipeline/{closure}(Object(Illuminate/Http/Request))
#50 E:/1KERJAAN/Telisik Studio/Dashboard HSE/hse-dashboard/hse-backend/vendor/laravel/framework/src/Illuminate/Pipeline/Pipeline.php(209): Illuminate/Http/Middleware/HandleCors->handle(Object(Illuminate/Http/Request), Object(Closure))
#51 E:/1KERJAAN/Telisik Studio/Dashboard HSE/hse-dashboard/hse-backend/vendor/laravel/framework/src/Illuminate/Http/Middleware/TrustProxies.php(58): Illuminate/Pipeline/Pipeline->Illuminate/Pipeline/{closure}(Object(Illuminate/Http/Request))
#52 E:/1KERJAAN/Telisik Studio/Dashboard HSE/hse-dashboard/hse-backend/vendor/laravel/framework/src/Illuminate/Pipeline/Pipeline.php(209): Illuminate/Http/Middleware/TrustProxies->handle(Object(Illuminate/Http/Request), Object(Closure))
#53 E:/1KERJAAN/Telisik Studio/Dashboard HSE/hse-dashboard/hse-backend/vendor/laravel/framework/src/Illuminate/Foundation/Http/Middleware/InvokeDeferredCallbacks.php(22): Illuminate/Pipeline/Pipeline->Illuminate/Pipeline/{closure}(Object(Illuminate/Http/Request))
#54 E:/1KERJAAN/Telisik Studio/Dashboard HSE/hse-dashboard/hse-backend/vendor/laravel/framework/src/Illuminate/Pipeline/Pipeline.php(209): Illuminate/Foundation/Http/Middleware/InvokeDeferredCallbacks->handle(Object(Illuminate/Http/Request), Object(Closure))
#55 E:/1KERJAAN/Telisik Studio/Dashboard HSE/hse-dashboard/hse-backend/vendor/laravel/framework/src/Illuminate/Pipeline/Pipeline.php(127): Illuminate/Pipeline/Pipeline->Illuminate/Pipeline/{closure}(Object(Illuminate/Http/Request))
#56 E:/1KERJAAN/Telisik Studio/Dashboard HSE/hse-dashboard/hse-backend/vendor/laravel/framework/src/Illuminate/Foundation/Http/Kernel.php(176): Illuminate/Pipeline/Pipeline->then(Object(Closure))
#57 E:/1KERJAAN/Telisik Studio/Dashboard HSE/hse-dashboard/hse-backend/vendor/laravel/framework/src/Illuminate/Foundation/Http/Kernel.php(145): Illuminate/Foundation/Http/Kernel->sendRequestThroughRouter(Object(Illuminate/Http/Request))
#58 E:/1KERJAAN/Telisik Studio/Dashboard HSE/hse-dashboard/hse-backend/vendor/laravel/framework/src/Illuminate/Foundation/Application.php(1220): Illuminate/Foundation/Http/Kernel->handle(Object(Illuminate/Http/Request))
#59 E:/1KERJAAN/Telisik Studio/Dashboard HSE/hse-dashboard/hse-backend/public/index.php(17): Illuminate/Foundation/Application->handleRequest(Object(Illuminate/Http/Request))
#60 E:/1KERJAAN/Telisik Studio/Dashboard HSE/hse-dashboard/hse-backend/vendor/laravel/framework/src/Illuminate/Foundation/resources/server.php(23): require_once('E://1KERJAAN//Tel...')
#61 {main}
"} 
[2026-08-04 17:16:35] local.ERROR: Call to undefined method Illuminate\Database\Eloquent\Builder::query() {"userId":1,"exception":"[object] (BadMethodCallException(code: 0): Call to undefined method Illuminate\\Database\\Eloquent\\Builder::query() at E:/1KERJAAN/Telisik Studio/Dashboard HSE/hse-dashboard/hse-backend/vendor/laravel/framework/src/Illuminate/Support/Traits/ForwardsCalls.php:67)
[stacktrace]
#0 E:/1KERJAAN/Telisik Studio/Dashboard HSE/hse-dashboard/hse-backend/vendor/laravel/framework/src/Illuminate/Support/Traits/ForwardsCalls.php(36): Illuminate/Database/Eloquent/Builder::throwBadMethodCallException('query')
#1 E:/1KERJAAN/Telisik Studio/Dashboard HSE/hse-dashboard/hse-backend/vendor/laravel/framework/src/Illuminate/Database/Eloquent/Builder.php(2123): Illuminate/Database/Eloquent/Builder->forwardCallTo(Object(Illuminate/Database/Query/Builder), 'query', Array)
#2 E:/1KERJAAN/Telisik Studio/Dashboard HSE/hse-dashboard/hse-backend/app/Http/Controllers/Api/PermitController.php(23): Illuminate/Database/Eloquent/Builder->__call('query', Array)
#3 E:/1KERJAAN/Telisik Studio/Dashboard HSE/hse-dashboard/hse-backend/vendor/laravel/framework/src/Illuminate/Routing/ControllerDispatcher.php(47): App/Http/Controllers/Api/PermitController->index(Object(Illuminate/Http/Request))
#4 E:/1KERJAAN/Telisik Studio/Dashboard HSE/hse-dashboard/hse-backend/vendor/laravel/framework/src/Illuminate/Routing/Route.php(266): Illuminate/Routing/ControllerDispatcher->dispatch(Object(Illuminate/Routing/Route), Object(App/Http/Controllers/Api/PermitController), 'index')
#5 E:/1KERJAAN/Telisik Studio/Dashboard HSE/hse-dashboard/hse-backend/vendor/laravel/framework/src/Illuminate/Routing/Route.php(212): Illuminate/Routing/Route->runController()
#6 E:/1KERJAAN/Telisik Studio/Dashboard HSE/hse-dashboard/hse-backend/vendor/laravel/framework/src/Illuminate/Routing/Router.php(808): Illuminate/Routing/Route->run()
#7 E:/1KERJAAN/Telisik Studio/Dashboard HSE/hse-dashboard/hse-backend/vendor/laravel/framework/src/Illuminate/Pipeline/Pipeline.php(170): Illuminate/Routing/Router->Illuminate/Routing/{closure}(Object(Illuminate/Http/Request))
#8 E:/1KERJAAN/Telisik Studio/Dashboard HSE/hse-dashboard/hse-backend/app/Http/Middleware/EnsureAnyPermission.php(26): Illuminate/Pipeline/Pipeline->Illuminate/Pipeline/{closure}(Object(Illuminate/Http/Request))
#9 E:/1KERJAAN/Telisik Studio/Dashboard HSE/hse-dashboard/hse-backend/vendor/laravel/framework/src/Illuminate/Pipeline/Pipeline.php(209): App/Http/Middleware/EnsureAnyPermission->handle(Object(Illuminate/Http/Request), Object(Closure), 'permits', 'permits_own')
#10 E:/1KERJAAN/Telisik Studio/Dashboard HSE/hse-dashboard/hse-backend/vendor/laravel/framework/src/Illuminate/Routing/Middleware/SubstituteBindings.php(51): Illuminate/Pipeline/Pipeline->Illuminate/Pipeline/{closure}(Object(Illuminate/Http/Request))
#11 E:/1KERJAAN/Telisik Studio/Dashboard HSE/hse-dashboard/hse-backend/vendor/laravel/framework/src/Illuminate/Pipeline/Pipeline.php(209): Illuminate/Routing/Middleware/SubstituteBindings->handle(Object(Illuminate/Http/Request), Object(Closure))
#12 E:/1KERJAAN/Telisik Studio/Dashboard HSE/hse-dashboard/hse-backend/vendor/laravel/framework/src/Illuminate/Auth/Middleware/Authenticate.php(64): Illuminate/Pipeline/Pipeline->Illuminate/Pipeline/{closure}(Object(Illuminate/Http/Request))
#13 E:/1KERJAAN/Telisik Studio/Dashboard HSE/hse-dashboard/hse-backend/vendor/laravel/framework/src/Illuminate/Pipeline/Pipeline.php(209): Illuminate/Auth/Middleware/Authenticate->handle(Object(Illuminate/Http/Request), Object(Closure), 'sanctum')
#14 E:/1KERJAAN/Telisik Studio/Dashboard HSE/hse-dashboard/hse-backend/vendor/laravel/sanctum/src/Http/Middleware/EnsureFrontendRequestsAreStateful.php(26): Illuminate/Pipeline/Pipeline->Illuminate/Pipeline/{closure}(Object(Illuminate/Http/Request))
#15 E:/1KERJAAN/Telisik Studio/Dashboard HSE/hse-dashboard/hse-backend/vendor/laravel/framework/src/Illuminate/Pipeline/Pipeline.php(170): Laravel/Sanctum/Http/Middleware/EnsureFrontendRequestsAreStateful->Laravel/Sanctum/Http/Middleware/{closure}(Object(Illuminate/Http/Request))
#16 E:/1KERJAAN/Telisik Studio/Dashboard HSE/hse-dashboard/hse-backend/vendor/laravel/sanctum/src/Http/Middleware/AuthenticateSession.php(60): Illuminate/Pipeline/Pipeline->Illuminate/Pipeline/{closure}(Object(Illuminate/Http/Request))
#17 E:/1KERJAAN/Telisik Studio/Dashboard HSE/hse-dashboard/hse-backend/vendor/laravel/framework/src/Illuminate/Pipeline/Pipeline.php(209): Laravel/Sanctum/Http/Middleware/AuthenticateSession->handle(Object(Illuminate/Http/Request), Object(Closure))
#18 E:/1KERJAAN/Telisik Studio/Dashboard HSE/hse-dashboard/hse-backend/vendor/laravel/framework/src/Illuminate/Foundation/Http/Middleware/VerifyCsrfToken.php(88): Illuminate/Pipeline/Pipeline->Illuminate/Pipeline/{closure}(Object(Illuminate/Http/Request))
#19 E:/1KERJAAN/Telisik Studio/Dashboard HSE/hse-dashboard/hse-backend/vendor/laravel/framework/src/Illuminate/Pipeline/Pipeline.php(209): Illuminate/Foundation/Http/Middleware/VerifyCsrfToken->handle(Object(Illuminate/Http/Request), Object(Closure))
#20 E:/1KERJAAN/Telisik Studio/Dashboard HSE/hse-dashboard/hse-backend/vendor/laravel/framework/src/Illuminate/Session/Middleware/StartSession.php(121): Illuminate/Pipeline/Pipeline->Illuminate/Pipeline/{closure}(Object(Illuminate/Http/Request))
#21 E:/1KERJAAN/Telisik Studio/Dashboard HSE/hse-dashboard/hse-backend/vendor/laravel/framework/src/Illuminate/Session/Middleware/StartSession.php(64): Illuminate/Session/Middleware/StartSession->handleStatefulRequest(Object(Illuminate/Http/Request), Object(Illuminate/Session/Store), Object(Closure))
#22 E:/1KERJAAN/Telisik Studio/Dashboard HSE/hse-dashboard/hse-backend/vendor/laravel/framework/src/Illuminate/Pipeline/Pipeline.php(209): Illuminate/Session/Middleware/StartSession->handle(Object(Illuminate/Http/Request), Object(Closure))
#23 E:/1KERJAAN/Telisik Studio/Dashboard HSE/hse-dashboard/hse-backend/vendor/laravel/framework/src/Illuminate/Cookie/Middleware/AddQueuedCookiesToResponse.php(37): Illuminate/Pipeline/Pipeline->Illuminate/Pipeline/{closure}(Object(Illuminate/Http/Request))
#24 E:/1KERJAAN/Telisik Studio/Dashboard HSE/hse-dashboard/hse-backend/vendor/laravel/framework/src/Illuminate/Pipeline/Pipeline.php(209): Illuminate/Cookie/Middleware/AddQueuedCookiesToResponse->handle(Object(Illuminate/Http/Request), Object(Closure))
#25 E:/1KERJAAN/Telisik Studio/Dashboard HSE/hse-dashboard/hse-backend/vendor/laravel/framework/src/Illuminate/Cookie/Middleware/EncryptCookies.php(75): Illuminate/Pipeline/Pipeline->Illuminate/Pipeline/{closure}(Object(Illuminate/Http/Request))
#26 E:/1KERJAAN/Telisik Studio/Dashboard HSE/hse-dashboard/hse-backend/vendor/laravel/framework/src/Illuminate/Pipeline/Pipeline.php(209): Illuminate/Cookie/Middleware/EncryptCookies->handle(Object(Illuminate/Http/Request), Object(Closure))
#27 E:/1KERJAAN/Telisik Studio/Dashboard HSE/hse-dashboard/hse-backend/vendor/laravel/sanctum/src/Http/Middleware/EnsureFrontendRequestsAreStateful.php(61): Illuminate/Pipeline/Pipeline->Illuminate/Pipeline/{closure}(Object(Illuminate/Http/Request))
#28 E:/1KERJAAN/Telisik Studio/Dashboard HSE/hse-dashboard/hse-backend/vendor/laravel/framework/src/Illuminate/Pipeline/Pipeline.php(191): Laravel/Sanctum/Http/Middleware/EnsureFrontendRequestsAreStateful->Laravel/Sanctum/Http/Middleware/{closure}(Object(Illuminate/Http/Request), Object(Closure))
#29 E:/1KERJAAN/Telisik Studio/Dashboard HSE/hse-dashboard/hse-backend/vendor/laravel/framework/src/Illuminate/Pipeline/Pipeline.php(127): Illuminate/Pipeline/Pipeline->Illuminate/Pipeline/{closure}(Object(Illuminate/Http/Request))
#30 E:/1KERJAAN/Telisik Studio/Dashboard HSE/hse-dashboard/hse-backend/vendor/laravel/sanctum/src/Http/Middleware/EnsureFrontendRequestsAreStateful.php(25): Illuminate/Pipeline/Pipeline->then(Object(Closure))
#31 E:/1KERJAAN/Telisik Studio/Dashboard HSE/hse-dashboard/hse-backend/vendor/laravel/framework/src/Illuminate/Pipeline/Pipeline.php(209): Laravel/Sanctum/Http/Middleware/EnsureFrontendRequestsAreStateful->handle(Object(Illuminate/Http/Request), Object(Closure))
#32 E:/1KERJAAN/Telisik Studio/Dashboard HSE/hse-dashboard/hse-backend/vendor/laravel/framework/src/Illuminate/Pipeline/Pipeline.php(127): Illuminate/Pipeline/Pipeline->Illuminate/Pipeline/{closure}(Object(Illuminate/Http/Request))
#33 E:/1KERJAAN/Telisik Studio/Dashboard HSE/hse-dashboard/hse-backend/vendor/laravel/framework/src/Illuminate/Routing/Router.php(807): Illuminate/Pipeline/Pipeline->then(Object(Closure))
#34 E:/1KERJAAN/Telisik Studio/Dashboard HSE/hse-dashboard/hse-backend/vendor/laravel/framework/src/Illuminate/Routing/Router.php(786): Illuminate/Routing/Router->runRouteWithinStack(Object(Illuminate/Routing/Route), Object(Illuminate/Http/Request))
#35 E:/1KERJAAN/Telisik Studio/Dashboard HSE/hse-dashboard/hse-backend/vendor/laravel/framework/src/Illuminate/Routing/Router.php(750): Illuminate/Routing/Router->runRoute(Object(Illuminate/Http/Request), Object(Illuminate/Routing/Route))
#36 E:/1KERJAAN/Telisik Studio/Dashboard HSE/hse-dashboard/hse-backend/vendor/laravel/framework/src/Illuminate/Routing/Router.php(739): Illuminate/Routing/Router->dispatchToRoute(Object(Illuminate/Http/Request))
#37 E:/1KERJAAN/Telisik Studio/Dashboard HSE/hse-dashboard/hse-backend/vendor/laravel/framework/src/Illuminate/Foundation/Http/Kernel.php(201): Illuminate/Routing/Router->dispatch(Object(Illuminate/Http/Request))
#38 E:/1KERJAAN/Telisik Studio/Dashboard HSE/hse-dashboard/hse-backend/vendor/laravel/framework/src/Illuminate/Pipeline/Pipeline.php(170): Illuminate/Foundation/Http/Kernel->Illuminate/Foundation/Http/{closure}(Object(Illuminate/Http/Request))
#39 E:/1KERJAAN/Telisik Studio/Dashboard HSE/hse-dashboard/hse-backend/vendor/laravel/framework/src/Illuminate/Foundation/Http/Middleware/TransformsRequest.php(21): Illuminate/Pipeline/Pipeline->Illuminate/Pipeline/{closure}(Object(Illuminate/Http/Request))
#40 E:/1KERJAAN/Telisik Studio/Dashboard HSE/hse-dashboard/hse-backend/vendor/laravel/framework/src/Illuminate/Foundation/Http/Middleware/ConvertEmptyStringsToNull.php(31): Illuminate/Foundation/Http/Middleware/TransformsRequest->handle(Object(Illuminate/Http/Request), Object(Closure))
#41 E:/1KERJAAN/Telisik Studio/Dashboard HSE/hse-dashboard/hse-backend/vendor/laravel/framework/src/Illuminate/Pipeline/Pipeline.php(209): Illuminate/Foundation/Http/Middleware/ConvertEmptyStringsToNull->handle(Object(Illuminate/Http/Request), Object(Closure))
#42 E:/1KERJAAN/Telisik Studio/Dashboard HSE/hse-dashboard/hse-backend/vendor/laravel/framework/src/Illuminate/Foundation/Http/Middleware/TransformsRequest.php(21): Illuminate/Pipeline/Pipeline->Illuminate/Pipeline/{closure}(Object(Illuminate/Http/Request))
#43 E:/1KERJAAN/Telisik Studio/Dashboard HSE/hse-dashboard/hse-backend/vendor/laravel/framework/src/Illuminate/Foundation/Http/Middleware/TrimStrings.php(51): Illuminate/Foundation/Http/Middleware/TransformsRequest->handle(Object(Illuminate/Http/Request), Object(Closure))
#44 E:/1KERJAAN/Telisik Studio/Dashboard HSE/hse-dashboard/hse-backend/vendor/laravel/framework/src/Illuminate/Pipeline/Pipeline.php(209): Illuminate/Foundation/Http/Middleware/TrimStrings->handle(Object(Illuminate/Http/Request), Object(Closure))
#45 E:/1KERJAAN/Telisik Studio/Dashboard HSE/hse-dashboard/hse-backend/vendor/laravel/framework/src/Illuminate/Http/Middleware/ValidatePostSize.php(27): Illuminate/Pipeline/Pipeline->Illuminate/Pipeline/{closure}(Object(Illuminate/Http/Request))
#46 E:/1KERJAAN/Telisik Studio/Dashboard HSE/hse-dashboard/hse-backend/vendor/laravel/framework/src/Illuminate/Pipeline/Pipeline.php(209): Illuminate/Http/Middleware/ValidatePostSize->handle(Object(Illuminate/Http/Request), Object(Closure))
#47 E:/1KERJAAN/Telisik Studio/Dashboard HSE/hse-dashboard/hse-backend/vendor/laravel/framework/src/Illuminate/Foundation/Http/Middleware/PreventRequestsDuringMaintenance.php(110): Illuminate/Pipeline/Pipeline->Illuminate/Pipeline/{closure}(Object(Illuminate/Http/Request))
#48 E:/1KERJAAN/Telisik Studio/Dashboard HSE/hse-dashboard/hse-backend/vendor/laravel/framework/src/Illuminate/Pipeline/Pipeline.php(209): Illuminate/Foundation/Http/Middleware/PreventRequestsDuringMaintenance->handle(Object(Illuminate/Http/Request), Object(Closure))
#49 E:/1KERJAAN/Telisik Studio/Dashboard HSE/hse-dashboard/hse-backend/vendor/laravel/framework/src/Illuminate/Http/Middleware/HandleCors.php(62): Illuminate/Pipeline/Pipeline->Illuminate/Pipeline/{closure}(Object(Illuminate/Http/Request))
#50 E:/1KERJAAN/Telisik Studio/Dashboard HSE/hse-dashboard/hse-backend/vendor/laravel/framework/src/Illuminate/Pipeline/Pipeline.php(209): Illuminate/Http/Middleware/HandleCors->handle(Object(Illuminate/Http/Request), Object(Closure))
#51 E:/1KERJAAN/Telisik Studio/Dashboard HSE/hse-dashboard/hse-backend/vendor/laravel/framework/src/Illuminate/Http/Middleware/TrustProxies.php(58): Illuminate/Pipeline/Pipeline->Illuminate/Pipeline/{closure}(Object(Illuminate/Http/Request))
#52 E:/1KERJAAN/Telisik Studio/Dashboard HSE/hse-dashboard/hse-backend/vendor/laravel/framework/src/Illuminate/Pipeline/Pipeline.php(209): Illuminate/Http/Middleware/TrustProxies->handle(Object(Illuminate/Http/Request), Object(Closure))
#53 E:/1KERJAAN/Telisik Studio/Dashboard HSE/hse-dashboard/hse-backend/vendor/laravel/framework/src/Illuminate/Foundation/Http/Middleware/InvokeDeferredCallbacks.php(22): Illuminate/Pipeline/Pipeline->Illuminate/Pipeline/{closure}(Object(Illuminate/Http/Request))
#54 E:/1KERJAAN/Telisik Studio/Dashboard HSE/hse-dashboard/hse-backend/vendor/laravel/framework/src/Illuminate/Pipeline/Pipeline.php(209): Illuminate/Foundation/Http/Middleware/InvokeDeferredCallbacks->handle(Object(Illuminate/Http/Request), Object(Closure))
#55 E:/1KERJAAN/Telisik Studio/Dashboard HSE/hse-dashboard/hse-backend/vendor/laravel/framework/src/Illuminate/Pipeline/Pipeline.php(127): Illuminate/Pipeline/Pipeline->Illuminate/Pipeline/{closure}(Object(Illuminate/Http/Request))
#56 E:/1KERJAAN/Telisik Studio/Dashboard HSE/hse-dashboard/hse-backend/vendor/laravel/framework/src/Illuminate/Foundation/Http/Kernel.php(176): Illuminate/Pipeline/Pipeline->then(Object(Closure))
#57 E:/1KERJAAN/Telisik Studio/Dashboard HSE/hse-dashboard/hse-backend/vendor/laravel/framework/src/Illuminate/Foundation/Http/Kernel.php(145): Illuminate/Foundation/Http/Kernel->sendRequestThroughRouter(Object(Illuminate/Http/Request))
#58 E:/1KERJAAN/Telisik Studio/Dashboard HSE/hse-dashboard/hse-backend/vendor/laravel/framework/src/Illuminate/Foundation/Application.php(1220): Illuminate/Foundation/Http/Kernel->handle(Object(Illuminate/Http/Request))
#59 E:/1KERJAAN/Telisik Studio/Dashboard HSE/hse-dashboard/hse-backend/public/index.php(17): Illuminate/Foundation/Application->handleRequest(Object(Illuminate/Http/Request))
#60 E:/1KERJAAN/Telisik Studio/Dashboard HSE/hse-dashboard/hse-backend/vendor/laravel/framework/src/Illuminate/Foundation/resources/server.php(23): require_once('E://1KERJAAN//Tel...')
#61 {main}
"} 
[2026-08-04 17:16:35] local.ERROR: Call to undefined method Illuminate\Database\Eloquent\Builder::query() {"userId":1,"exception":"[object] (BadMethodCallException(code: 0): Call to undefined method Illuminate\\Database\\Eloquent\\Builder::query() at E:/1KERJAAN/Telisik Studio/Dashboard HSE/hse-dashboard/hse-backend/vendor/laravel/framework/src/Illuminate/Support/Traits/ForwardsCalls.php:67)
[stacktrace]
#0 E:/1KERJAAN/Telisik Studio/Dashboard HSE/hse-dashboard/hse-backend/vendor/laravel/framework/src/Illuminate/Support/Traits/ForwardsCalls.php(36): Illuminate/Database/Eloquent/Builder::throwBadMethodCallException('query')
#1 E:/1KERJAAN/Telisik Studio/Dashboard HSE/hse-dashboard/hse-backend/vendor/laravel/framework/src/Illuminate/Database/Eloquent/Builder.php(2123): Illuminate/Database/Eloquent/Builder->forwardCallTo(Object(Illuminate/Database/Query/Builder), 'query', Array)
#2 E:/1KERJAAN/Telisik Studio/Dashboard HSE/hse-dashboard/hse-backend/app/Http/Controllers/Api/PermitController.php(23): Illuminate/Database/Eloquent/Builder->__call('query', Array)
#3 E:/1KERJAAN/Telisik Studio/Dashboard HSE/hse-dashboard/hse-backend/vendor/laravel/framework/src/Illuminate/Routing/ControllerDispatcher.php(47): App/Http/Controllers/Api/PermitController->index(Object(Illuminate/Http/Request))
#4 E:/1KERJAAN/Telisik Studio/Dashboard HSE/hse-dashboard/hse-backend/vendor/laravel/framework/src/Illuminate/Routing/Route.php(266): Illuminate/Routing/ControllerDispatcher->dispatch(Object(Illuminate/Routing/Route), Object(App/Http/Controllers/Api/PermitController), 'index')
#5 E:/1KERJAAN/Telisik Studio/Dashboard HSE/hse-dashboard/hse-backend/vendor/laravel/framework/src/Illuminate/Routing/Route.php(212): Illuminate/Routing/Route->runController()
#6 E:/1KERJAAN/Telisik Studio/Dashboard HSE/hse-dashboard/hse-backend/vendor/laravel/framework/src/Illuminate/Routing/Router.php(808): Illuminate/Routing/Route->run()
#7 E:/1KERJAAN/Telisik Studio/Dashboard HSE/hse-dashboard/hse-backend/vendor/laravel/framework/src/Illuminate/Pipeline/Pipeline.php(170): Illuminate/Routing/Router->Illuminate/Routing/{closure}(Object(Illuminate/Http/Request))
#8 E:/1KERJAAN/Telisik Studio/Dashboard HSE/hse-dashboard/hse-backend/app/Http/Middleware/EnsureAnyPermission.php(26): Illuminate/Pipeline/Pipeline->Illuminate/Pipeline/{closure}(Object(Illuminate/Http/Request))
#9 E:/1KERJAAN/Telisik Studio/Dashboard HSE/hse-dashboard/hse-backend/vendor/laravel/framework/src/Illuminate/Pipeline/Pipeline.php(209): App/Http/Middleware/EnsureAnyPermission->handle(Object(Illuminate/Http/Request), Object(Closure), 'permits', 'permits_own')
#10 E:/1KERJAAN/Telisik Studio/Dashboard HSE/hse-dashboard/hse-backend/vendor/laravel/framework/src/Illuminate/Routing/Middleware/SubstituteBindings.php(51): Illuminate/Pipeline/Pipeline->Illuminate/Pipeline/{closure}(Object(Illuminate/Http/Request))
#11 E:/1KERJAAN/Telisik Studio/Dashboard HSE/hse-dashboard/hse-backend/vendor/laravel/framework/src/Illuminate/Pipeline/Pipeline.php(209): Illuminate/Routing/Middleware/SubstituteBindings->handle(Object(Illuminate/Http/Request), Object(Closure))
#12 E:/1KERJAAN/Telisik Studio/Dashboard HSE/hse-dashboard/hse-backend/vendor/laravel/framework/src/Illuminate/Auth/Middleware/Authenticate.php(64): Illuminate/Pipeline/Pipeline->Illuminate/Pipeline/{closure}(Object(Illuminate/Http/Request))
#13 E:/1KERJAAN/Telisik Studio/Dashboard HSE/hse-dashboard/hse-backend/vendor/laravel/framework/src/Illuminate/Pipeline/Pipeline.php(209): Illuminate/Auth/Middleware/Authenticate->handle(Object(Illuminate/Http/Request), Object(Closure), 'sanctum')
#14 E:/1KERJAAN/Telisik Studio/Dashboard HSE/hse-dashboard/hse-backend/vendor/laravel/sanctum/src/Http/Middleware/EnsureFrontendRequestsAreStateful.php(26): Illuminate/Pipeline/Pipeline->Illuminate/Pipeline/{closure}(Object(Illuminate/Http/Request))
#15 E:/1KERJAAN/Telisik Studio/Dashboard HSE/hse-dashboard/hse-backend/vendor/laravel/framework/src/Illuminate/Pipeline/Pipeline.php(170): Laravel/Sanctum/Http/Middleware/EnsureFrontendRequestsAreStateful->Laravel/Sanctum/Http/Middleware/{closure}(Object(Illuminate/Http/Request))
#16 E:/1KERJAAN/Telisik Studio/Dashboard HSE/hse-dashboard/hse-backend/vendor/laravel/sanctum/src/Http/Middleware/AuthenticateSession.php(60): Illuminate/Pipeline/Pipeline->Illuminate/Pipeline/{closure}(Object(Illuminate/Http/Request))
#17 E:/1KERJAAN/Telisik Studio/Dashboard HSE/hse-dashboard/hse-backend/vendor/laravel/framework/src/Illuminate/Pipeline/Pipeline.php(209): Laravel/Sanctum/Http/Middleware/AuthenticateSession->handle(Object(Illuminate/Http/Request), Object(Closure))
#18 E:/1KERJAAN/Telisik Studio/Dashboard HSE/hse-dashboard/hse-backend/vendor/laravel/framework/src/Illuminate/Foundation/Http/Middleware/VerifyCsrfToken.php(88): Illuminate/Pipeline/Pipeline->Illuminate/Pipeline/{closure}(Object(Illuminate/Http/Request))
#19 E:/1KERJAAN/Telisik Studio/Dashboard HSE/hse-dashboard/hse-backend/vendor/laravel/framework/src/Illuminate/Pipeline/Pipeline.php(209): Illuminate/Foundation/Http/Middleware/VerifyCsrfToken->handle(Object(Illuminate/Http/Request), Object(Closure))
#20 E:/1KERJAAN/Telisik Studio/Dashboard HSE/hse-dashboard/hse-backend/vendor/laravel/framework/src/Illuminate/Session/Middleware/StartSession.php(121): Illuminate/Pipeline/Pipeline->Illuminate/Pipeline/{closure}(Object(Illuminate/Http/Request))
#21 E:/1KERJAAN/Telisik Studio/Dashboard HSE/hse-dashboard/hse-backend/vendor/laravel/framework/src/Illuminate/Session/Middleware/StartSession.php(64): Illuminate/Session/Middleware/StartSession->handleStatefulRequest(Object(Illuminate/Http/Request), Object(Illuminate/Session/Store), Object(Closure))
#22 E:/1KERJAAN/Telisik Studio/Dashboard HSE/hse-dashboard/hse-backend/vendor/laravel/framework/src/Illuminate/Pipeline/Pipeline.php(209): Illuminate/Session/Middleware/StartSession->handle(Object(Illuminate/Http/Request), Object(Closure))
#23 E:/1KERJAAN/Telisik Studio/Dashboard HSE/hse-dashboard/hse-backend/vendor/laravel/framework/src/Illuminate/Cookie/Middleware/AddQueuedCookiesToResponse.php(37): Illuminate/Pipeline/Pipeline->Illuminate/Pipeline/{closure}(Object(Illuminate/Http/Request))
#24 E:/1KERJAAN/Telisik Studio/Dashboard HSE/hse-dashboard/hse-backend/vendor/laravel/framework/src/Illuminate/Pipeline/Pipeline.php(209): Illuminate/Cookie/Middleware/AddQueuedCookiesToResponse->handle(Object(Illuminate/Http/Request), Object(Closure))
#25 E:/1KERJAAN/Telisik Studio/Dashboard HSE/hse-dashboard/hse-backend/vendor/laravel/framework/src/Illuminate/Cookie/Middleware/EncryptCookies.php(75): Illuminate/Pipeline/Pipeline->Illuminate/Pipeline/{closure}(Object(Illuminate/Http/Request))
#26 E:/1KERJAAN/Telisik Studio/Dashboard HSE/hse-dashboard/hse-backend/vendor/laravel/framework/src/Illuminate/Pipeline/Pipeline.php(209): Illuminate/Cookie/Middleware/EncryptCookies->handle(Object(Illuminate/Http/Request), Object(Closure))
#27 E:/1KERJAAN/Telisik Studio/Dashboard HSE/hse-dashboard/hse-backend/vendor/laravel/sanctum/src/Http/Middleware/EnsureFrontendRequestsAreStateful.php(61): Illuminate/Pipeline/Pipeline->Illuminate/Pipeline/{closure}(Object(Illuminate/Http/Request))
#28 E:/1KERJAAN/Telisik Studio/Dashboard HSE/hse-dashboard/hse-backend/vendor/laravel/framework/src/Illuminate/Pipeline/Pipeline.php(191): Laravel/Sanctum/Http/Middleware/EnsureFrontendRequestsAreStateful->Laravel/Sanctum/Http/Middleware/{closure}(Object(Illuminate/Http/Request), Object(Closure))
#29 E:/1KERJAAN/Telisik Studio/Dashboard HSE/hse-dashboard/hse-backend/vendor/laravel/framework/src/Illuminate/Pipeline/Pipeline.php(127): Illuminate/Pipeline/Pipeline->Illuminate/Pipeline/{closure}(Object(Illuminate/Http/Request))
#30 E:/1KERJAAN/Telisik Studio/Dashboard HSE/hse-dashboard/hse-backend/vendor/laravel/sanctum/src/Http/Middleware/EnsureFrontendRequestsAreStateful.php(25): Illuminate/Pipeline/Pipeline->then(Object(Closure))
#31 E:/1KERJAAN/Telisik Studio/Dashboard HSE/hse-dashboard/hse-backend/vendor/laravel/framework/src/Illuminate/Pipeline/Pipeline.php(209): Laravel/Sanctum/Http/Middleware/EnsureFrontendRequestsAreStateful->handle(Object(Illuminate/Http/Request), Object(Closure))
#32 E:/1KERJAAN/Telisik Studio/Dashboard HSE/hse-dashboard/hse-backend/vendor/laravel/framework/src/Illuminate/Pipeline/Pipeline.php(127): Illuminate/Pipeline/Pipeline->Illuminate/Pipeline/{closure}(Object(Illuminate/Http/Request))
#33 E:/1KERJAAN/Telisik Studio/Dashboard HSE/hse-dashboard/hse-backend/vendor/laravel/framework/src/Illuminate/Routing/Router.php(807): Illuminate/Pipeline/Pipeline->then(Object(Closure))
#34 E:/1KERJAAN/Telisik Studio/Dashboard HSE/hse-dashboard/hse-backend/vendor/laravel/framework/src/Illuminate/Routing/Router.php(786): Illuminate/Routing/Router->runRouteWithinStack(Object(Illuminate/Routing/Route), Object(Illuminate/Http/Request))
#35 E:/1KERJAAN/Telisik Studio/Dashboard HSE/hse-dashboard/hse-backend/vendor/laravel/framework/src/Illuminate/Routing/Router.php(750): Illuminate/Routing/Router->runRoute(Object(Illuminate/Http/Request), Object(Illuminate/Routing/Route))
#36 E:/1KERJAAN/Telisik Studio/Dashboard HSE/hse-dashboard/hse-backend/vendor/laravel/framework/src/Illuminate/Routing/Router.php(739): Illuminate/Routing/Router->dispatchToRoute(Object(Illuminate/Http/Request))
#37 E:/1KERJAAN/Telisik Studio/Dashboard HSE/hse-dashboard/hse-backend/vendor/laravel/framework/src/Illuminate/Foundation/Http/Kernel.php(201): Illuminate/Routing/Router->dispatch(Object(Illuminate/Http/Request))
#38 E:/1KERJAAN/Telisik Studio/Dashboard HSE/hse-dashboard/hse-backend/vendor/laravel/framework/src/Illuminate/Pipeline/Pipeline.php(170): Illuminate/Foundation/Http/Kernel->Illuminate/Foundation/Http/{closure}(Object(Illuminate/Http/Request))
#39 E:/1KERJAAN/Telisik Studio/Dashboard HSE/hse-dashboard/hse-backend/vendor/laravel/framework/src/Illuminate/Foundation/Http/Middleware/TransformsRequest.php(21): Illuminate/Pipeline/Pipeline->Illuminate/Pipeline/{closure}(Object(Illuminate/Http/Request))
#40 E:/1KERJAAN/Telisik Studio/Dashboard HSE/hse-dashboard/hse-backend/vendor/laravel/framework/src/Illuminate/Foundation/Http/Middleware/ConvertEmptyStringsToNull.php(31): Illuminate/Foundation/Http/Middleware/TransformsRequest->handle(Object(Illuminate/Http/Request), Object(Closure))
#41 E:/1KERJAAN/Telisik Studio/Dashboard HSE/hse-dashboard/hse-backend/vendor/laravel/framework/src/Illuminate/Pipeline/Pipeline.php(209): Illuminate/Foundation/Http/Middleware/ConvertEmptyStringsToNull->handle(Object(Illuminate/Http/Request), Object(Closure))
#42 E:/1KERJAAN/Telisik Studio/Dashboard HSE/hse-dashboard/hse-backend/vendor/laravel/framework/src/Illuminate/Foundation/Http/Middleware/TransformsRequest.php(21): Illuminate/Pipeline/Pipeline->Illuminate/Pipeline/{closure}(Object(Illuminate/Http/Request))
#43 E:/1KERJAAN/Telisik Studio/Dashboard HSE/hse-dashboard/hse-backend/vendor/laravel/framework/src/Illuminate/Foundation/Http/Middleware/TrimStrings.php(51): Illuminate/Foundation/Http/Middleware/TransformsRequest->handle(Object(Illuminate/Http/Request), Object(Closure))
#44 E:/1KERJAAN/Telisik Studio/Dashboard HSE/hse-dashboard/hse-backend/vendor/laravel/framework/src/Illuminate/Pipeline/Pipeline.php(209): Illuminate/Foundation/Http/Middleware/TrimStrings->handle(Object(Illuminate/Http/Request), Object(Closure))
#45 E:/1KERJAAN/Telisik Studio/Dashboard HSE/hse-dashboard/hse-backend/vendor/laravel/framework/src/Illuminate/Http/Middleware/ValidatePostSize.php(27): Illuminate/Pipeline/Pipeline->Illuminate/Pipeline/{closure}(Object(Illuminate/Http/Request))
#46 E:/1KERJAAN/Telisik Studio/Dashboard HSE/hse-dashboard/hse-backend/vendor/laravel/framework/src/Illuminate/Pipeline/Pipeline.php(209): Illuminate/Http/Middleware/ValidatePostSize->handle(Object(Illuminate/Http/Request), Object(Closure))
#47 E:/1KERJAAN/Telisik Studio/Dashboard HSE/hse-dashboard/hse-backend/vendor/laravel/framework/src/Illuminate/Foundation/Http/Middleware/PreventRequestsDuringMaintenance.php(110): Illuminate/Pipeline/Pipeline->Illuminate/Pipeline/{closure}(Object(Illuminate/Http/Request))
#48 E:/1KERJAAN/Telisik Studio/Dashboard HSE/hse-dashboard/hse-backend/vendor/laravel/framework/src/Illuminate/Pipeline/Pipeline.php(209): Illuminate/Foundation/Http/Middleware/PreventRequestsDuringMaintenance->handle(Object(Illuminate/Http/Request), Object(Closure))
#49 E:/1KERJAAN/Telisik Studio/Dashboard HSE/hse-dashboard/hse-backend/vendor/laravel/framework/src/Illuminate/Http/Middleware/HandleCors.php(62): Illuminate/Pipeline/Pipeline->Illuminate/Pipeline/{closure}(Object(Illuminate/Http/Request))
#50 E:/1KERJAAN/Telisik Studio/Dashboard HSE/hse-dashboard/hse-backend/vendor/laravel/framework/src/Illuminate/Pipeline/Pipeline.php(209): Illuminate/Http/Middleware/HandleCors->handle(Object(Illuminate/Http/Request), Object(Closure))
#51 E:/1KERJAAN/Telisik Studio/Dashboard HSE/hse-dashboard/hse-backend/vendor/laravel/framework/src/Illuminate/Http/Middleware/TrustProxies.php(58): Illuminate/Pipeline/Pipeline->Illuminate/Pipeline/{closure}(Object(Illuminate/Http/Request))
#52 E:/1KERJAAN/Telisik Studio/Dashboard HSE/hse-dashboard/hse-backend/vendor/laravel/framework/src/Illuminate/Pipeline/Pipeline.php(209): Illuminate/Http/Middleware/TrustProxies->handle(Object(Illuminate/Http/Request), Object(Closure))
#53 E:/1KERJAAN/Telisik Studio/Dashboard HSE/hse-dashboard/hse-backend/vendor/laravel/framework/src/Illuminate/Foundation/Http/Middleware/InvokeDeferredCallbacks.php(22): Illuminate/Pipeline/Pipeline->Illuminate/Pipeline/{closure}(Object(Illuminate/Http/Request))
#54 E:/1KERJAAN/Telisik Studio/Dashboard HSE/hse-dashboard/hse-backend/vendor/laravel/framework/src/Illuminate/Pipeline/Pipeline.php(209): Illuminate/Foundation/Http/Middleware/InvokeDeferredCallbacks->handle(Object(Illuminate/Http/Request), Object(Closure))
#55 E:/1KERJAAN/Telisik Studio/Dashboard HSE/hse-dashboard/hse-backend/vendor/laravel/framework/src/Illuminate/Pipeline/Pipeline.php(127): Illuminate/Pipeline/Pipeline->Illuminate/Pipeline/{closure}(Object(Illuminate/Http/Request))
#56 E:/1KERJAAN/Telisik Studio/Dashboard HSE/hse-dashboard/hse-backend/vendor/laravel/framework/src/Illuminate/Foundation/Http/Kernel.php(176): Illuminate/Pipeline/Pipeline->then(Object(Closure))
#57 E:/1KERJAAN/Telisik Studio/Dashboard HSE/hse-dashboard/hse-backend/vendor/laravel/framework/src/Illuminate/Foundation/Http/Kernel.php(145): Illuminate/Foundation/Http/Kernel->sendRequestThroughRouter(Object(Illuminate/Http/Request))
#58 E:/1KERJAAN/Telisik Studio/Dashboard HSE/hse-dashboard/hse-backend/vendor/laravel/framework/src/Illuminate/Foundation/Application.php(1220): Illuminate/Foundation/Http/Kernel->handle(Object(Illuminate/Http/Request))
#59 E:/1KERJAAN/Telisik Studio/Dashboard HSE/hse-dashboard/hse-backend/public/index.php(17): Illuminate/Foundation/Application->handleRequest(Object(Illuminate/Http/Request))
#60 E:/1KERJAAN/Telisik Studio/Dashboard HSE/hse-dashboard/hse-backend/vendor/laravel/framework/src/Illuminate/Foundation/resources/server.php(23): require_once('E://1KERJAAN//Tel...')
#61 {main}
"} 
[2026-08-04 17:18:42] local.ERROR: Route [login] not defined. {"exception":"[object] (Symfony\\Component\\Routing\\Exception\\RouteNotFoundException(code: 0): Route [login] not defined. at E:/1KERJAAN/Telisik Studio/Dashboard HSE/hse-dashboard/hse-backend/vendor/laravel/framework/src/Illuminate/Routing/UrlGenerator.php:517)
[stacktrace]
#0 E:/1KERJAAN/Telisik Studio/Dashboard HSE/hse-dashboard/hse-backend/vendor/laravel/framework/src/Illuminate/Foundation/helpers.php(853): Illuminate/Routing/UrlGenerator->route('login', Array, true)
#1 E:/1KERJAAN/Telisik Studio/Dashboard HSE/hse-dashboard/hse-backend/vendor/laravel/framework/src/Illuminate/Foundation/Configuration/ApplicationBuilder.php(278): route('login')
#2 [internal function]: Illuminate/Foundation/Configuration/ApplicationBuilder->Illuminate/Foundation/Configuration/{closure}(Object(Illuminate/Http/Request))
#3 E:/1KERJAAN/Telisik Studio/Dashboard HSE/hse-dashboard/hse-backend/vendor/laravel/framework/src/Illuminate/Auth/Middleware/Authenticate.php(118): call_user_func(Object(Closure), Object(Illuminate/Http/Request))
#4 E:/1KERJAAN/Telisik Studio/Dashboard HSE/hse-dashboard/hse-backend/vendor/laravel/framework/src/Illuminate/Auth/Middleware/Authenticate.php(105): Illuminate/Auth/Middleware/Authenticate->redirectTo(Object(Illuminate/Http/Request))
#5 E:/1KERJAAN/Telisik Studio/Dashboard HSE/hse-dashboard/hse-backend/vendor/laravel/framework/src/Illuminate/Auth/Middleware/Authenticate.php(88): Illuminate/Auth/Middleware/Authenticate->unauthenticated(Object(Illuminate/Http/Request), Array)
#6 E:/1KERJAAN/Telisik Studio/Dashboard HSE/hse-dashboard/hse-backend/vendor/laravel/framework/src/Illuminate/Auth/Middleware/Authenticate.php(62): Illuminate/Auth/Middleware/Authenticate->authenticate(Object(Illuminate/Http/Request), Array)
#7 E:/1KERJAAN/Telisik Studio/Dashboard HSE/hse-dashboard/hse-backend/vendor/laravel/framework/src/Illuminate/Pipeline/Pipeline.php(209): Illuminate/Auth/Middleware/Authenticate->handle(Object(Illuminate/Http/Request), Object(Closure), 'sanctum')
#8 E:/1KERJAAN/Telisik Studio/Dashboard HSE/hse-dashboard/hse-backend/vendor/laravel/sanctum/src/Http/Middleware/EnsureFrontendRequestsAreStateful.php(26): Illuminate/Pipeline/Pipeline->Illuminate/Pipeline/{closure}(Object(Illuminate/Http/Request))
#9 E:/1KERJAAN/Telisik Studio/Dashboard HSE/hse-dashboard/hse-backend/vendor/laravel/framework/src/Illuminate/Pipeline/Pipeline.php(170): Laravel/Sanctum/Http/Middleware/EnsureFrontendRequestsAreStateful->Laravel/Sanctum/Http/Middleware/{closure}(Object(Illuminate/Http/Request))
#10 E:/1KERJAAN/Telisik Studio/Dashboard HSE/hse-dashboard/hse-backend/vendor/laravel/framework/src/Illuminate/Pipeline/Pipeline.php(127): Illuminate/Pipeline/Pipeline->Illuminate/Pipeline/{closure}(Object(Illuminate/Http/Request))
#11 E:/1KERJAAN/Telisik Studio/Dashboard HSE/hse-dashboard/hse-backend/vendor/laravel/sanctum/src/Http/Middleware/EnsureFrontendRequestsAreStateful.php(25): Illuminate/Pipeline/Pipeline->then(Object(Closure))
#12 E:/1KERJAAN/Telisik Studio/Dashboard HSE/hse-dashboard/hse-backend/vendor/laravel/framework/src/Illuminate/Pipeline/Pipeline.php(209): Laravel/Sanctum/Http/Middleware/EnsureFrontendRequestsAreStateful->handle(Object(Illuminate/Http/Request), Object(Closure))
#13 E:/1KERJAAN/Telisik Studio/Dashboard HSE/hse-dashboard/hse-backend/vendor/laravel/framework/src/Illuminate/Pipeline/Pipeline.php(127): Illuminate/Pipeline/Pipeline->Illuminate/Pipeline/{closure}(Object(Illuminate/Http/Request))
#14 E:/1KERJAAN/Telisik Studio/Dashboard HSE/hse-dashboard/hse-backend/vendor/laravel/framework/src/Illuminate/Routing/Router.php(807): Illuminate/Pipeline/Pipeline->then(Object(Closure))
#15 E:/1KERJAAN/Telisik Studio/Dashboard HSE/hse-dashboard/hse-backend/vendor/laravel/framework/src/Illuminate/Routing/Router.php(786): Illuminate/Routing/Router->runRouteWithinStack(Object(Illuminate/Routing/Route), Object(Illuminate/Http/Request))
#16 E:/1KERJAAN/Telisik Studio/Dashboard HSE/hse-dashboard/hse-backend/vendor/laravel/framework/src/Illuminate/Routing/Router.php(750): Illuminate/Routing/Router->runRoute(Object(Illuminate/Http/Request), Object(Illuminate/Routing/Route))
#17 E:/1KERJAAN/Telisik Studio/Dashboard HSE/hse-dashboard/hse-backend/vendor/laravel/framework/src/Illuminate/Routing/Router.php(739): Illuminate/Routing/Router->dispatchToRoute(Object(Illuminate/Http/Request))
#18 E:/1KERJAAN/Telisik Studio/Dashboard HSE/hse-dashboard/hse-backend/vendor/laravel/framework/src/Illuminate/Foundation/Http/Kernel.php(201): Illuminate/Routing/Router->dispatch(Object(Illuminate/Http/Request))
#19 E:/1KERJAAN/Telisik Studio/Dashboard HSE/hse-dashboard/hse-backend/vendor/laravel/framework/src/Illuminate/Pipeline/Pipeline.php(170): Illuminate/Foundation/Http/Kernel->Illuminate/Foundation/Http/{closure}(Object(Illuminate/Http/Request))
#20 E:/1KERJAAN/Telisik Studio/Dashboard HSE/hse-dashboard/hse-backend/vendor/laravel/framework/src/Illuminate/Foundation/Http/Middleware/TransformsRequest.php(21): Illuminate/Pipeline/Pipeline->Illuminate/Pipeline/{closure}(Object(Illuminate/Http/Request))
#21 E:/1KERJAAN/Telisik Studio/Dashboard HSE/hse-dashboard/hse-backend/vendor/laravel/framework/src/Illuminate/Foundation/Http/Middleware/ConvertEmptyStringsToNull.php(31): Illuminate/Foundation/Http/Middleware/TransformsRequest->handle(Object(Illuminate/Http/Request), Object(Closure))
#22 E:/1KERJAAN/Telisik Studio/Dashboard HSE/hse-dashboard/hse-backend/vendor/laravel/framework/src/Illuminate/Pipeline/Pipeline.php(209): Illuminate/Foundation/Http/Middleware/ConvertEmptyStringsToNull->handle(Object(Illuminate/Http/Request), Object(Closure))
#23 E:/1KERJAAN/Telisik Studio/Dashboard HSE/hse-dashboard/hse-backend/vendor/laravel/framework/src/Illuminate/Foundation/Http/Middleware/TransformsRequest.php(21): Illuminate/Pipeline/Pipeline->Illuminate/Pipeline/{closure}(Object(Illuminate/Http/Request))
#24 E:/1KERJAAN/Telisik Studio/Dashboard HSE/hse-dashboard/hse-backend/vendor/laravel/framework/src/Illuminate/Foundation/Http/Middleware/TrimStrings.php(51): Illuminate/Foundation/Http/Middleware/TransformsRequest->handle(Object(Illuminate/Http/Request), Object(Closure))
#25 E:/1KERJAAN/Telisik Studio/Dashboard HSE/hse-dashboard/hse-backend/vendor/laravel/framework/src/Illuminate/Pipeline/Pipeline.php(209): Illuminate/Foundation/Http/Middleware/TrimStrings->handle(Object(Illuminate/Http/Request), Object(Closure))
#26 E:/1KERJAAN/Telisik Studio/Dashboard HSE/hse-dashboard/hse-backend/vendor/laravel/framework/src/Illuminate/Http/Middleware/ValidatePostSize.php(27): Illuminate/Pipeline/Pipeline->Illuminate/Pipeline/{closure}(Object(Illuminate/Http/Request))
#27 E:/1KERJAAN/Telisik Studio/Dashboard HSE/hse-dashboard/hse-backend/vendor/laravel/framework/src/Illuminate/Pipeline/Pipeline.php(209): Illuminate/Http/Middleware/ValidatePostSize->handle(Object(Illuminate/Http/Request), Object(Closure))
#28 E:/1KERJAAN/Telisik Studio/Dashboard HSE/hse-dashboard/hse-backend/vendor/laravel/framework/src/Illuminate/Foundation/Http/Middleware/PreventRequestsDuringMaintenance.php(110): Illuminate/Pipeline/Pipeline->Illuminate/Pipeline/{closure}(Object(Illuminate/Http/Request))
#29 E:/1KERJAAN/Telisik Studio/Dashboard HSE/hse-dashboard/hse-backend/vendor/laravel/framework/src/Illuminate/Pipeline/Pipeline.php(209): Illuminate/Foundation/Http/Middleware/PreventRequestsDuringMaintenance->handle(Object(Illuminate/Http/Request), Object(Closure))
#30 E:/1KERJAAN/Telisik Studio/Dashboard HSE/hse-dashboard/hse-backend/vendor/laravel/framework/src/Illuminate/Http/Middleware/HandleCors.php(62): Illuminate/Pipeline/Pipeline->Illuminate/Pipeline/{closure}(Object(Illuminate/Http/Request))
#31 E:/1KERJAAN/Telisik Studio/Dashboard HSE/hse-dashboard/hse-backend/vendor/laravel/framework/src/Illuminate/Pipeline/Pipeline.php(209): Illuminate/Http/Middleware/HandleCors->handle(Object(Illuminate/Http/Request), Object(Closure))
#32 E:/1KERJAAN/Telisik Studio/Dashboard HSE/hse-dashboard/hse-backend/vendor/laravel/framework/src/Illuminate/Http/Middleware/TrustProxies.php(58): Illuminate/Pipeline/Pipeline->Illuminate/Pipeline/{closure}(Object(Illuminate/Http/Request))
#33 E:/1KERJAAN/Telisik Studio/Dashboard HSE/hse-dashboard/hse-backend/vendor/laravel/framework/src/Illuminate/Pipeline/Pipeline.php(209): Illuminate/Http/Middleware/TrustProxies->handle(Object(Illuminate/Http/Request), Object(Closure))
#34 E:/1KERJAAN/Telisik Studio/Dashboard HSE/hse-dashboard/hse-backend/vendor/laravel/framework/src/Illuminate/Foundation/Http/Middleware/InvokeDeferredCallbacks.php(22): Illuminate/Pipeline/Pipeline->Illuminate/Pipeline/{closure}(Object(Illuminate/Http/Request))
#35 E:/1KERJAAN/Telisik Studio/Dashboard HSE/hse-dashboard/hse-backend/vendor/laravel/framework/src/Illuminate/Pipeline/Pipeline.php(209): Illuminate/Foundation/Http/Middleware/InvokeDeferredCallbacks->handle(Object(Illuminate/Http/Request), Object(Closure))
#36 E:/1KERJAAN/Telisik Studio/Dashboard HSE/hse-dashboard/hse-backend/vendor/laravel/framework/src/Illuminate/Pipeline/Pipeline.php(127): Illuminate/Pipeline/Pipeline->Illuminate/Pipeline/{closure}(Object(Illuminate/Http/Request))
#37 E:/1KERJAAN/Telisik Studio/Dashboard HSE/hse-dashboard/hse-backend/vendor/laravel/framework/src/Illuminate/Foundation/Http/Kernel.php(176): Illuminate/Pipeline/Pipeline->then(Object(Closure))
#38 E:/1KERJAAN/Telisik Studio/Dashboard HSE/hse-dashboard/hse-backend/vendor/laravel/framework/src/Illuminate/Foundation/Http/Kernel.php(145): Illuminate/Foundation/Http/Kernel->sendRequestThroughRouter(Object(Illuminate/Http/Request))
#39 E:/1KERJAAN/Telisik Studio/Dashboard HSE/hse-dashboard/hse-backend/vendor/laravel/framework/src/Illuminate/Foundation/Application.php(1220): Illuminate/Foundation/Http/Kernel->handle(Object(Illuminate/Http/Request))
#40 E:/1KERJAAN/Telisik Studio/Dashboard HSE/hse-dashboard/hse-backend/public/index.php(17): Illuminate/Foundation/Application->handleRequest(Object(Illuminate/Http/Request))
#41 E:/1KERJAAN/Telisik Studio/Dashboard HSE/hse-dashboard/hse-backend/vendor/laravel/framework/src/Illuminate/Foundation/resources/server.php(23): require_once('E://1KERJAAN//Tel...')
#42 {main}
"} 
[2026-08-04 17:44:58] local.ERROR: Call to undefined method Illuminate\Database\Eloquent\Builder::query() {"userId":1,"exception":"[object] (BadMethodCallException(code: 0): Call to undefined method Illuminate\\Database\\Eloquent\\Builder::query() at E:/1KERJAAN/Telisik Studio/Dashboard HSE/hse-dashboard/hse-backend/vendor/laravel/framework/src/Illuminate/Support/Traits/ForwardsCalls.php:67)
[stacktrace]
#0 E:/1KERJAAN/Telisik Studio/Dashboard HSE/hse-dashboard/hse-backend/vendor/laravel/framework/src/Illuminate/Support/Traits/ForwardsCalls.php(36): Illuminate/Database/Eloquent/Builder::throwBadMethodCallException('query')
#1 E:/1KERJAAN/Telisik Studio/Dashboard HSE/hse-dashboard/hse-backend/vendor/laravel/framework/src/Illuminate/Database/Eloquent/Builder.php(2123): Illuminate/Database/Eloquent/Builder->forwardCallTo(Object(Illuminate/Database/Query/Builder), 'query', Array)
#2 E:/1KERJAAN/Telisik Studio/Dashboard HSE/hse-dashboard/hse-backend/app/Http/Controllers/Api/PermitController.php(23): Illuminate/Database/Eloquent/Builder->__call('query', Array)
#3 E:/1KERJAAN/Telisik Studio/Dashboard HSE/hse-dashboard/hse-backend/vendor/laravel/framework/src/Illuminate/Routing/ControllerDispatcher.php(47): App/Http/Controllers/Api/PermitController->index(Object(Illuminate/Http/Request))
#4 E:/1KERJAAN/Telisik Studio/Dashboard HSE/hse-dashboard/hse-backend/vendor/laravel/framework/src/Illuminate/Routing/Route.php(266): Illuminate/Routing/ControllerDispatcher->dispatch(Object(Illuminate/Routing/Route), Object(App/Http/Controllers/Api/PermitController), 'index')
#5 E:/1KERJAAN/Telisik Studio/Dashboard HSE/hse-dashboard/hse-backend/vendor/laravel/framework/src/Illuminate/Routing/Route.php(212): Illuminate/Routing/Route->runController()
#6 E:/1KERJAAN/Telisik Studio/Dashboard HSE/hse-dashboard/hse-backend/vendor/laravel/framework/src/Illuminate/Routing/Router.php(808): Illuminate/Routing/Route->run()
#7 E:/1KERJAAN/Telisik Studio/Dashboard HSE/hse-dashboard/hse-backend/vendor/laravel/framework/src/Illuminate/Pipeline/Pipeline.php(170): Illuminate/Routing/Router->Illuminate/Routing/{closure}(Object(Illuminate/Http/Request))
#8 E:/1KERJAAN/Telisik Studio/Dashboard HSE/hse-dashboard/hse-backend/app/Http/Middleware/EnsureAnyPermission.php(26): Illuminate/Pipeline/Pipeline->Illuminate/Pipeline/{closure}(Object(Illuminate/Http/Request))
#9 E:/1KERJAAN/Telisik Studio/Dashboard HSE/hse-dashboard/hse-backend/vendor/laravel/framework/src/Illuminate/Pipeline/Pipeline.php(209): App/Http/Middleware/EnsureAnyPermission->handle(Object(Illuminate/Http/Request), Object(Closure), 'permits', 'permits_own')
#10 E:/1KERJAAN/Telisik Studio/Dashboard HSE/hse-dashboard/hse-backend/vendor/laravel/framework/src/Illuminate/Routing/Middleware/SubstituteBindings.php(51): Illuminate/Pipeline/Pipeline->Illuminate/Pipeline/{closure}(Object(Illuminate/Http/Request))
#11 E:/1KERJAAN/Telisik Studio/Dashboard HSE/hse-dashboard/hse-backend/vendor/laravel/framework/src/Illuminate/Pipeline/Pipeline.php(209): Illuminate/Routing/Middleware/SubstituteBindings->handle(Object(Illuminate/Http/Request), Object(Closure))
#12 E:/1KERJAAN/Telisik Studio/Dashboard HSE/hse-dashboard/hse-backend/vendor/laravel/framework/src/Illuminate/Auth/Middleware/Authenticate.php(64): Illuminate/Pipeline/Pipeline->Illuminate/Pipeline/{closure}(Object(Illuminate/Http/Request))
#13 E:/1KERJAAN/Telisik Studio/Dashboard HSE/hse-dashboard/hse-backend/vendor/laravel/framework/src/Illuminate/Pipeline/Pipeline.php(209): Illuminate/Auth/Middleware/Authenticate->handle(Object(Illuminate/Http/Request), Object(Closure), 'sanctum')
#14 E:/1KERJAAN/Telisik Studio/Dashboard HSE/hse-dashboard/hse-backend/vendor/laravel/sanctum/src/Http/Middleware/EnsureFrontendRequestsAreStateful.php(26): Illuminate/Pipeline/Pipeline->Illuminate/Pipeline/{closure}(Object(Illuminate/Http/Request))
#15 E:/1KERJAAN/Telisik Studio/Dashboard HSE/hse-dashboard/hse-backend/vendor/laravel/framework/src/Illuminate/Pipeline/Pipeline.php(170): Laravel/Sanctum/Http/Middleware/EnsureFrontendRequestsAreStateful->Laravel/Sanctum/Http/Middleware/{closure}(Object(Illuminate/Http/Request))
#16 E:/1KERJAAN/Telisik Studio/Dashboard HSE/hse-dashboard/hse-backend/vendor/laravel/sanctum/src/Http/Middleware/AuthenticateSession.php(60): Illuminate/Pipeline/Pipeline->Illuminate/Pipeline/{closure}(Object(Illuminate/Http/Request))
#17 E:/1KERJAAN/Telisik Studio/Dashboard HSE/hse-dashboard/hse-backend/vendor/laravel/framework/src/Illuminate/Pipeline/Pipeline.php(209): Laravel/Sanctum/Http/Middleware/AuthenticateSession->handle(Object(Illuminate/Http/Request), Object(Closure))
#18 E:/1KERJAAN/Telisik Studio/Dashboard HSE/hse-dashboard/hse-backend/vendor/laravel/framework/src/Illuminate/Foundation/Http/Middleware/VerifyCsrfToken.php(88): Illuminate/Pipeline/Pipeline->Illuminate/Pipeline/{closure}(Object(Illuminate/Http/Request))
#19 E:/1KERJAAN/Telisik Studio/Dashboard HSE/hse-dashboard/hse-backend/vendor/laravel/framework/src/Illuminate/Pipeline/Pipeline.php(209): Illuminate/Foundation/Http/Middleware/VerifyCsrfToken->handle(Object(Illuminate/Http/Request), Object(Closure))
#20 E:/1KERJAAN/Telisik Studio/Dashboard HSE/hse-dashboard/hse-backend/vendor/laravel/framework/src/Illuminate/Session/Middleware/StartSession.php(121): Illuminate/Pipeline/Pipeline->Illuminate/Pipeline/{closure}(Object(Illuminate/Http/Request))
#21 E:/1KERJAAN/Telisik Studio/Dashboard HSE/hse-dashboard/hse-backend/vendor/laravel/framework/src/Illuminate/Session/Middleware/StartSession.php(64): Illuminate/Session/Middleware/StartSession->handleStatefulRequest(Object(Illuminate/Http/Request), Object(Illuminate/Session/Store), Object(Closure))
#22 E:/1KERJAAN/Telisik Studio/Dashboard HSE/hse-dashboard/hse-backend/vendor/laravel/framework/src/Illuminate/Pipeline/Pipeline.php(209): Illuminate/Session/Middleware/StartSession->handle(Object(Illuminate/Http/Request), Object(Closure))
#23 E:/1KERJAAN/Telisik Studio/Dashboard HSE/hse-dashboard/hse-backend/vendor/laravel/framework/src/Illuminate/Cookie/Middleware/AddQueuedCookiesToResponse.php(37): Illuminate/Pipeline/Pipeline->Illuminate/Pipeline/{closure}(Object(Illuminate/Http/Request))
#24 E:/1KERJAAN/Telisik Studio/Dashboard HSE/hse-dashboard/hse-backend/vendor/laravel/framework/src/Illuminate/Pipeline/Pipeline.php(209): Illuminate/Cookie/Middleware/AddQueuedCookiesToResponse->handle(Object(Illuminate/Http/Request), Object(Closure))
#25 E:/1KERJAAN/Telisik Studio/Dashboard HSE/hse-dashboard/hse-backend/vendor/laravel/framework/src/Illuminate/Cookie/Middleware/EncryptCookies.php(75): Illuminate/Pipeline/Pipeline->Illuminate/Pipeline/{closure}(Object(Illuminate/Http/Request))
#26 E:/1KERJAAN/Telisik Studio/Dashboard HSE/hse-dashboard/hse-backend/vendor/laravel/framework/src/Illuminate/Pipeline/Pipeline.php(209): Illuminate/Cookie/Middleware/EncryptCookies->handle(Object(Illuminate/Http/Request), Object(Closure))
#27 E:/1KERJAAN/Telisik Studio/Dashboard HSE/hse-dashboard/hse-backend/vendor/laravel/sanctum/src/Http/Middleware/EnsureFrontendRequestsAreStateful.php(61): Illuminate/Pipeline/Pipeline->Illuminate/Pipeline/{closure}(Object(Illuminate/Http/Request))
#28 E:/1KERJAAN/Telisik Studio/Dashboard HSE/hse-dashboard/hse-backend/vendor/laravel/framework/src/Illuminate/Pipeline/Pipeline.php(191): Laravel/Sanctum/Http/Middleware/EnsureFrontendRequestsAreStateful->Laravel/Sanctum/Http/Middleware/{closure}(Object(Illuminate/Http/Request), Object(Closure))
#29 E:/1KERJAAN/Telisik Studio/Dashboard HSE/hse-dashboard/hse-backend/vendor/laravel/framework/src/Illuminate/Pipeline/Pipeline.php(127): Illuminate/Pipeline/Pipeline->Illuminate/Pipeline/{closure}(Object(Illuminate/Http/Request))
#30 E:/1KERJAAN/Telisik Studio/Dashboard HSE/hse-dashboard/hse-backend/vendor/laravel/sanctum/src/Http/Middleware/EnsureFrontendRequestsAreStateful.php(25): Illuminate/Pipeline/Pipeline->then(Object(Closure))
#31 E:/1KERJAAN/Telisik Studio/Dashboard HSE/hse-dashboard/hse-backend/vendor/laravel/framework/src/Illuminate/Pipeline/Pipeline.php(209): Laravel/Sanctum/Http/Middleware/EnsureFrontendRequestsAreStateful->handle(Object(Illuminate/Http/Request), Object(Closure))
#32 E:/1KERJAAN/Telisik Studio/Dashboard HSE/hse-dashboard/hse-backend/vendor/laravel/framework/src/Illuminate/Pipeline/Pipeline.php(127): Illuminate/Pipeline/Pipeline->Illuminate/Pipeline/{closure}(Object(Illuminate/Http/Request))
#33 E:/1KERJAAN/Telisik Studio/Dashboard HSE/hse-dashboard/hse-backend/vendor/laravel/framework/src/Illuminate/Routing/Router.php(807): Illuminate/Pipeline/Pipeline->then(Object(Closure))
#34 E:/1KERJAAN/Telisik Studio/Dashboard HSE/hse-dashboard/hse-backend/vendor/laravel/framework/src/Illuminate/Routing/Router.php(786): Illuminate/Routing/Router->runRouteWithinStack(Object(Illuminate/Routing/Route), Object(Illuminate/Http/Request))
#35 E:/1KERJAAN/Telisik Studio/Dashboard HSE/hse-dashboard/hse-backend/vendor/laravel/framework/src/Illuminate/Routing/Router.php(750): Illuminate/Routing/Router->runRoute(Object(Illuminate/Http/Request), Object(Illuminate/Routing/Route))
#36 E:/1KERJAAN/Telisik Studio/Dashboard HSE/hse-dashboard/hse-backend/vendor/laravel/framework/src/Illuminate/Routing/Router.php(739): Illuminate/Routing/Router->dispatchToRoute(Object(Illuminate/Http/Request))
#37 E:/1KERJAAN/Telisik Studio/Dashboard HSE/hse-dashboard/hse-backend/vendor/laravel/framework/src/Illuminate/Foundation/Http/Kernel.php(201): Illuminate/Routing/Router->dispatch(Object(Illuminate/Http/Request))
#38 E:/1KERJAAN/Telisik Studio/Dashboard HSE/hse-dashboard/hse-backend/vendor/laravel/framework/src/Illuminate/Pipeline/Pipeline.php(170): Illuminate/Foundation/Http/Kernel->Illuminate/Foundation/Http/{closure}(Object(Illuminate/Http/Request))
#39 E:/1KERJAAN/Telisik Studio/Dashboard HSE/hse-dashboard/hse-backend/vendor/laravel/framework/src/Illuminate/Foundation/Http/Middleware/TransformsRequest.php(21): Illuminate/Pipeline/Pipeline->Illuminate/Pipeline/{closure}(Object(Illuminate/Http/Request))
#40 E:/1KERJAAN/Telisik Studio/Dashboard HSE/hse-dashboard/hse-backend/vendor/laravel/framework/src/Illuminate/Foundation/Http/Middleware/ConvertEmptyStringsToNull.php(31): Illuminate/Foundation/Http/Middleware/TransformsRequest->handle(Object(Illuminate/Http/Request), Object(Closure))
#41 E:/1KERJAAN/Telisik Studio/Dashboard HSE/hse-dashboard/hse-backend/vendor/laravel/framework/src/Illuminate/Pipeline/Pipeline.php(209): Illuminate/Foundation/Http/Middleware/ConvertEmptyStringsToNull->handle(Object(Illuminate/Http/Request), Object(Closure))
#42 E:/1KERJAAN/Telisik Studio/Dashboard HSE/hse-dashboard/hse-backend/vendor/laravel/framework/src/Illuminate/Foundation/Http/Middleware/TransformsRequest.php(21): Illuminate/Pipeline/Pipeline->Illuminate/Pipeline/{closure}(Object(Illuminate/Http/Request))
#43 E:/1KERJAAN/Telisik Studio/Dashboard HSE/hse-dashboard/hse-backend/vendor/laravel/framework/src/Illuminate/Foundation/Http/Middleware/TrimStrings.php(51): Illuminate/Foundation/Http/Middleware/TransformsRequest->handle(Object(Illuminate/Http/Request), Object(Closure))
#44 E:/1KERJAAN/Telisik Studio/Dashboard HSE/hse-dashboard/hse-backend/vendor/laravel/framework/src/Illuminate/Pipeline/Pipeline.php(209): Illuminate/Foundation/Http/Middleware/TrimStrings->handle(Object(Illuminate/Http/Request), Object(Closure))
#45 E:/1KERJAAN/Telisik Studio/Dashboard HSE/hse-dashboard/hse-backend/vendor/laravel/framework/src/Illuminate/Http/Middleware/ValidatePostSize.php(27): Illuminate/Pipeline/Pipeline->Illuminate/Pipeline/{closure}(Object(Illuminate/Http/Request))
#46 E:/1KERJAAN/Telisik Studio/Dashboard HSE/hse-dashboard/hse-backend/vendor/laravel/framework/src/Illuminate/Pipeline/Pipeline.php(209): Illuminate/Http/Middleware/ValidatePostSize->handle(Object(Illuminate/Http/Request), Object(Closure))
#47 E:/1KERJAAN/Telisik Studio/Dashboard HSE/hse-dashboard/hse-backend/vendor/laravel/framework/src/Illuminate/Foundation/Http/Middleware/PreventRequestsDuringMaintenance.php(110): Illuminate/Pipeline/Pipeline->Illuminate/Pipeline/{closure}(Object(Illuminate/Http/Request))
#48 E:/1KERJAAN/Telisik Studio/Dashboard HSE/hse-dashboard/hse-backend/vendor/laravel/framework/src/Illuminate/Pipeline/Pipeline.php(209): Illuminate/Foundation/Http/Middleware/PreventRequestsDuringMaintenance->handle(Object(Illuminate/Http/Request), Object(Closure))
#49 E:/1KERJAAN/Telisik Studio/Dashboard HSE/hse-dashboard/hse-backend/vendor/laravel/framework/src/Illuminate/Http/Middleware/HandleCors.php(62): Illuminate/Pipeline/Pipeline->Illuminate/Pipeline/{closure}(Object(Illuminate/Http/Request))
#50 E:/1KERJAAN/Telisik Studio/Dashboard HSE/hse-dashboard/hse-backend/vendor/laravel/framework/src/Illuminate/Pipeline/Pipeline.php(209): Illuminate/Http/Middleware/HandleCors->handle(Object(Illuminate/Http/Request), Object(Closure))
#51 E:/1KERJAAN/Telisik Studio/Dashboard HSE/hse-dashboard/hse-backend/vendor/laravel/framework/src/Illuminate/Http/Middleware/TrustProxies.php(58): Illuminate/Pipeline/Pipeline->Illuminate/Pipeline/{closure}(Object(Illuminate/Http/Request))
#52 E:/1KERJAAN/Telisik Studio/Dashboard HSE/hse-dashboard/hse-backend/vendor/laravel/framework/src/Illuminate/Pipeline/Pipeline.php(209): Illuminate/Http/Middleware/TrustProxies->handle(Object(Illuminate/Http/Request), Object(Closure))
#53 E:/1KERJAAN/Telisik Studio/Dashboard HSE/hse-dashboard/hse-backend/vendor/laravel/framework/src/Illuminate/Foundation/Http/Middleware/InvokeDeferredCallbacks.php(22): Illuminate/Pipeline/Pipeline->Illuminate/Pipeline/{closure}(Object(Illuminate/Http/Request))
#54 E:/1KERJAAN/Telisik Studio/Dashboard HSE/hse-dashboard/hse-backend/vendor/laravel/framework/src/Illuminate/Pipeline/Pipeline.php(209): Illuminate/Foundation/Http/Middleware/InvokeDeferredCallbacks->handle(Object(Illuminate/Http/Request), Object(Closure))
#55 E:/1KERJAAN/Telisik Studio/Dashboard HSE/hse-dashboard/hse-backend/vendor/laravel/framework/src/Illuminate/Pipeline/Pipeline.php(127): Illuminate/Pipeline/Pipeline->Illuminate/Pipeline/{closure}(Object(Illuminate/Http/Request))
#56 E:/1KERJAAN/Telisik Studio/Dashboard HSE/hse-dashboard/hse-backend/vendor/laravel/framework/src/Illuminate/Foundation/Http/Kernel.php(176): Illuminate/Pipeline/Pipeline->then(Object(Closure))
#57 E:/1KERJAAN/Telisik Studio/Dashboard HSE/hse-dashboard/hse-backend/vendor/laravel/framework/src/Illuminate/Foundation/Http/Kernel.php(145): Illuminate/Foundation/Http/Kernel->sendRequestThroughRouter(Object(Illuminate/Http/Request))
#58 E:/1KERJAAN/Telisik Studio/Dashboard HSE/hse-dashboard/hse-backend/vendor/laravel/framework/src/Illuminate/Foundation/Application.php(1220): Illuminate/Foundation/Http/Kernel->handle(Object(Illuminate/Http/Request))
#59 E:/1KERJAAN/Telisik Studio/Dashboard HSE/hse-dashboard/hse-backend/public/index.php(17): Illuminate/Foundation/Application->handleRequest(Object(Illuminate/Http/Request))
#60 E:/1KERJAAN/Telisik Studio/Dashboard HSE/hse-dashboard/hse-backend/vendor/laravel/framework/src/Illuminate/Foundation/resources/server.php(23): require_once('E://1KERJAAN//Tel...')
#61 {main}
"} 
[2026-08-04 17:45:02] local.ERROR: Call to undefined method Illuminate\Database\Eloquent\Builder::query() {"userId":1,"exception":"[object] (BadMethodCallException(code: 0): Call to undefined method Illuminate\\Database\\Eloquent\\Builder::query() at E:/1KERJAAN/Telisik Studio/Dashboard HSE/hse-dashboard/hse-backend/vendor/laravel/framework/src/Illuminate/Support/Traits/ForwardsCalls.php:67)
[stacktrace]
#0 E:/1KERJAAN/Telisik Studio/Dashboard HSE/hse-dashboard/hse-backend/vendor/laravel/framework/src/Illuminate/Support/Traits/ForwardsCalls.php(36): Illuminate/Database/Eloquent/Builder::throwBadMethodCallException('query')
#1 E:/1KERJAAN/Telisik Studio/Dashboard HSE/hse-dashboard/hse-backend/vendor/laravel/framework/src/Illuminate/Database/Eloquent/Builder.php(2123): Illuminate/Database/Eloquent/Builder->forwardCallTo(Object(Illuminate/Database/Query/Builder), 'query', Array)
#2 E:/1KERJAAN/Telisik Studio/Dashboard HSE/hse-dashboard/hse-backend/app/Http/Controllers/Api/PermitController.php(23): Illuminate/Database/Eloquent/Builder->__call('query', Array)
#3 E:/1KERJAAN/Telisik Studio/Dashboard HSE/hse-dashboard/hse-backend/vendor/laravel/framework/src/Illuminate/Routing/ControllerDispatcher.php(47): App/Http/Controllers/Api/PermitController->index(Object(Illuminate/Http/Request))
#4 E:/1KERJAAN/Telisik Studio/Dashboard HSE/hse-dashboard/hse-backend/vendor/laravel/framework/src/Illuminate/Routing/Route.php(266): Illuminate/Routing/ControllerDispatcher->dispatch(Object(Illuminate/Routing/Route), Object(App/Http/Controllers/Api/PermitController), 'index')
#5 E:/1KERJAAN/Telisik Studio/Dashboard HSE/hse-dashboard/hse-backend/vendor/laravel/framework/src/Illuminate/Routing/Route.php(212): Illuminate/Routing/Route->runController()
#6 E:/1KERJAAN/Telisik Studio/Dashboard HSE/hse-dashboard/hse-backend/vendor/laravel/framework/src/Illuminate/Routing/Router.php(808): Illuminate/Routing/Route->run()
#7 E:/1KERJAAN/Telisik Studio/Dashboard HSE/hse-dashboard/hse-backend/vendor/laravel/framework/src/Illuminate/Pipeline/Pipeline.php(170): Illuminate/Routing/Router->Illuminate/Routing/{closure}(Object(Illuminate/Http/Request))
#8 E:/1KERJAAN/Telisik Studio/Dashboard HSE/hse-dashboard/hse-backend/app/Http/Middleware/EnsureAnyPermission.php(26): Illuminate/Pipeline/Pipeline->Illuminate/Pipeline/{closure}(Object(Illuminate/Http/Request))
#9 E:/1KERJAAN/Telisik Studio/Dashboard HSE/hse-dashboard/hse-backend/vendor/laravel/framework/src/Illuminate/Pipeline/Pipeline.php(209): App/Http/Middleware/EnsureAnyPermission->handle(Object(Illuminate/Http/Request), Object(Closure), 'permits', 'permits_own')
#10 E:/1KERJAAN/Telisik Studio/Dashboard HSE/hse-dashboard/hse-backend/vendor/laravel/framework/src/Illuminate/Routing/Middleware/SubstituteBindings.php(51): Illuminate/Pipeline/Pipeline->Illuminate/Pipeline/{closure}(Object(Illuminate/Http/Request))
#11 E:/1KERJAAN/Telisik Studio/Dashboard HSE/hse-dashboard/hse-backend/vendor/laravel/framework/src/Illuminate/Pipeline/Pipeline.php(209): Illuminate/Routing/Middleware/SubstituteBindings->handle(Object(Illuminate/Http/Request), Object(Closure))
#12 E:/1KERJAAN/Telisik Studio/Dashboard HSE/hse-dashboard/hse-backend/vendor/laravel/framework/src/Illuminate/Auth/Middleware/Authenticate.php(64): Illuminate/Pipeline/Pipeline->Illuminate/Pipeline/{closure}(Object(Illuminate/Http/Request))
#13 E:/1KERJAAN/Telisik Studio/Dashboard HSE/hse-dashboard/hse-backend/vendor/laravel/framework/src/Illuminate/Pipeline/Pipeline.php(209): Illuminate/Auth/Middleware/Authenticate->handle(Object(Illuminate/Http/Request), Object(Closure), 'sanctum')
#14 E:/1KERJAAN/Telisik Studio/Dashboard HSE/hse-dashboard/hse-backend/vendor/laravel/sanctum/src/Http/Middleware/EnsureFrontendRequestsAreStateful.php(26): Illuminate/Pipeline/Pipeline->Illuminate/Pipeline/{closure}(Object(Illuminate/Http/Request))
#15 E:/1KERJAAN/Telisik Studio/Dashboard HSE/hse-dashboard/hse-backend/vendor/laravel/framework/src/Illuminate/Pipeline/Pipeline.php(170): Laravel/Sanctum/Http/Middleware/EnsureFrontendRequestsAreStateful->Laravel/Sanctum/Http/Middleware/{closure}(Object(Illuminate/Http/Request))
#16 E:/1KERJAAN/Telisik Studio/Dashboard HSE/hse-dashboard/hse-backend/vendor/laravel/sanctum/src/Http/Middleware/AuthenticateSession.php(60): Illuminate/Pipeline/Pipeline->Illuminate/Pipeline/{closure}(Object(Illuminate/Http/Request))
#17 E:/1KERJAAN/Telisik Studio/Dashboard HSE/hse-dashboard/hse-backend/vendor/laravel/framework/src/Illuminate/Pipeline/Pipeline.php(209): Laravel/Sanctum/Http/Middleware/AuthenticateSession->handle(Object(Illuminate/Http/Request), Object(Closure))
#18 E:/1KERJAAN/Telisik Studio/Dashboard HSE/hse-dashboard/hse-backend/vendor/laravel/framework/src/Illuminate/Foundation/Http/Middleware/VerifyCsrfToken.php(88): Illuminate/Pipeline/Pipeline->Illuminate/Pipeline/{closure}(Object(Illuminate/Http/Request))
#19 E:/1KERJAAN/Telisik Studio/Dashboard HSE/hse-dashboard/hse-backend/vendor/laravel/framework/src/Illuminate/Pipeline/Pipeline.php(209): Illuminate/Foundation/Http/Middleware/VerifyCsrfToken->handle(Object(Illuminate/Http/Request), Object(Closure))
#20 E:/1KERJAAN/Telisik Studio/Dashboard HSE/hse-dashboard/hse-backend/vendor/laravel/framework/src/Illuminate/Session/Middleware/StartSession.php(121): Illuminate/Pipeline/Pipeline->Illuminate/Pipeline/{closure}(Object(Illuminate/Http/Request))
#21 E:/1KERJAAN/Telisik Studio/Dashboard HSE/hse-dashboard/hse-backend/vendor/laravel/framework/src/Illuminate/Session/Middleware/StartSession.php(64): Illuminate/Session/Middleware/StartSession->handleStatefulRequest(Object(Illuminate/Http/Request), Object(Illuminate/Session/Store), Object(Closure))
#22 E:/1KERJAAN/Telisik Studio/Dashboard HSE/hse-dashboard/hse-backend/vendor/laravel/framework/src/Illuminate/Pipeline/Pipeline.php(209): Illuminate/Session/Middleware/StartSession->handle(Object(Illuminate/Http/Request), Object(Closure))
#23 E:/1KERJAAN/Telisik Studio/Dashboard HSE/hse-dashboard/hse-backend/vendor/laravel/framework/src/Illuminate/Cookie/Middleware/AddQueuedCookiesToResponse.php(37): Illuminate/Pipeline/Pipeline->Illuminate/Pipeline/{closure}(Object(Illuminate/Http/Request))
#24 E:/1KERJAAN/Telisik Studio/Dashboard HSE/hse-dashboard/hse-backend/vendor/laravel/framework/src/Illuminate/Pipeline/Pipeline.php(209): Illuminate/Cookie/Middleware/AddQueuedCookiesToResponse->handle(Object(Illuminate/Http/Request), Object(Closure))
#25 E:/1KERJAAN/Telisik Studio/Dashboard HSE/hse-dashboard/hse-backend/vendor/laravel/framework/src/Illuminate/Cookie/Middleware/EncryptCookies.php(75): Illuminate/Pipeline/Pipeline->Illuminate/Pipeline/{closure}(Object(Illuminate/Http/Request))
#26 E:/1KERJAAN/Telisik Studio/Dashboard HSE/hse-dashboard/hse-backend/vendor/laravel/framework/src/Illuminate/Pipeline/Pipeline.php(209): Illuminate/Cookie/Middleware/EncryptCookies->handle(Object(Illuminate/Http/Request), Object(Closure))
#27 E:/1KERJAAN/Telisik Studio/Dashboard HSE/hse-dashboard/hse-backend/vendor/laravel/sanctum/src/Http/Middleware/EnsureFrontendRequestsAreStateful.php(61): Illuminate/Pipeline/Pipeline->Illuminate/Pipeline/{closure}(Object(Illuminate/Http/Request))
#28 E:/1KERJAAN/Telisik Studio/Dashboard HSE/hse-dashboard/hse-backend/vendor/laravel/framework/src/Illuminate/Pipeline/Pipeline.php(191): Laravel/Sanctum/Http/Middleware/EnsureFrontendRequestsAreStateful->Laravel/Sanctum/Http/Middleware/{closure}(Object(Illuminate/Http/Request), Object(Closure))
#29 E:/1KERJAAN/Telisik Studio/Dashboard HSE/hse-dashboard/hse-backend/vendor/laravel/framework/src/Illuminate/Pipeline/Pipeline.php(127): Illuminate/Pipeline/Pipeline->Illuminate/Pipeline/{closure}(Object(Illuminate/Http/Request))
#30 E:/1KERJAAN/Telisik Studio/Dashboard HSE/hse-dashboard/hse-backend/vendor/laravel/sanctum/src/Http/Middleware/EnsureFrontendRequestsAreStateful.php(25): Illuminate/Pipeline/Pipeline->then(Object(Closure))
#31 E:/1KERJAAN/Telisik Studio/Dashboard HSE/hse-dashboard/hse-backend/vendor/laravel/framework/src/Illuminate/Pipeline/Pipeline.php(209): Laravel/Sanctum/Http/Middleware/EnsureFrontendRequestsAreStateful->handle(Object(Illuminate/Http/Request), Object(Closure))
#32 E:/1KERJAAN/Telisik Studio/Dashboard HSE/hse-dashboard/hse-backend/vendor/laravel/framework/src/Illuminate/Pipeline/Pipeline.php(127): Illuminate/Pipeline/Pipeline->Illuminate/Pipeline/{closure}(Object(Illuminate/Http/Request))
#33 E:/1KERJAAN/Telisik Studio/Dashboard HSE/hse-dashboard/hse-backend/vendor/laravel/framework/src/Illuminate/Routing/Router.php(807): Illuminate/Pipeline/Pipeline->then(Object(Closure))
#34 E:/1KERJAAN/Telisik Studio/Dashboard HSE/hse-dashboard/hse-backend/vendor/laravel/framework/src/Illuminate/Routing/Router.php(786): Illuminate/Routing/Router->runRouteWithinStack(Object(Illuminate/Routing/Route), Object(Illuminate/Http/Request))
#35 E:/1KERJAAN/Telisik Studio/Dashboard HSE/hse-dashboard/hse-backend/vendor/laravel/framework/src/Illuminate/Routing/Router.php(750): Illuminate/Routing/Router->runRoute(Object(Illuminate/Http/Request), Object(Illuminate/Routing/Route))
#36 E:/1KERJAAN/Telisik Studio/Dashboard HSE/hse-dashboard/hse-backend/vendor/laravel/framework/src/Illuminate/Routing/Router.php(739): Illuminate/Routing/Router->dispatchToRoute(Object(Illuminate/Http/Request))
#37 E:/1KERJAAN/Telisik Studio/Dashboard HSE/hse-dashboard/hse-backend/vendor/laravel/framework/src/Illuminate/Foundation/Http/Kernel.php(201): Illuminate/Routing/Router->dispatch(Object(Illuminate/Http/Request))
#38 E:/1KERJAAN/Telisik Studio/Dashboard HSE/hse-dashboard/hse-backend/vendor/laravel/framework/src/Illuminate/Pipeline/Pipeline.php(170): Illuminate/Foundation/Http/Kernel->Illuminate/Foundation/Http/{closure}(Object(Illuminate/Http/Request))
#39 E:/1KERJAAN/Telisik Studio/Dashboard HSE/hse-dashboard/hse-backend/vendor/laravel/framework/src/Illuminate/Foundation/Http/Middleware/TransformsRequest.php(21): Illuminate/Pipeline/Pipeline->Illuminate/Pipeline/{closure}(Object(Illuminate/Http/Request))
#40 E:/1KERJAAN/Telisik Studio/Dashboard HSE/hse-dashboard/hse-backend/vendor/laravel/framework/src/Illuminate/Foundation/Http/Middleware/ConvertEmptyStringsToNull.php(31): Illuminate/Foundation/Http/Middleware/TransformsRequest->handle(Object(Illuminate/Http/Request), Object(Closure))
#41 E:/1KERJAAN/Telisik Studio/Dashboard HSE/hse-dashboard/hse-backend/vendor/laravel/framework/src/Illuminate/Pipeline/Pipeline.php(209): Illuminate/Foundation/Http/Middleware/ConvertEmptyStringsToNull->handle(Object(Illuminate/Http/Request), Object(Closure))
#42 E:/1KERJAAN/Telisik Studio/Dashboard HSE/hse-dashboard/hse-backend/vendor/laravel/framework/src/Illuminate/Foundation/Http/Middleware/TransformsRequest.php(21): Illuminate/Pipeline/Pipeline->Illuminate/Pipeline/{closure}(Object(Illuminate/Http/Request))
#43 E:/1KERJAAN/Telisik Studio/Dashboard HSE/hse-dashboard/hse-backend/vendor/laravel/framework/src/Illuminate/Foundation/Http/Middleware/TrimStrings.php(51): Illuminate/Foundation/Http/Middleware/TransformsRequest->handle(Object(Illuminate/Http/Request), Object(Closure))
#44 E:/1KERJAAN/Telisik Studio/Dashboard HSE/hse-dashboard/hse-backend/vendor/laravel/framework/src/Illuminate/Pipeline/Pipeline.php(209): Illuminate/Foundation/Http/Middleware/TrimStrings->handle(Object(Illuminate/Http/Request), Object(Closure))
#45 E:/1KERJAAN/Telisik Studio/Dashboard HSE/hse-dashboard/hse-backend/vendor/laravel/framework/src/Illuminate/Http/Middleware/ValidatePostSize.php(27): Illuminate/Pipeline/Pipeline->Illuminate/Pipeline/{closure}(Object(Illuminate/Http/Request))
#46 E:/1KERJAAN/Telisik Studio/Dashboard HSE/hse-dashboard/hse-backend/vendor/laravel/framework/src/Illuminate/Pipeline/Pipeline.php(209): Illuminate/Http/Middleware/ValidatePostSize->handle(Object(Illuminate/Http/Request), Object(Closure))
#47 E:/1KERJAAN/Telisik Studio/Dashboard HSE/hse-dashboard/hse-backend/vendor/laravel/framework/src/Illuminate/Foundation/Http/Middleware/PreventRequestsDuringMaintenance.php(110): Illuminate/Pipeline/Pipeline->Illuminate/Pipeline/{closure}(Object(Illuminate/Http/Request))
#48 E:/1KERJAAN/Telisik Studio/Dashboard HSE/hse-dashboard/hse-backend/vendor/laravel/framework/src/Illuminate/Pipeline/Pipeline.php(209): Illuminate/Foundation/Http/Middleware/PreventRequestsDuringMaintenance->handle(Object(Illuminate/Http/Request), Object(Closure))
#49 E:/1KERJAAN/Telisik Studio/Dashboard HSE/hse-dashboard/hse-backend/vendor/laravel/framework/src/Illuminate/Http/Middleware/HandleCors.php(62): Illuminate/Pipeline/Pipeline->Illuminate/Pipeline/{closure}(Object(Illuminate/Http/Request))
#50 E:/1KERJAAN/Telisik Studio/Dashboard HSE/hse-dashboard/hse-backend/vendor/laravel/framework/src/Illuminate/Pipeline/Pipeline.php(209): Illuminate/Http/Middleware/HandleCors->handle(Object(Illuminate/Http/Request), Object(Closure))
#51 E:/1KERJAAN/Telisik Studio/Dashboard HSE/hse-dashboard/hse-backend/vendor/laravel/framework/src/Illuminate/Http/Middleware/TrustProxies.php(58): Illuminate/Pipeline/Pipeline->Illuminate/Pipeline/{closure}(Object(Illuminate/Http/Request))
#52 E:/1KERJAAN/Telisik Studio/Dashboard HSE/hse-dashboard/hse-backend/vendor/laravel/framework/src/Illuminate/Pipeline/Pipeline.php(209): Illuminate/Http/Middleware/TrustProxies->handle(Object(Illuminate/Http/Request), Object(Closure))
#53 E:/1KERJAAN/Telisik Studio/Dashboard HSE/hse-dashboard/hse-backend/vendor/laravel/framework/src/Illuminate/Foundation/Http/Middleware/InvokeDeferredCallbacks.php(22): Illuminate/Pipeline/Pipeline->Illuminate/Pipeline/{closure}(Object(Illuminate/Http/Request))
#54 E:/1KERJAAN/Telisik Studio/Dashboard HSE/hse-dashboard/hse-backend/vendor/laravel/framework/src/Illuminate/Pipeline/Pipeline.php(209): Illuminate/Foundation/Http/Middleware/InvokeDeferredCallbacks->handle(Object(Illuminate/Http/Request), Object(Closure))
#55 E:/1KERJAAN/Telisik Studio/Dashboard HSE/hse-dashboard/hse-backend/vendor/laravel/framework/src/Illuminate/Pipeline/Pipeline.php(127): Illuminate/Pipeline/Pipeline->Illuminate/Pipeline/{closure}(Object(Illuminate/Http/Request))
#56 E:/1KERJAAN/Telisik Studio/Dashboard HSE/hse-dashboard/hse-backend/vendor/laravel/framework/src/Illuminate/Foundation/Http/Kernel.php(176): Illuminate/Pipeline/Pipeline->then(Object(Closure))
#57 E:/1KERJAAN/Telisik Studio/Dashboard HSE/hse-dashboard/hse-backend/vendor/laravel/framework/src/Illuminate/Foundation/Http/Kernel.php(145): Illuminate/Foundation/Http/Kernel->sendRequestThroughRouter(Object(Illuminate/Http/Request))
#58 E:/1KERJAAN/Telisik Studio/Dashboard HSE/hse-dashboard/hse-backend/vendor/laravel/framework/src/Illuminate/Foundation/Application.php(1220): Illuminate/Foundation/Http/Kernel->handle(Object(Illuminate/Http/Request))
#59 E:/1KERJAAN/Telisik Studio/Dashboard HSE/hse-dashboard/hse-backend/public/index.php(17): Illuminate/Foundation/Application->handleRequest(Object(Illuminate/Http/Request))
#60 E:/1KERJAAN/Telisik Studio/Dashboard HSE/hse-dashboard/hse-backend/vendor/laravel/framework/src/Illuminate/Foundation/resources/server.php(23): require_once('E://1KERJAAN//Tel...')
#61 {main}
"} 
[2026-08-04 17:45:05] local.ERROR: Call to undefined method Illuminate\Database\Eloquent\Builder::query() {"userId":1,"exception":"[object] (BadMethodCallException(code: 0): Call to undefined method Illuminate\\Database\\Eloquent\\Builder::query() at E:/1KERJAAN/Telisik Studio/Dashboard HSE/hse-dashboard/hse-backend/vendor/laravel/framework/src/Illuminate/Support/Traits/ForwardsCalls.php:67)
[stacktrace]
#0 E:/1KERJAAN/Telisik Studio/Dashboard HSE/hse-dashboard/hse-backend/vendor/laravel/framework/src/Illuminate/Support/Traits/ForwardsCalls.php(36): Illuminate/Database/Eloquent/Builder::throwBadMethodCallException('query')
#1 E:/1KERJAAN/Telisik Studio/Dashboard HSE/hse-dashboard/hse-backend/vendor/laravel/framework/src/Illuminate/Database/Eloquent/Builder.php(2123): Illuminate/Database/Eloquent/Builder->forwardCallTo(Object(Illuminate/Database/Query/Builder), 'query', Array)
#2 E:/1KERJAAN/Telisik Studio/Dashboard HSE/hse-dashboard/hse-backend/app/Http/Controllers/Api/PermitController.php(23): Illuminate/Database/Eloquent/Builder->__call('query', Array)
#3 E:/1KERJAAN/Telisik Studio/Dashboard HSE/hse-dashboard/hse-backend/vendor/laravel/framework/src/Illuminate/Routing/ControllerDispatcher.php(47): App/Http/Controllers/Api/PermitController->index(Object(Illuminate/Http/Request))
#4 E:/1KERJAAN/Telisik Studio/Dashboard HSE/hse-dashboard/hse-backend/vendor/laravel/framework/src/Illuminate/Routing/Route.php(266): Illuminate/Routing/ControllerDispatcher->dispatch(Object(Illuminate/Routing/Route), Object(App/Http/Controllers/Api/PermitController), 'index')
#5 E:/1KERJAAN/Telisik Studio/Dashboard HSE/hse-dashboard/hse-backend/vendor/laravel/framework/src/Illuminate/Routing/Route.php(212): Illuminate/Routing/Route->runController()
#6 E:/1KERJAAN/Telisik Studio/Dashboard HSE/hse-dashboard/hse-backend/vendor/laravel/framework/src/Illuminate/Routing/Router.php(808): Illuminate/Routing/Route->run()
#7 E:/1KERJAAN/Telisik Studio/Dashboard HSE/hse-dashboard/hse-backend/vendor/laravel/framework/src/Illuminate/Pipeline/Pipeline.php(170): Illuminate/Routing/Router->Illuminate/Routing/{closure}(Object(Illuminate/Http/Request))
#8 E:/1KERJAAN/Telisik Studio/Dashboard HSE/hse-dashboard/hse-backend/app/Http/Middleware/EnsureAnyPermission.php(26): Illuminate/Pipeline/Pipeline->Illuminate/Pipeline/{closure}(Object(Illuminate/Http/Request))
#9 E:/1KERJAAN/Telisik Studio/Dashboard HSE/hse-dashboard/hse-backend/vendor/laravel/framework/src/Illuminate/Pipeline/Pipeline.php(209): App/Http/Middleware/EnsureAnyPermission->handle(Object(Illuminate/Http/Request), Object(Closure), 'permits', 'permits_own')
#10 E:/1KERJAAN/Telisik Studio/Dashboard HSE/hse-dashboard/hse-backend/vendor/laravel/framework/src/Illuminate/Routing/Middleware/SubstituteBindings.php(51): Illuminate/Pipeline/Pipeline->Illuminate/Pipeline/{closure}(Object(Illuminate/Http/Request))
#11 E:/1KERJAAN/Telisik Studio/Dashboard HSE/hse-dashboard/hse-backend/vendor/laravel/framework/src/Illuminate/Pipeline/Pipeline.php(209): Illuminate/Routing/Middleware/SubstituteBindings->handle(Object(Illuminate/Http/Request), Object(Closure))
#12 E:/1KERJAAN/Telisik Studio/Dashboard HSE/hse-dashboard/hse-backend/vendor/laravel/framework/src/Illuminate/Auth/Middleware/Authenticate.php(64): Illuminate/Pipeline/Pipeline->Illuminate/Pipeline/{closure}(Object(Illuminate/Http/Request))
#13 E:/1KERJAAN/Telisik Studio/Dashboard HSE/hse-dashboard/hse-backend/vendor/laravel/framework/src/Illuminate/Pipeline/Pipeline.php(209): Illuminate/Auth/Middleware/Authenticate->handle(Object(Illuminate/Http/Request), Object(Closure), 'sanctum')
#14 E:/1KERJAAN/Telisik Studio/Dashboard HSE/hse-dashboard/hse-backend/vendor/laravel/sanctum/src/Http/Middleware/EnsureFrontendRequestsAreStateful.php(26): Illuminate/Pipeline/Pipeline->Illuminate/Pipeline/{closure}(Object(Illuminate/Http/Request))
#15 E:/1KERJAAN/Telisik Studio/Dashboard HSE/hse-dashboard/hse-backend/vendor/laravel/framework/src/Illuminate/Pipeline/Pipeline.php(170): Laravel/Sanctum/Http/Middleware/EnsureFrontendRequestsAreStateful->Laravel/Sanctum/Http/Middleware/{closure}(Object(Illuminate/Http/Request))
#16 E:/1KERJAAN/Telisik Studio/Dashboard HSE/hse-dashboard/hse-backend/vendor/laravel/sanctum/src/Http/Middleware/AuthenticateSession.php(60): Illuminate/Pipeline/Pipeline->Illuminate/Pipeline/{closure}(Object(Illuminate/Http/Request))
#17 E:/1KERJAAN/Telisik Studio/Dashboard HSE/hse-dashboard/hse-backend/vendor/laravel/framework/src/Illuminate/Pipeline/Pipeline.php(209): Laravel/Sanctum/Http/Middleware/AuthenticateSession->handle(Object(Illuminate/Http/Request), Object(Closure))
#18 E:/1KERJAAN/Telisik Studio/Dashboard HSE/hse-dashboard/hse-backend/vendor/laravel/framework/src/Illuminate/Foundation/Http/Middleware/VerifyCsrfToken.php(88): Illuminate/Pipeline/Pipeline->Illuminate/Pipeline/{closure}(Object(Illuminate/Http/Request))
#19 E:/1KERJAAN/Telisik Studio/Dashboard HSE/hse-dashboard/hse-backend/vendor/laravel/framework/src/Illuminate/Pipeline/Pipeline.php(209): Illuminate/Foundation/Http/Middleware/VerifyCsrfToken->handle(Object(Illuminate/Http/Request), Object(Closure))
#20 E:/1KERJAAN/Telisik Studio/Dashboard HSE/hse-dashboard/hse-backend/vendor/laravel/framework/src/Illuminate/Session/Middleware/StartSession.php(121): Illuminate/Pipeline/Pipeline->Illuminate/Pipeline/{closure}(Object(Illuminate/Http/Request))
#21 E:/1KERJAAN/Telisik Studio/Dashboard HSE/hse-dashboard/hse-backend/vendor/laravel/framework/src/Illuminate/Session/Middleware/StartSession.php(64): Illuminate/Session/Middleware/StartSession->handleStatefulRequest(Object(Illuminate/Http/Request), Object(Illuminate/Session/Store), Object(Closure))
#22 E:/1KERJAAN/Telisik Studio/Dashboard HSE/hse-dashboard/hse-backend/vendor/laravel/framework/src/Illuminate/Pipeline/Pipeline.php(209): Illuminate/Session/Middleware/StartSession->handle(Object(Illuminate/Http/Request), Object(Closure))
#23 E:/1KERJAAN/Telisik Studio/Dashboard HSE/hse-dashboard/hse-backend/vendor/laravel/framework/src/Illuminate/Cookie/Middleware/AddQueuedCookiesToResponse.php(37): Illuminate/Pipeline/Pipeline->Illuminate/Pipeline/{closure}(Object(Illuminate/Http/Request))
#24 E:/1KERJAAN/Telisik Studio/Dashboard HSE/hse-dashboard/hse-backend/vendor/laravel/framework/src/Illuminate/Pipeline/Pipeline.php(209): Illuminate/Cookie/Middleware/AddQueuedCookiesToResponse->handle(Object(Illuminate/Http/Request), Object(Closure))
#25 E:/1KERJAAN/Telisik Studio/Dashboard HSE/hse-dashboard/hse-backend/vendor/laravel/framework/src/Illuminate/Cookie/Middleware/EncryptCookies.php(75): Illuminate/Pipeline/Pipeline->Illuminate/Pipeline/{closure}(Object(Illuminate/Http/Request))
#26 E:/1KERJAAN/Telisik Studio/Dashboard HSE/hse-dashboard/hse-backend/vendor/laravel/framework/src/Illuminate/Pipeline/Pipeline.php(209): Illuminate/Cookie/Middleware/EncryptCookies->handle(Object(Illuminate/Http/Request), Object(Closure))
#27 E:/1KERJAAN/Telisik Studio/Dashboard HSE/hse-dashboard/hse-backend/vendor/laravel/sanctum/src/Http/Middleware/EnsureFrontendRequestsAreStateful.php(61): Illuminate/Pipeline/Pipeline->Illuminate/Pipeline/{closure}(Object(Illuminate/Http/Request))
#28 E:/1KERJAAN/Telisik Studio/Dashboard HSE/hse-dashboard/hse-backend/vendor/laravel/framework/src/Illuminate/Pipeline/Pipeline.php(191): Laravel/Sanctum/Http/Middleware/EnsureFrontendRequestsAreStateful->Laravel/Sanctum/Http/Middleware/{closure}(Object(Illuminate/Http/Request), Object(Closure))
#29 E:/1KERJAAN/Telisik Studio/Dashboard HSE/hse-dashboard/hse-backend/vendor/laravel/framework/src/Illuminate/Pipeline/Pipeline.php(127): Illuminate/Pipeline/Pipeline->Illuminate/Pipeline/{closure}(Object(Illuminate/Http/Request))
#30 E:/1KERJAAN/Telisik Studio/Dashboard HSE/hse-dashboard/hse-backend/vendor/laravel/sanctum/src/Http/Middleware/EnsureFrontendRequestsAreStateful.php(25): Illuminate/Pipeline/Pipeline->then(Object(Closure))
#31 E:/1KERJAAN/Telisik Studio/Dashboard HSE/hse-dashboard/hse-backend/vendor/laravel/framework/src/Illuminate/Pipeline/Pipeline.php(209): Laravel/Sanctum/Http/Middleware/EnsureFrontendRequestsAreStateful->handle(Object(Illuminate/Http/Request), Object(Closure))
#32 E:/1KERJAAN/Telisik Studio/Dashboard HSE/hse-dashboard/hse-backend/vendor/laravel/framework/src/Illuminate/Pipeline/Pipeline.php(127): Illuminate/Pipeline/Pipeline->Illuminate/Pipeline/{closure}(Object(Illuminate/Http/Request))
#33 E:/1KERJAAN/Telisik Studio/Dashboard HSE/hse-dashboard/hse-backend/vendor/laravel/framework/src/Illuminate/Routing/Router.php(807): Illuminate/Pipeline/Pipeline->then(Object(Closure))
#34 E:/1KERJAAN/Telisik Studio/Dashboard HSE/hse-dashboard/hse-backend/vendor/laravel/framework/src/Illuminate/Routing/Router.php(786): Illuminate/Routing/Router->runRouteWithinStack(Object(Illuminate/Routing/Route), Object(Illuminate/Http/Request))
#35 E:/1KERJAAN/Telisik Studio/Dashboard HSE/hse-dashboard/hse-backend/vendor/laravel/framework/src/Illuminate/Routing/Router.php(750): Illuminate/Routing/Router->runRoute(Object(Illuminate/Http/Request), Object(Illuminate/Routing/Route))
#36 E:/1KERJAAN/Telisik Studio/Dashboard HSE/hse-dashboard/hse-backend/vendor/laravel/framework/src/Illuminate/Routing/Router.php(739): Illuminate/Routing/Router->dispatchToRoute(Object(Illuminate/Http/Request))
#37 E:/1KERJAAN/Telisik Studio/Dashboard HSE/hse-dashboard/hse-backend/vendor/laravel/framework/src/Illuminate/Foundation/Http/Kernel.php(201): Illuminate/Routing/Router->dispatch(Object(Illuminate/Http/Request))
#38 E:/1KERJAAN/Telisik Studio/Dashboard HSE/hse-dashboard/hse-backend/vendor/laravel/framework/src/Illuminate/Pipeline/Pipeline.php(170): Illuminate/Foundation/Http/Kernel->Illuminate/Foundation/Http/{closure}(Object(Illuminate/Http/Request))
#39 E:/1KERJAAN/Telisik Studio/Dashboard HSE/hse-dashboard/hse-backend/vendor/laravel/framework/src/Illuminate/Foundation/Http/Middleware/TransformsRequest.php(21): Illuminate/Pipeline/Pipeline->Illuminate/Pipeline/{closure}(Object(Illuminate/Http/Request))
#40 E:/1KERJAAN/Telisik Studio/Dashboard HSE/hse-dashboard/hse-backend/vendor/laravel/framework/src/Illuminate/Foundation/Http/Middleware/ConvertEmptyStringsToNull.php(31): Illuminate/Foundation/Http/Middleware/TransformsRequest->handle(Object(Illuminate/Http/Request), Object(Closure))
#41 E:/1KERJAAN/Telisik Studio/Dashboard HSE/hse-dashboard/hse-backend/vendor/laravel/framework/src/Illuminate/Pipeline/Pipeline.php(209): Illuminate/Foundation/Http/Middleware/ConvertEmptyStringsToNull->handle(Object(Illuminate/Http/Request), Object(Closure))
#42 E:/1KERJAAN/Telisik Studio/Dashboard HSE/hse-dashboard/hse-backend/vendor/laravel/framework/src/Illuminate/Foundation/Http/Middleware/TransformsRequest.php(21): Illuminate/Pipeline/Pipeline->Illuminate/Pipeline/{closure}(Object(Illuminate/Http/Request))
#43 E:/1KERJAAN/Telisik Studio/Dashboard HSE/hse-dashboard/hse-backend/vendor/laravel/framework/src/Illuminate/Foundation/Http/Middleware/TrimStrings.php(51): Illuminate/Foundation/Http/Middleware/TransformsRequest->handle(Object(Illuminate/Http/Request), Object(Closure))
#44 E:/1KERJAAN/Telisik Studio/Dashboard HSE/hse-dashboard/hse-backend/vendor/laravel/framework/src/Illuminate/Pipeline/Pipeline.php(209): Illuminate/Foundation/Http/Middleware/TrimStrings->handle(Object(Illuminate/Http/Request), Object(Closure))
#45 E:/1KERJAAN/Telisik Studio/Dashboard HSE/hse-dashboard/hse-backend/vendor/laravel/framework/src/Illuminate/Http/Middleware/ValidatePostSize.php(27): Illuminate/Pipeline/Pipeline->Illuminate/Pipeline/{closure}(Object(Illuminate/Http/Request))
#46 E:/1KERJAAN/Telisik Studio/Dashboard HSE/hse-dashboard/hse-backend/vendor/laravel/framework/src/Illuminate/Pipeline/Pipeline.php(209): Illuminate/Http/Middleware/ValidatePostSize->handle(Object(Illuminate/Http/Request), Object(Closure))
#47 E:/1KERJAAN/Telisik Studio/Dashboard HSE/hse-dashboard/hse-backend/vendor/laravel/framework/src/Illuminate/Foundation/Http/Middleware/PreventRequestsDuringMaintenance.php(110): Illuminate/Pipeline/Pipeline->Illuminate/Pipeline/{closure}(Object(Illuminate/Http/Request))
#48 E:/1KERJAAN/Telisik Studio/Dashboard HSE/hse-dashboard/hse-backend/vendor/laravel/framework/src/Illuminate/Pipeline/Pipeline.php(209): Illuminate/Foundation/Http/Middleware/PreventRequestsDuringMaintenance->handle(Object(Illuminate/Http/Request), Object(Closure))
#49 E:/1KERJAAN/Telisik Studio/Dashboard HSE/hse-dashboard/hse-backend/vendor/laravel/framework/src/Illuminate/Http/Middleware/HandleCors.php(62): Illuminate/Pipeline/Pipeline->Illuminate/Pipeline/{closure}(Object(Illuminate/Http/Request))
#50 E:/1KERJAAN/Telisik Studio/Dashboard HSE/hse-dashboard/hse-backend/vendor/laravel/framework/src/Illuminate/Pipeline/Pipeline.php(209): Illuminate/Http/Middleware/HandleCors->handle(Object(Illuminate/Http/Request), Object(Closure))
#51 E:/1KERJAAN/Telisik Studio/Dashboard HSE/hse-dashboard/hse-backend/vendor/laravel/framework/src/Illuminate/Http/Middleware/TrustProxies.php(58): Illuminate/Pipeline/Pipeline->Illuminate/Pipeline/{closure}(Object(Illuminate/Http/Request))
#52 E:/1KERJAAN/Telisik Studio/Dashboard HSE/hse-dashboard/hse-backend/vendor/laravel/framework/src/Illuminate/Pipeline/Pipeline.php(209): Illuminate/Http/Middleware/TrustProxies->handle(Object(Illuminate/Http/Request), Object(Closure))
#53 E:/1KERJAAN/Telisik Studio/Dashboard HSE/hse-dashboard/hse-backend/vendor/laravel/framework/src/Illuminate/Foundation/Http/Middleware/InvokeDeferredCallbacks.php(22): Illuminate/Pipeline/Pipeline->Illuminate/Pipeline/{closure}(Object(Illuminate/Http/Request))
#54 E:/1KERJAAN/Telisik Studio/Dashboard HSE/hse-dashboard/hse-backend/vendor/laravel/framework/src/Illuminate/Pipeline/Pipeline.php(209): Illuminate/Foundation/Http/Middleware/InvokeDeferredCallbacks->handle(Object(Illuminate/Http/Request), Object(Closure))
#55 E:/1KERJAAN/Telisik Studio/Dashboard HSE/hse-dashboard/hse-backend/vendor/laravel/framework/src/Illuminate/Pipeline/Pipeline.php(127): Illuminate/Pipeline/Pipeline->Illuminate/Pipeline/{closure}(Object(Illuminate/Http/Request))
#56 E:/1KERJAAN/Telisik Studio/Dashboard HSE/hse-dashboard/hse-backend/vendor/laravel/framework/src/Illuminate/Foundation/Http/Kernel.php(176): Illuminate/Pipeline/Pipeline->then(Object(Closure))
#57 E:/1KERJAAN/Telisik Studio/Dashboard HSE/hse-dashboard/hse-backend/vendor/laravel/framework/src/Illuminate/Foundation/Http/Kernel.php(145): Illuminate/Foundation/Http/Kernel->sendRequestThroughRouter(Object(Illuminate/Http/Request))
#58 E:/1KERJAAN/Telisik Studio/Dashboard HSE/hse-dashboard/hse-backend/vendor/laravel/framework/src/Illuminate/Foundation/Application.php(1220): Illuminate/Foundation/Http/Kernel->handle(Object(Illuminate/Http/Request))
#59 E:/1KERJAAN/Telisik Studio/Dashboard HSE/hse-dashboard/hse-backend/public/index.php(17): Illuminate/Foundation/Application->handleRequest(Object(Illuminate/Http/Request))
#60 E:/1KERJAAN/Telisik Studio/Dashboard HSE/hse-dashboard/hse-backend/vendor/laravel/framework/src/Illuminate/Foundation/resources/server.php(23): require_once('E://1KERJAAN//Tel...')
#61 {main}
"} 
[2026-08-04 17:45:06] local.ERROR: Call to undefined method Illuminate\Database\Eloquent\Builder::query() {"userId":1,"exception":"[object] (BadMethodCallException(code: 0): Call to undefined method Illuminate\\Database\\Eloquent\\Builder::query() at E:/1KERJAAN/Telisik Studio/Dashboard HSE/hse-dashboard/hse-backend/vendor/laravel/framework/src/Illuminate/Support/Traits/ForwardsCalls.php:67)
[stacktrace]
#0 E:/1KERJAAN/Telisik Studio/Dashboard HSE/hse-dashboard/hse-backend/vendor/laravel/framework/src/Illuminate/Support/Traits/ForwardsCalls.php(36): Illuminate/Database/Eloquent/Builder::throwBadMethodCallException('query')
#1 E:/1KERJAAN/Telisik Studio/Dashboard HSE/hse-dashboard/hse-backend/vendor/laravel/framework/src/Illuminate/Database/Eloquent/Builder.php(2123): Illuminate/Database/Eloquent/Builder->forwardCallTo(Object(Illuminate/Database/Query/Builder), 'query', Array)
#2 E:/1KERJAAN/Telisik Studio/Dashboard HSE/hse-dashboard/hse-backend/app/Http/Controllers/Api/PermitController.php(23): Illuminate/Database/Eloquent/Builder->__call('query', Array)
#3 E:/1KERJAAN/Telisik Studio/Dashboard HSE/hse-dashboard/hse-backend/vendor/laravel/framework/src/Illuminate/Routing/ControllerDispatcher.php(47): App/Http/Controllers/Api/PermitController->index(Object(Illuminate/Http/Request))
#4 E:/1KERJAAN/Telisik Studio/Dashboard HSE/hse-dashboard/hse-backend/vendor/laravel/framework/src/Illuminate/Routing/Route.php(266): Illuminate/Routing/ControllerDispatcher->dispatch(Object(Illuminate/Routing/Route), Object(App/Http/Controllers/Api/PermitController), 'index')
#5 E:/1KERJAAN/Telisik Studio/Dashboard HSE/hse-dashboard/hse-backend/vendor/laravel/framework/src/Illuminate/Routing/Route.php(212): Illuminate/Routing/Route->runController()
#6 E:/1KERJAAN/Telisik Studio/Dashboard HSE/hse-dashboard/hse-backend/vendor/laravel/framework/src/Illuminate/Routing/Router.php(808): Illuminate/Routing/Route->run()
#7 E:/1KERJAAN/Telisik Studio/Dashboard HSE/hse-dashboard/hse-backend/vendor/laravel/framework/src/Illuminate/Pipeline/Pipeline.php(170): Illuminate/Routing/Router->Illuminate/Routing/{closure}(Object(Illuminate/Http/Request))
#8 E:/1KERJAAN/Telisik Studio/Dashboard HSE/hse-dashboard/hse-backend/app/Http/Middleware/EnsureAnyPermission.php(26): Illuminate/Pipeline/Pipeline->Illuminate/Pipeline/{closure}(Object(Illuminate/Http/Request))
#9 E:/1KERJAAN/Telisik Studio/Dashboard HSE/hse-dashboard/hse-backend/vendor/laravel/framework/src/Illuminate/Pipeline/Pipeline.php(209): App/Http/Middleware/EnsureAnyPermission->handle(Object(Illuminate/Http/Request), Object(Closure), 'permits', 'permits_own')
#10 E:/1KERJAAN/Telisik Studio/Dashboard HSE/hse-dashboard/hse-backend/vendor/laravel/framework/src/Illuminate/Routing/Middleware/SubstituteBindings.php(51): Illuminate/Pipeline/Pipeline->Illuminate/Pipeline/{closure}(Object(Illuminate/Http/Request))
#11 E:/1KERJAAN/Telisik Studio/Dashboard HSE/hse-dashboard/hse-backend/vendor/laravel/framework/src/Illuminate/Pipeline/Pipeline.php(209): Illuminate/Routing/Middleware/SubstituteBindings->handle(Object(Illuminate/Http/Request), Object(Closure))
#12 E:/1KERJAAN/Telisik Studio/Dashboard HSE/hse-dashboard/hse-backend/vendor/laravel/framework/src/Illuminate/Auth/Middleware/Authenticate.php(64): Illuminate/Pipeline/Pipeline->Illuminate/Pipeline/{closure}(Object(Illuminate/Http/Request))
#13 E:/1KERJAAN/Telisik Studio/Dashboard HSE/hse-dashboard/hse-backend/vendor/laravel/framework/src/Illuminate/Pipeline/Pipeline.php(209): Illuminate/Auth/Middleware/Authenticate->handle(Object(Illuminate/Http/Request), Object(Closure), 'sanctum')
#14 E:/1KERJAAN/Telisik Studio/Dashboard HSE/hse-dashboard/hse-backend/vendor/laravel/sanctum/src/Http/Middleware/EnsureFrontendRequestsAreStateful.php(26): Illuminate/Pipeline/Pipeline->Illuminate/Pipeline/{closure}(Object(Illuminate/Http/Request))
#15 E:/1KERJAAN/Telisik Studio/Dashboard HSE/hse-dashboard/hse-backend/vendor/laravel/framework/src/Illuminate/Pipeline/Pipeline.php(170): Laravel/Sanctum/Http/Middleware/EnsureFrontendRequestsAreStateful->Laravel/Sanctum/Http/Middleware/{closure}(Object(Illuminate/Http/Request))
#16 E:/1KERJAAN/Telisik Studio/Dashboard HSE/hse-dashboard/hse-backend/vendor/laravel/sanctum/src/Http/Middleware/AuthenticateSession.php(60): Illuminate/Pipeline/Pipeline->Illuminate/Pipeline/{closure}(Object(Illuminate/Http/Request))
#17 E:/1KERJAAN/Telisik Studio/Dashboard HSE/hse-dashboard/hse-backend/vendor/laravel/framework/src/Illuminate/Pipeline/Pipeline.php(209): Laravel/Sanctum/Http/Middleware/AuthenticateSession->handle(Object(Illuminate/Http/Request), Object(Closure))
#18 E:/1KERJAAN/Telisik Studio/Dashboard HSE/hse-dashboard/hse-backend/vendor/laravel/framework/src/Illuminate/Foundation/Http/Middleware/VerifyCsrfToken.php(88): Illuminate/Pipeline/Pipeline->Illuminate/Pipeline/{closure}(Object(Illuminate/Http/Request))
#19 E:/1KERJAAN/Telisik Studio/Dashboard HSE/hse-dashboard/hse-backend/vendor/laravel/framework/src/Illuminate/Pipeline/Pipeline.php(209): Illuminate/Foundation/Http/Middleware/VerifyCsrfToken->handle(Object(Illuminate/Http/Request), Object(Closure))
#20 E:/1KERJAAN/Telisik Studio/Dashboard HSE/hse-dashboard/hse-backend/vendor/laravel/framework/src/Illuminate/Session/Middleware/StartSession.php(121): Illuminate/Pipeline/Pipeline->Illuminate/Pipeline/{closure}(Object(Illuminate/Http/Request))
#21 E:/1KERJAAN/Telisik Studio/Dashboard HSE/hse-dashboard/hse-backend/vendor/laravel/framework/src/Illuminate/Session/Middleware/StartSession.php(64): Illuminate/Session/Middleware/StartSession->handleStatefulRequest(Object(Illuminate/Http/Request), Object(Illuminate/Session/Store), Object(Closure))
#22 E:/1KERJAAN/Telisik Studio/Dashboard HSE/hse-dashboard/hse-backend/vendor/laravel/framework/src/Illuminate/Pipeline/Pipeline.php(209): Illuminate/Session/Middleware/StartSession->handle(Object(Illuminate/Http/Request), Object(Closure))
#23 E:/1KERJAAN/Telisik Studio/Dashboard HSE/hse-dashboard/hse-backend/vendor/laravel/framework/src/Illuminate/Cookie/Middleware/AddQueuedCookiesToResponse.php(37): Illuminate/Pipeline/Pipeline->Illuminate/Pipeline/{closure}(Object(Illuminate/Http/Request))
#24 E:/1KERJAAN/Telisik Studio/Dashboard HSE/hse-dashboard/hse-backend/vendor/laravel/framework/src/Illuminate/Pipeline/Pipeline.php(209): Illuminate/Cookie/Middleware/AddQueuedCookiesToResponse->handle(Object(Illuminate/Http/Request), Object(Closure))
#25 E:/1KERJAAN/Telisik Studio/Dashboard HSE/hse-dashboard/hse-backend/vendor/laravel/framework/src/Illuminate/Cookie/Middleware/EncryptCookies.php(75): Illuminate/Pipeline/Pipeline->Illuminate/Pipeline/{closure}(Object(Illuminate/Http/Request))
#26 E:/1KERJAAN/Telisik Studio/Dashboard HSE/hse-dashboard/hse-backend/vendor/laravel/framework/src/Illuminate/Pipeline/Pipeline.php(209): Illuminate/Cookie/Middleware/EncryptCookies->handle(Object(Illuminate/Http/Request), Object(Closure))
#27 E:/1KERJAAN/Telisik Studio/Dashboard HSE/hse-dashboard/hse-backend/vendor/laravel/sanctum/src/Http/Middleware/EnsureFrontendRequestsAreStateful.php(61): Illuminate/Pipeline/Pipeline->Illuminate/Pipeline/{closure}(Object(Illuminate/Http/Request))
#28 E:/1KERJAAN/Telisik Studio/Dashboard HSE/hse-dashboard/hse-backend/vendor/laravel/framework/src/Illuminate/Pipeline/Pipeline.php(191): Laravel/Sanctum/Http/Middleware/EnsureFrontendRequestsAreStateful->Laravel/Sanctum/Http/Middleware/{closure}(Object(Illuminate/Http/Request), Object(Closure))
#29 E:/1KERJAAN/Telisik Studio/Dashboard HSE/hse-dashboard/hse-backend/vendor/laravel/framework/src/Illuminate/Pipeline/Pipeline.php(127): Illuminate/Pipeline/Pipeline->Illuminate/Pipeline/{closure}(Object(Illuminate/Http/Request))
#30 E:/1KERJAAN/Telisik Studio/Dashboard HSE/hse-dashboard/hse-backend/vendor/laravel/sanctum/src/Http/Middleware/EnsureFrontendRequestsAreStateful.php(25): Illuminate/Pipeline/Pipeline->then(Object(Closure))
#31 E:/1KERJAAN/Telisik Studio/Dashboard HSE/hse-dashboard/hse-backend/vendor/laravel/framework/src/Illuminate/Pipeline/Pipeline.php(209): Laravel/Sanctum/Http/Middleware/EnsureFrontendRequestsAreStateful->handle(Object(Illuminate/Http/Request), Object(Closure))
#32 E:/1KERJAAN/Telisik Studio/Dashboard HSE/hse-dashboard/hse-backend/vendor/laravel/framework/src/Illuminate/Pipeline/Pipeline.php(127): Illuminate/Pipeline/Pipeline->Illuminate/Pipeline/{closure}(Object(Illuminate/Http/Request))
#33 E:/1KERJAAN/Telisik Studio/Dashboard HSE/hse-dashboard/hse-backend/vendor/laravel/framework/src/Illuminate/Routing/Router.php(807): Illuminate/Pipeline/Pipeline->then(Object(Closure))
#34 E:/1KERJAAN/Telisik Studio/Dashboard HSE/hse-dashboard/hse-backend/vendor/laravel/framework/src/Illuminate/Routing/Router.php(786): Illuminate/Routing/Router->runRouteWithinStack(Object(Illuminate/Routing/Route), Object(Illuminate/Http/Request))
#35 E:/1KERJAAN/Telisik Studio/Dashboard HSE/hse-dashboard/hse-backend/vendor/laravel/framework/src/Illuminate/Routing/Router.php(750): Illuminate/Routing/Router->runRoute(Object(Illuminate/Http/Request), Object(Illuminate/Routing/Route))
#36 E:/1KERJAAN/Telisik Studio/Dashboard HSE/hse-dashboard/hse-backend/vendor/laravel/framework/src/Illuminate/Routing/Router.php(739): Illuminate/Routing/Router->dispatchToRoute(Object(Illuminate/Http/Request))
#37 E:/1KERJAAN/Telisik Studio/Dashboard HSE/hse-dashboard/hse-backend/vendor/laravel/framework/src/Illuminate/Foundation/Http/Kernel.php(201): Illuminate/Routing/Router->dispatch(Object(Illuminate/Http/Request))
#38 E:/1KERJAAN/Telisik Studio/Dashboard HSE/hse-dashboard/hse-backend/vendor/laravel/framework/src/Illuminate/Pipeline/Pipeline.php(170): Illuminate/Foundation/Http/Kernel->Illuminate/Foundation/Http/{closure}(Object(Illuminate/Http/Request))
#39 E:/1KERJAAN/Telisik Studio/Dashboard HSE/hse-dashboard/hse-backend/vendor/laravel/framework/src/Illuminate/Foundation/Http/Middleware/TransformsRequest.php(21): Illuminate/Pipeline/Pipeline->Illuminate/Pipeline/{closure}(Object(Illuminate/Http/Request))
#40 E:/1KERJAAN/Telisik Studio/Dashboard HSE/hse-dashboard/hse-backend/vendor/laravel/framework/src/Illuminate/Foundation/Http/Middleware/ConvertEmptyStringsToNull.php(31): Illuminate/Foundation/Http/Middleware/TransformsRequest->handle(Object(Illuminate/Http/Request), Object(Closure))
#41 E:/1KERJAAN/Telisik Studio/Dashboard HSE/hse-dashboard/hse-backend/vendor/laravel/framework/src/Illuminate/Pipeline/Pipeline.php(209): Illuminate/Foundation/Http/Middleware/ConvertEmptyStringsToNull->handle(Object(Illuminate/Http/Request), Object(Closure))
#42 E:/1KERJAAN/Telisik Studio/Dashboard HSE/hse-dashboard/hse-backend/vendor/laravel/framework/src/Illuminate/Foundation/Http/Middleware/TransformsRequest.php(21): Illuminate/Pipeline/Pipeline->Illuminate/Pipeline/{closure}(Object(Illuminate/Http/Request))
#43 E:/1KERJAAN/Telisik Studio/Dashboard HSE/hse-dashboard/hse-backend/vendor/laravel/framework/src/Illuminate/Foundation/Http/Middleware/TrimStrings.php(51): Illuminate/Foundation/Http/Middleware/TransformsRequest->handle(Object(Illuminate/Http/Request), Object(Closure))
#44 E:/1KERJAAN/Telisik Studio/Dashboard HSE/hse-dashboard/hse-backend/vendor/laravel/framework/src/Illuminate/Pipeline/Pipeline.php(209): Illuminate/Foundation/Http/Middleware/TrimStrings->handle(Object(Illuminate/Http/Request), Object(Closure))
#45 E:/1KERJAAN/Telisik Studio/Dashboard HSE/hse-dashboard/hse-backend/vendor/laravel/framework/src/Illuminate/Http/Middleware/ValidatePostSize.php(27): Illuminate/Pipeline/Pipeline->Illuminate/Pipeline/{closure}(Object(Illuminate/Http/Request))
#46 E:/1KERJAAN/Telisik Studio/Dashboard HSE/hse-dashboard/hse-backend/vendor/laravel/framework/src/Illuminate/Pipeline/Pipeline.php(209): Illuminate/Http/Middleware/ValidatePostSize->handle(Object(Illuminate/Http/Request), Object(Closure))
#47 E:/1KERJAAN/Telisik Studio/Dashboard HSE/hse-dashboard/hse-backend/vendor/laravel/framework/src/Illuminate/Foundation/Http/Middleware/PreventRequestsDuringMaintenance.php(110): Illuminate/Pipeline/Pipeline->Illuminate/Pipeline/{closure}(Object(Illuminate/Http/Request))
#48 E:/1KERJAAN/Telisik Studio/Dashboard HSE/hse-dashboard/hse-backend/vendor/laravel/framework/src/Illuminate/Pipeline/Pipeline.php(209): Illuminate/Foundation/Http/Middleware/PreventRequestsDuringMaintenance->handle(Object(Illuminate/Http/Request), Object(Closure))
#49 E:/1KERJAAN/Telisik Studio/Dashboard HSE/hse-dashboard/hse-backend/vendor/laravel/framework/src/Illuminate/Http/Middleware/HandleCors.php(62): Illuminate/Pipeline/Pipeline->Illuminate/Pipeline/{closure}(Object(Illuminate/Http/Request))
#50 E:/1KERJAAN/Telisik Studio/Dashboard HSE/hse-dashboard/hse-backend/vendor/laravel/framework/src/Illuminate/Pipeline/Pipeline.php(209): Illuminate/Http/Middleware/HandleCors->handle(Object(Illuminate/Http/Request), Object(Closure))
#51 E:/1KERJAAN/Telisik Studio/Dashboard HSE/hse-dashboard/hse-backend/vendor/laravel/framework/src/Illuminate/Http/Middleware/TrustProxies.php(58): Illuminate/Pipeline/Pipeline->Illuminate/Pipeline/{closure}(Object(Illuminate/Http/Request))
#52 E:/1KERJAAN/Telisik Studio/Dashboard HSE/hse-dashboard/hse-backend/vendor/laravel/framework/src/Illuminate/Pipeline/Pipeline.php(209): Illuminate/Http/Middleware/TrustProxies->handle(Object(Illuminate/Http/Request), Object(Closure))
#53 E:/1KERJAAN/Telisik Studio/Dashboard HSE/hse-dashboard/hse-backend/vendor/laravel/framework/src/Illuminate/Foundation/Http/Middleware/InvokeDeferredCallbacks.php(22): Illuminate/Pipeline/Pipeline->Illuminate/Pipeline/{closure}(Object(Illuminate/Http/Request))
#54 E:/1KERJAAN/Telisik Studio/Dashboard HSE/hse-dashboard/hse-backend/vendor/laravel/framework/src/Illuminate/Pipeline/Pipeline.php(209): Illuminate/Foundation/Http/Middleware/InvokeDeferredCallbacks->handle(Object(Illuminate/Http/Request), Object(Closure))
#55 E:/1KERJAAN/Telisik Studio/Dashboard HSE/hse-dashboard/hse-backend/vendor/laravel/framework/src/Illuminate/Pipeline/Pipeline.php(127): Illuminate/Pipeline/Pipeline->Illuminate/Pipeline/{closure}(Object(Illuminate/Http/Request))
#56 E:/1KERJAAN/Telisik Studio/Dashboard HSE/hse-dashboard/hse-backend/vendor/laravel/framework/src/Illuminate/Foundation/Http/Kernel.php(176): Illuminate/Pipeline/Pipeline->then(Object(Closure))
#57 E:/1KERJAAN/Telisik Studio/Dashboard HSE/hse-dashboard/hse-backend/vendor/laravel/framework/src/Illuminate/Foundation/Http/Kernel.php(145): Illuminate/Foundation/Http/Kernel->sendRequestThroughRouter(Object(Illuminate/Http/Request))
#58 E:/1KERJAAN/Telisik Studio/Dashboard HSE/hse-dashboard/hse-backend/vendor/laravel/framework/src/Illuminate/Foundation/Application.php(1220): Illuminate/Foundation/Http/Kernel->handle(Object(Illuminate/Http/Request))
#59 E:/1KERJAAN/Telisik Studio/Dashboard HSE/hse-dashboard/hse-backend/public/index.php(17): Illuminate/Foundation/Application->handleRequest(Object(Illuminate/Http/Request))
#60 E:/1KERJAAN/Telisik Studio/Dashboard HSE/hse-dashboard/hse-backend/vendor/laravel/framework/src/Illuminate/Foundation/resources/server.php(23): require_once('E://1KERJAAN//Tel...')
#61 {main}
"} 
[2026-08-04 17:45:06] local.ERROR: Call to undefined method Illuminate\Database\Eloquent\Builder::query() {"userId":1,"exception":"[object] (BadMethodCallException(code: 0): Call to undefined method Illuminate\\Database\\Eloquent\\Builder::query() at E:/1KERJAAN/Telisik Studio/Dashboard HSE/hse-dashboard/hse-backend/vendor/laravel/framework/src/Illuminate/Support/Traits/ForwardsCalls.php:67)
[stacktrace]
#0 E:/1KERJAAN/Telisik Studio/Dashboard HSE/hse-dashboard/hse-backend/vendor/laravel/framework/src/Illuminate/Support/Traits/ForwardsCalls.php(36): Illuminate/Database/Eloquent/Builder::throwBadMethodCallException('query')
#1 E:/1KERJAAN/Telisik Studio/Dashboard HSE/hse-dashboard/hse-backend/vendor/laravel/framework/src/Illuminate/Database/Eloquent/Builder.php(2123): Illuminate/Database/Eloquent/Builder->forwardCallTo(Object(Illuminate/Database/Query/Builder), 'query', Array)
#2 E:/1KERJAAN/Telisik Studio/Dashboard HSE/hse-dashboard/hse-backend/app/Http/Controllers/Api/PermitController.php(23): Illuminate/Database/Eloquent/Builder->__call('query', Array)
#3 E:/1KERJAAN/Telisik Studio/Dashboard HSE/hse-dashboard/hse-backend/vendor/laravel/framework/src/Illuminate/Routing/ControllerDispatcher.php(47): App/Http/Controllers/Api/PermitController->index(Object(Illuminate/Http/Request))
#4 E:/1KERJAAN/Telisik Studio/Dashboard HSE/hse-dashboard/hse-backend/vendor/laravel/framework/src/Illuminate/Routing/Route.php(266): Illuminate/Routing/ControllerDispatcher->dispatch(Object(Illuminate/Routing/Route), Object(App/Http/Controllers/Api/PermitController), 'index')
#5 E:/1KERJAAN/Telisik Studio/Dashboard HSE/hse-dashboard/hse-backend/vendor/laravel/framework/src/Illuminate/Routing/Route.php(212): Illuminate/Routing/Route->runController()
#6 E:/1KERJAAN/Telisik Studio/Dashboard HSE/hse-dashboard/hse-backend/vendor/laravel/framework/src/Illuminate/Routing/Router.php(808): Illuminate/Routing/Route->run()
#7 E:/1KERJAAN/Telisik Studio/Dashboard HSE/hse-dashboard/hse-backend/vendor/laravel/framework/src/Illuminate/Pipeline/Pipeline.php(170): Illuminate/Routing/Router->Illuminate/Routing/{closure}(Object(Illuminate/Http/Request))
#8 E:/1KERJAAN/Telisik Studio/Dashboard HSE/hse-dashboard/hse-backend/app/Http/Middleware/EnsureAnyPermission.php(26): Illuminate/Pipeline/Pipeline->Illuminate/Pipeline/{closure}(Object(Illuminate/Http/Request))
#9 E:/1KERJAAN/Telisik Studio/Dashboard HSE/hse-dashboard/hse-backend/vendor/laravel/framework/src/Illuminate/Pipeline/Pipeline.php(209): App/Http/Middleware/EnsureAnyPermission->handle(Object(Illuminate/Http/Request), Object(Closure), 'permits', 'permits_own')
#10 E:/1KERJAAN/Telisik Studio/Dashboard HSE/hse-dashboard/hse-backend/vendor/laravel/framework/src/Illuminate/Routing/Middleware/SubstituteBindings.php(51): Illuminate/Pipeline/Pipeline->Illuminate/Pipeline/{closure}(Object(Illuminate/Http/Request))
#11 E:/1KERJAAN/Telisik Studio/Dashboard HSE/hse-dashboard/hse-backend/vendor/laravel/framework/src/Illuminate/Pipeline/Pipeline.php(209): Illuminate/Routing/Middleware/SubstituteBindings->handle(Object(Illuminate/Http/Request), Object(Closure))
#12 E:/1KERJAAN/Telisik Studio/Dashboard HSE/hse-dashboard/hse-backend/vendor/laravel/framework/src/Illuminate/Auth/Middleware/Authenticate.php(64): Illuminate/Pipeline/Pipeline->Illuminate/Pipeline/{closure}(Object(Illuminate/Http/Request))
#13 E:/1KERJAAN/Telisik Studio/Dashboard HSE/hse-dashboard/hse-backend/vendor/laravel/framework/src/Illuminate/Pipeline/Pipeline.php(209): Illuminate/Auth/Middleware/Authenticate->handle(Object(Illuminate/Http/Request), Object(Closure), 'sanctum')
#14 E:/1KERJAAN/Telisik Studio/Dashboard HSE/hse-dashboard/hse-backend/vendor/laravel/sanctum/src/Http/Middleware/EnsureFrontendRequestsAreStateful.php(26): Illuminate/Pipeline/Pipeline->Illuminate/Pipeline/{closure}(Object(Illuminate/Http/Request))
#15 E:/1KERJAAN/Telisik Studio/Dashboard HSE/hse-dashboard/hse-backend/vendor/laravel/framework/src/Illuminate/Pipeline/Pipeline.php(170): Laravel/Sanctum/Http/Middleware/EnsureFrontendRequestsAreStateful->Laravel/Sanctum/Http/Middleware/{closure}(Object(Illuminate/Http/Request))
#16 E:/1KERJAAN/Telisik Studio/Dashboard HSE/hse-dashboard/hse-backend/vendor/laravel/sanctum/src/Http/Middleware/AuthenticateSession.php(60): Illuminate/Pipeline/Pipeline->Illuminate/Pipeline/{closure}(Object(Illuminate/Http/Request))
#17 E:/1KERJAAN/Telisik Studio/Dashboard HSE/hse-dashboard/hse-backend/vendor/laravel/framework/src/Illuminate/Pipeline/Pipeline.php(209): Laravel/Sanctum/Http/Middleware/AuthenticateSession->handle(Object(Illuminate/Http/Request), Object(Closure))
#18 E:/1KERJAAN/Telisik Studio/Dashboard HSE/hse-dashboard/hse-backend/vendor/laravel/framework/src/Illuminate/Foundation/Http/Middleware/VerifyCsrfToken.php(88): Illuminate/Pipeline/Pipeline->Illuminate/Pipeline/{closure}(Object(Illuminate/Http/Request))
#19 E:/1KERJAAN/Telisik Studio/Dashboard HSE/hse-dashboard/hse-backend/vendor/laravel/framework/src/Illuminate/Pipeline/Pipeline.php(209): Illuminate/Foundation/Http/Middleware/VerifyCsrfToken->handle(Object(Illuminate/Http/Request), Object(Closure))
#20 E:/1KERJAAN/Telisik Studio/Dashboard HSE/hse-dashboard/hse-backend/vendor/laravel/framework/src/Illuminate/Session/Middleware/StartSession.php(121): Illuminate/Pipeline/Pipeline->Illuminate/Pipeline/{closure}(Object(Illuminate/Http/Request))
#21 E:/1KERJAAN/Telisik Studio/Dashboard HSE/hse-dashboard/hse-backend/vendor/laravel/framework/src/Illuminate/Session/Middleware/StartSession.php(64): Illuminate/Session/Middleware/StartSession->handleStatefulRequest(Object(Illuminate/Http/Request), Object(Illuminate/Session/Store), Object(Closure))
#22 E:/1KERJAAN/Telisik Studio/Dashboard HSE/hse-dashboard/hse-backend/vendor/laravel/framework/src/Illuminate/Pipeline/Pipeline.php(209): Illuminate/Session/Middleware/StartSession->handle(Object(Illuminate/Http/Request), Object(Closure))
#23 E:/1KERJAAN/Telisik Studio/Dashboard HSE/hse-dashboard/hse-backend/vendor/laravel/framework/src/Illuminate/Cookie/Middleware/AddQueuedCookiesToResponse.php(37): Illuminate/Pipeline/Pipeline->Illuminate/Pipeline/{closure}(Object(Illuminate/Http/Request))
#24 E:/1KERJAAN/Telisik Studio/Dashboard HSE/hse-dashboard/hse-backend/vendor/laravel/framework/src/Illuminate/Pipeline/Pipeline.php(209): Illuminate/Cookie/Middleware/AddQueuedCookiesToResponse->handle(Object(Illuminate/Http/Request), Object(Closure))
#25 E:/1KERJAAN/Telisik Studio/Dashboard HSE/hse-dashboard/hse-backend/vendor/laravel/framework/src/Illuminate/Cookie/Middleware/EncryptCookies.php(75): Illuminate/Pipeline/Pipeline->Illuminate/Pipeline/{closure}(Object(Illuminate/Http/Request))
#26 E:/1KERJAAN/Telisik Studio/Dashboard HSE/hse-dashboard/hse-backend/vendor/laravel/framework/src/Illuminate/Pipeline/Pipeline.php(209): Illuminate/Cookie/Middleware/EncryptCookies->handle(Object(Illuminate/Http/Request), Object(Closure))
#27 E:/1KERJAAN/Telisik Studio/Dashboard HSE/hse-dashboard/hse-backend/vendor/laravel/sanctum/src/Http/Middleware/EnsureFrontendRequestsAreStateful.php(61): Illuminate/Pipeline/Pipeline->Illuminate/Pipeline/{closure}(Object(Illuminate/Http/Request))
#28 E:/1KERJAAN/Telisik Studio/Dashboard HSE/hse-dashboard/hse-backend/vendor/laravel/framework/src/Illuminate/Pipeline/Pipeline.php(191): Laravel/Sanctum/Http/Middleware/EnsureFrontendRequestsAreStateful->Laravel/Sanctum/Http/Middleware/{closure}(Object(Illuminate/Http/Request), Object(Closure))
#29 E:/1KERJAAN/Telisik Studio/Dashboard HSE/hse-dashboard/hse-backend/vendor/laravel/framework/src/Illuminate/Pipeline/Pipeline.php(127): Illuminate/Pipeline/Pipeline->Illuminate/Pipeline/{closure}(Object(Illuminate/Http/Request))
#30 E:/1KERJAAN/Telisik Studio/Dashboard HSE/hse-dashboard/hse-backend/vendor/laravel/sanctum/src/Http/Middleware/EnsureFrontendRequestsAreStateful.php(25): Illuminate/Pipeline/Pipeline->then(Object(Closure))
#31 E:/1KERJAAN/Telisik Studio/Dashboard HSE/hse-dashboard/hse-backend/vendor/laravel/framework/src/Illuminate/Pipeline/Pipeline.php(209): Laravel/Sanctum/Http/Middleware/EnsureFrontendRequestsAreStateful->handle(Object(Illuminate/Http/Request), Object(Closure))
#32 E:/1KERJAAN/Telisik Studio/Dashboard HSE/hse-dashboard/hse-backend/vendor/laravel/framework/src/Illuminate/Pipeline/Pipeline.php(127): Illuminate/Pipeline/Pipeline->Illuminate/Pipeline/{closure}(Object(Illuminate/Http/Request))
#33 E:/1KERJAAN/Telisik Studio/Dashboard HSE/hse-dashboard/hse-backend/vendor/laravel/framework/src/Illuminate/Routing/Router.php(807): Illuminate/Pipeline/Pipeline->then(Object(Closure))
#34 E:/1KERJAAN/Telisik Studio/Dashboard HSE/hse-dashboard/hse-backend/vendor/laravel/framework/src/Illuminate/Routing/Router.php(786): Illuminate/Routing/Router->runRouteWithinStack(Object(Illuminate/Routing/Route), Object(Illuminate/Http/Request))
#35 E:/1KERJAAN/Telisik Studio/Dashboard HSE/hse-dashboard/hse-backend/vendor/laravel/framework/src/Illuminate/Routing/Router.php(750): Illuminate/Routing/Router->runRoute(Object(Illuminate/Http/Request), Object(Illuminate/Routing/Route))
#36 E:/1KERJAAN/Telisik Studio/Dashboard HSE/hse-dashboard/hse-backend/vendor/laravel/framework/src/Illuminate/Routing/Router.php(739): Illuminate/Routing/Router->dispatchToRoute(Object(Illuminate/Http/Request))
#37 E:/1KERJAAN/Telisik Studio/Dashboard HSE/hse-dashboard/hse-backend/vendor/laravel/framework/src/Illuminate/Foundation/Http/Kernel.php(201): Illuminate/Routing/Router->dispatch(Object(Illuminate/Http/Request))
#38 E:/1KERJAAN/Telisik Studio/Dashboard HSE/hse-dashboard/hse-backend/vendor/laravel/framework/src/Illuminate/Pipeline/Pipeline.php(170): Illuminate/Foundation/Http/Kernel->Illuminate/Foundation/Http/{closure}(Object(Illuminate/Http/Request))
#39 E:/1KERJAAN/Telisik Studio/Dashboard HSE/hse-dashboard/hse-backend/vendor/laravel/framework/src/Illuminate/Foundation/Http/Middleware/TransformsRequest.php(21): Illuminate/Pipeline/Pipeline->Illuminate/Pipeline/{closure}(Object(Illuminate/Http/Request))
#40 E:/1KERJAAN/Telisik Studio/Dashboard HSE/hse-dashboard/hse-backend/vendor/laravel/framework/src/Illuminate/Foundation/Http/Middleware/ConvertEmptyStringsToNull.php(31): Illuminate/Foundation/Http/Middleware/TransformsRequest->handle(Object(Illuminate/Http/Request), Object(Closure))
#41 E:/1KERJAAN/Telisik Studio/Dashboard HSE/hse-dashboard/hse-backend/vendor/laravel/framework/src/Illuminate/Pipeline/Pipeline.php(209): Illuminate/Foundation/Http/Middleware/ConvertEmptyStringsToNull->handle(Object(Illuminate/Http/Request), Object(Closure))
#42 E:/1KERJAAN/Telisik Studio/Dashboard HSE/hse-dashboard/hse-backend/vendor/laravel/framework/src/Illuminate/Foundation/Http/Middleware/TransformsRequest.php(21): Illuminate/Pipeline/Pipeline->Illuminate/Pipeline/{closure}(Object(Illuminate/Http/Request))
#43 E:/1KERJAAN/Telisik Studio/Dashboard HSE/hse-dashboard/hse-backend/vendor/laravel/framework/src/Illuminate/Foundation/Http/Middleware/TrimStrings.php(51): Illuminate/Foundation/Http/Middleware/TransformsRequest->handle(Object(Illuminate/Http/Request), Object(Closure))
#44 E:/1KERJAAN/Telisik Studio/Dashboard HSE/hse-dashboard/hse-backend/vendor/laravel/framework/src/Illuminate/Pipeline/Pipeline.php(209): Illuminate/Foundation/Http/Middleware/TrimStrings->handle(Object(Illuminate/Http/Request), Object(Closure))
#45 E:/1KERJAAN/Telisik Studio/Dashboard HSE/hse-dashboard/hse-backend/vendor/laravel/framework/src/Illuminate/Http/Middleware/ValidatePostSize.php(27): Illuminate/Pipeline/Pipeline->Illuminate/Pipeline/{closure}(Object(Illuminate/Http/Request))
#46 E:/1KERJAAN/Telisik Studio/Dashboard HSE/hse-dashboard/hse-backend/vendor/laravel/framework/src/Illuminate/Pipeline/Pipeline.php(209): Illuminate/Http/Middleware/ValidatePostSize->handle(Object(Illuminate/Http/Request), Object(Closure))
#47 E:/1KERJAAN/Telisik Studio/Dashboard HSE/hse-dashboard/hse-backend/vendor/laravel/framework/src/Illuminate/Foundation/Http/Middleware/PreventRequestsDuringMaintenance.php(110): Illuminate/Pipeline/Pipeline->Illuminate/Pipeline/{closure}(Object(Illuminate/Http/Request))
#48 E:/1KERJAAN/Telisik Studio/Dashboard HSE/hse-dashboard/hse-backend/vendor/laravel/framework/src/Illuminate/Pipeline/Pipeline.php(209): Illuminate/Foundation/Http/Middleware/PreventRequestsDuringMaintenance->handle(Object(Illuminate/Http/Request), Object(Closure))
#49 E:/1KERJAAN/Telisik Studio/Dashboard HSE/hse-dashboard/hse-backend/vendor/laravel/framework/src/Illuminate/Http/Middleware/HandleCors.php(62): Illuminate/Pipeline/Pipeline->Illuminate/Pipeline/{closure}(Object(Illuminate/Http/Request))
#50 E:/1KERJAAN/Telisik Studio/Dashboard HSE/hse-dashboard/hse-backend/vendor/laravel/framework/src/Illuminate/Pipeline/Pipeline.php(209): Illuminate/Http/Middleware/HandleCors->handle(Object(Illuminate/Http/Request), Object(Closure))
#51 E:/1KERJAAN/Telisik Studio/Dashboard HSE/hse-dashboard/hse-backend/vendor/laravel/framework/src/Illuminate/Http/Middleware/TrustProxies.php(58): Illuminate/Pipeline/Pipeline->Illuminate/Pipeline/{closure}(Object(Illuminate/Http/Request))
#52 E:/1KERJAAN/Telisik Studio/Dashboard HSE/hse-dashboard/hse-backend/vendor/laravel/framework/src/Illuminate/Pipeline/Pipeline.php(209): Illuminate/Http/Middleware/TrustProxies->handle(Object(Illuminate/Http/Request), Object(Closure))
#53 E:/1KERJAAN/Telisik Studio/Dashboard HSE/hse-dashboard/hse-backend/vendor/laravel/framework/src/Illuminate/Foundation/Http/Middleware/InvokeDeferredCallbacks.php(22): Illuminate/Pipeline/Pipeline->Illuminate/Pipeline/{closure}(Object(Illuminate/Http/Request))
#54 E:/1KERJAAN/Telisik Studio/Dashboard HSE/hse-dashboard/hse-backend/vendor/laravel/framework/src/Illuminate/Pipeline/Pipeline.php(209): Illuminate/Foundation/Http/Middleware/InvokeDeferredCallbacks->handle(Object(Illuminate/Http/Request), Object(Closure))
#55 E:/1KERJAAN/Telisik Studio/Dashboard HSE/hse-dashboard/hse-backend/vendor/laravel/framework/src/Illuminate/Pipeline/Pipeline.php(127): Illuminate/Pipeline/Pipeline->Illuminate/Pipeline/{closure}(Object(Illuminate/Http/Request))
#56 E:/1KERJAAN/Telisik Studio/Dashboard HSE/hse-dashboard/hse-backend/vendor/laravel/framework/src/Illuminate/Foundation/Http/Kernel.php(176): Illuminate/Pipeline/Pipeline->then(Object(Closure))
#57 E:/1KERJAAN/Telisik Studio/Dashboard HSE/hse-dashboard/hse-backend/vendor/laravel/framework/src/Illuminate/Foundation/Http/Kernel.php(145): Illuminate/Foundation/Http/Kernel->sendRequestThroughRouter(Object(Illuminate/Http/Request))
#58 E:/1KERJAAN/Telisik Studio/Dashboard HSE/hse-dashboard/hse-backend/vendor/laravel/framework/src/Illuminate/Foundation/Application.php(1220): Illuminate/Foundation/Http/Kernel->handle(Object(Illuminate/Http/Request))
#59 E:/1KERJAAN/Telisik Studio/Dashboard HSE/hse-dashboard/hse-backend/public/index.php(17): Illuminate/Foundation/Application->handleRequest(Object(Illuminate/Http/Request))
#60 E:/1KERJAAN/Telisik Studio/Dashboard HSE/hse-dashboard/hse-backend/vendor/laravel/framework/src/Illuminate/Foundation/resources/server.php(23): require_once('E://1KERJAAN//Tel...')
#61 {main}
"} 
[2026-08-04 17:45:17] local.ERROR: Call to undefined method Illuminate\Database\Eloquent\Builder::query() {"userId":1,"exception":"[object] (BadMethodCallException(code: 0): Call to undefined method Illuminate\\Database\\Eloquent\\Builder::query() at E:/1KERJAAN/Telisik Studio/Dashboard HSE/hse-dashboard/hse-backend/vendor/laravel/framework/src/Illuminate/Support/Traits/ForwardsCalls.php:67)
[stacktrace]
#0 E:/1KERJAAN/Telisik Studio/Dashboard HSE/hse-dashboard/hse-backend/vendor/laravel/framework/src/Illuminate/Support/Traits/ForwardsCalls.php(36): Illuminate/Database/Eloquent/Builder::throwBadMethodCallException('query')
#1 E:/1KERJAAN/Telisik Studio/Dashboard HSE/hse-dashboard/hse-backend/vendor/laravel/framework/src/Illuminate/Database/Eloquent/Builder.php(2123): Illuminate/Database/Eloquent/Builder->forwardCallTo(Object(Illuminate/Database/Query/Builder), 'query', Array)
#2 E:/1KERJAAN/Telisik Studio/Dashboard HSE/hse-dashboard/hse-backend/app/Http/Controllers/Api/PermitController.php(23): Illuminate/Database/Eloquent/Builder->__call('query', Array)
#3 E:/1KERJAAN/Telisik Studio/Dashboard HSE/hse-dashboard/hse-backend/vendor/laravel/framework/src/Illuminate/Routing/ControllerDispatcher.php(47): App/Http/Controllers/Api/PermitController->index(Object(Illuminate/Http/Request))
#4 E:/1KERJAAN/Telisik Studio/Dashboard HSE/hse-dashboard/hse-backend/vendor/laravel/framework/src/Illuminate/Routing/Route.php(266): Illuminate/Routing/ControllerDispatcher->dispatch(Object(Illuminate/Routing/Route), Object(App/Http/Controllers/Api/PermitController), 'index')
#5 E:/1KERJAAN/Telisik Studio/Dashboard HSE/hse-dashboard/hse-backend/vendor/laravel/framework/src/Illuminate/Routing/Route.php(212): Illuminate/Routing/Route->runController()
#6 E:/1KERJAAN/Telisik Studio/Dashboard HSE/hse-dashboard/hse-backend/vendor/laravel/framework/src/Illuminate/Routing/Router.php(808): Illuminate/Routing/Route->run()
#7 E:/1KERJAAN/Telisik Studio/Dashboard HSE/hse-dashboard/hse-backend/vendor/laravel/framework/src/Illuminate/Pipeline/Pipeline.php(170): Illuminate/Routing/Router->Illuminate/Routing/{closure}(Object(Illuminate/Http/Request))
#8 E:/1KERJAAN/Telisik Studio/Dashboard HSE/hse-dashboard/hse-backend/app/Http/Middleware/EnsureAnyPermission.php(26): Illuminate/Pipeline/Pipeline->Illuminate/Pipeline/{closure}(Object(Illuminate/Http/Request))
#9 E:/1KERJAAN/Telisik Studio/Dashboard HSE/hse-dashboard/hse-backend/vendor/laravel/framework/src/Illuminate/Pipeline/Pipeline.php(209): App/Http/Middleware/EnsureAnyPermission->handle(Object(Illuminate/Http/Request), Object(Closure), 'permits', 'permits_own')
#10 E:/1KERJAAN/Telisik Studio/Dashboard HSE/hse-dashboard/hse-backend/vendor/laravel/framework/src/Illuminate/Routing/Middleware/SubstituteBindings.php(51): Illuminate/Pipeline/Pipeline->Illuminate/Pipeline/{closure}(Object(Illuminate/Http/Request))
#11 E:/1KERJAAN/Telisik Studio/Dashboard HSE/hse-dashboard/hse-backend/vendor/laravel/framework/src/Illuminate/Pipeline/Pipeline.php(209): Illuminate/Routing/Middleware/SubstituteBindings->handle(Object(Illuminate/Http/Request), Object(Closure))
#12 E:/1KERJAAN/Telisik Studio/Dashboard HSE/hse-dashboard/hse-backend/vendor/laravel/framework/src/Illuminate/Auth/Middleware/Authenticate.php(64): Illuminate/Pipeline/Pipeline->Illuminate/Pipeline/{closure}(Object(Illuminate/Http/Request))
#13 E:/1KERJAAN/Telisik Studio/Dashboard HSE/hse-dashboard/hse-backend/vendor/laravel/framework/src/Illuminate/Pipeline/Pipeline.php(209): Illuminate/Auth/Middleware/Authenticate->handle(Object(Illuminate/Http/Request), Object(Closure), 'sanctum')
#14 E:/1KERJAAN/Telisik Studio/Dashboard HSE/hse-dashboard/hse-backend/vendor/laravel/sanctum/src/Http/Middleware/EnsureFrontendRequestsAreStateful.php(26): Illuminate/Pipeline/Pipeline->Illuminate/Pipeline/{closure}(Object(Illuminate/Http/Request))
#15 E:/1KERJAAN/Telisik Studio/Dashboard HSE/hse-dashboard/hse-backend/vendor/laravel/framework/src/Illuminate/Pipeline/Pipeline.php(170): Laravel/Sanctum/Http/Middleware/EnsureFrontendRequestsAreStateful->Laravel/Sanctum/Http/Middleware/{closure}(Object(Illuminate/Http/Request))
#16 E:/1KERJAAN/Telisik Studio/Dashboard HSE/hse-dashboard/hse-backend/vendor/laravel/sanctum/src/Http/Middleware/AuthenticateSession.php(60): Illuminate/Pipeline/Pipeline->Illuminate/Pipeline/{closure}(Object(Illuminate/Http/Request))
#17 E:/1KERJAAN/Telisik Studio/Dashboard HSE/hse-dashboard/hse-backend/vendor/laravel/framework/src/Illuminate/Pipeline/Pipeline.php(209): Laravel/Sanctum/Http/Middleware/AuthenticateSession->handle(Object(Illuminate/Http/Request), Object(Closure))
#18 E:/1KERJAAN/Telisik Studio/Dashboard HSE/hse-dashboard/hse-backend/vendor/laravel/framework/src/Illuminate/Foundation/Http/Middleware/VerifyCsrfToken.php(88): Illuminate/Pipeline/Pipeline->Illuminate/Pipeline/{closure}(Object(Illuminate/Http/Request))
#19 E:/1KERJAAN/Telisik Studio/Dashboard HSE/hse-dashboard/hse-backend/vendor/laravel/framework/src/Illuminate/Pipeline/Pipeline.php(209): Illuminate/Foundation/Http/Middleware/VerifyCsrfToken->handle(Object(Illuminate/Http/Request), Object(Closure))
#20 E:/1KERJAAN/Telisik Studio/Dashboard HSE/hse-dashboard/hse-backend/vendor/laravel/framework/src/Illuminate/Session/Middleware/StartSession.php(121): Illuminate/Pipeline/Pipeline->Illuminate/Pipeline/{closure}(Object(Illuminate/Http/Request))
#21 E:/1KERJAAN/Telisik Studio/Dashboard HSE/hse-dashboard/hse-backend/vendor/laravel/framework/src/Illuminate/Session/Middleware/StartSession.php(64): Illuminate/Session/Middleware/StartSession->handleStatefulRequest(Object(Illuminate/Http/Request), Object(Illuminate/Session/Store), Object(Closure))
#22 E:/1KERJAAN/Telisik Studio/Dashboard HSE/hse-dashboard/hse-backend/vendor/laravel/framework/src/Illuminate/Pipeline/Pipeline.php(209): Illuminate/Session/Middleware/StartSession->handle(Object(Illuminate/Http/Request), Object(Closure))
#23 E:/1KERJAAN/Telisik Studio/Dashboard HSE/hse-dashboard/hse-backend/vendor/laravel/framework/src/Illuminate/Cookie/Middleware/AddQueuedCookiesToResponse.php(37): Illuminate/Pipeline/Pipeline->Illuminate/Pipeline/{closure}(Object(Illuminate/Http/Request))
#24 E:/1KERJAAN/Telisik Studio/Dashboard HSE/hse-dashboard/hse-backend/vendor/laravel/framework/src/Illuminate/Pipeline/Pipeline.php(209): Illuminate/Cookie/Middleware/AddQueuedCookiesToResponse->handle(Object(Illuminate/Http/Request), Object(Closure))
#25 E:/1KERJAAN/Telisik Studio/Dashboard HSE/hse-dashboard/hse-backend/vendor/laravel/framework/src/Illuminate/Cookie/Middleware/EncryptCookies.php(75): Illuminate/Pipeline/Pipeline->Illuminate/Pipeline/{closure}(Object(Illuminate/Http/Request))
#26 E:/1KERJAAN/Telisik Studio/Dashboard HSE/hse-dashboard/hse-backend/vendor/laravel/framework/src/Illuminate/Pipeline/Pipeline.php(209): Illuminate/Cookie/Middleware/EncryptCookies->handle(Object(Illuminate/Http/Request), Object(Closure))
#27 E:/1KERJAAN/Telisik Studio/Dashboard HSE/hse-dashboard/hse-backend/vendor/laravel/sanctum/src/Http/Middleware/EnsureFrontendRequestsAreStateful.php(61): Illuminate/Pipeline/Pipeline->Illuminate/Pipeline/{closure}(Object(Illuminate/Http/Request))
#28 E:/1KERJAAN/Telisik Studio/Dashboard HSE/hse-dashboard/hse-backend/vendor/laravel/framework/src/Illuminate/Pipeline/Pipeline.php(191): Laravel/Sanctum/Http/Middleware/EnsureFrontendRequestsAreStateful->Laravel/Sanctum/Http/Middleware/{closure}(Object(Illuminate/Http/Request), Object(Closure))
#29 E:/1KERJAAN/Telisik Studio/Dashboard HSE/hse-dashboard/hse-backend/vendor/laravel/framework/src/Illuminate/Pipeline/Pipeline.php(127): Illuminate/Pipeline/Pipeline->Illuminate/Pipeline/{closure}(Object(Illuminate/Http/Request))
#30 E:/1KERJAAN/Telisik Studio/Dashboard HSE/hse-dashboard/hse-backend/vendor/laravel/sanctum/src/Http/Middleware/EnsureFrontendRequestsAreStateful.php(25): Illuminate/Pipeline/Pipeline->then(Object(Closure))
#31 E:/1KERJAAN/Telisik Studio/Dashboard HSE/hse-dashboard/hse-backend/vendor/laravel/framework/src/Illuminate/Pipeline/Pipeline.php(209): Laravel/Sanctum/Http/Middleware/EnsureFrontendRequestsAreStateful->handle(Object(Illuminate/Http/Request), Object(Closure))
#32 E:/1KERJAAN/Telisik Studio/Dashboard HSE/hse-dashboard/hse-backend/vendor/laravel/framework/src/Illuminate/Pipeline/Pipeline.php(127): Illuminate/Pipeline/Pipeline->Illuminate/Pipeline/{closure}(Object(Illuminate/Http/Request))
#33 E:/1KERJAAN/Telisik Studio/Dashboard HSE/hse-dashboard/hse-backend/vendor/laravel/framework/src/Illuminate/Routing/Router.php(807): Illuminate/Pipeline/Pipeline->then(Object(Closure))
#34 E:/1KERJAAN/Telisik Studio/Dashboard HSE/hse-dashboard/hse-backend/vendor/laravel/framework/src/Illuminate/Routing/Router.php(786): Illuminate/Routing/Router->runRouteWithinStack(Object(Illuminate/Routing/Route), Object(Illuminate/Http/Request))
#35 E:/1KERJAAN/Telisik Studio/Dashboard HSE/hse-dashboard/hse-backend/vendor/laravel/framework/src/Illuminate/Routing/Router.php(750): Illuminate/Routing/Router->runRoute(Object(Illuminate/Http/Request), Object(Illuminate/Routing/Route))
#36 E:/1KERJAAN/Telisik Studio/Dashboard HSE/hse-dashboard/hse-backend/vendor/laravel/framework/src/Illuminate/Routing/Router.php(739): Illuminate/Routing/Router->dispatchToRoute(Object(Illuminate/Http/Request))
#37 E:/1KERJAAN/Telisik Studio/Dashboard HSE/hse-dashboard/hse-backend/vendor/laravel/framework/src/Illuminate/Foundation/Http/Kernel.php(201): Illuminate/Routing/Router->dispatch(Object(Illuminate/Http/Request))
#38 E:/1KERJAAN/Telisik Studio/Dashboard HSE/hse-dashboard/hse-backend/vendor/laravel/framework/src/Illuminate/Pipeline/Pipeline.php(170): Illuminate/Foundation/Http/Kernel->Illuminate/Foundation/Http/{closure}(Object(Illuminate/Http/Request))
#39 E:/1KERJAAN/Telisik Studio/Dashboard HSE/hse-dashboard/hse-backend/vendor/laravel/framework/src/Illuminate/Foundation/Http/Middleware/TransformsRequest.php(21): Illuminate/Pipeline/Pipeline->Illuminate/Pipeline/{closure}(Object(Illuminate/Http/Request))
#40 E:/1KERJAAN/Telisik Studio/Dashboard HSE/hse-dashboard/hse-backend/vendor/laravel/framework/src/Illuminate/Foundation/Http/Middleware/ConvertEmptyStringsToNull.php(31): Illuminate/Foundation/Http/Middleware/TransformsRequest->handle(Object(Illuminate/Http/Request), Object(Closure))
#41 E:/1KERJAAN/Telisik Studio/Dashboard HSE/hse-dashboard/hse-backend/vendor/laravel/framework/src/Illuminate/Pipeline/Pipeline.php(209): Illuminate/Foundation/Http/Middleware/ConvertEmptyStringsToNull->handle(Object(Illuminate/Http/Request), Object(Closure))
#42 E:/1KERJAAN/Telisik Studio/Dashboard HSE/hse-dashboard/hse-backend/vendor/laravel/framework/src/Illuminate/Foundation/Http/Middleware/TransformsRequest.php(21): Illuminate/Pipeline/Pipeline->Illuminate/Pipeline/{closure}(Object(Illuminate/Http/Request))
#43 E:/1KERJAAN/Telisik Studio/Dashboard HSE/hse-dashboard/hse-backend/vendor/laravel/framework/src/Illuminate/Foundation/Http/Middleware/TrimStrings.php(51): Illuminate/Foundation/Http/Middleware/TransformsRequest->handle(Object(Illuminate/Http/Request), Object(Closure))
#44 E:/1KERJAAN/Telisik Studio/Dashboard HSE/hse-dashboard/hse-backend/vendor/laravel/framework/src/Illuminate/Pipeline/Pipeline.php(209): Illuminate/Foundation/Http/Middleware/TrimStrings->handle(Object(Illuminate/Http/Request), Object(Closure))
#45 E:/1KERJAAN/Telisik Studio/Dashboard HSE/hse-dashboard/hse-backend/vendor/laravel/framework/src/Illuminate/Http/Middleware/ValidatePostSize.php(27): Illuminate/Pipeline/Pipeline->Illuminate/Pipeline/{closure}(Object(Illuminate/Http/Request))
#46 E:/1KERJAAN/Telisik Studio/Dashboard HSE/hse-dashboard/hse-backend/vendor/laravel/framework/src/Illuminate/Pipeline/Pipeline.php(209): Illuminate/Http/Middleware/ValidatePostSize->handle(Object(Illuminate/Http/Request), Object(Closure))
#47 E:/1KERJAAN/Telisik Studio/Dashboard HSE/hse-dashboard/hse-backend/vendor/laravel/framework/src/Illuminate/Foundation/Http/Middleware/PreventRequestsDuringMaintenance.php(110): Illuminate/Pipeline/Pipeline->Illuminate/Pipeline/{closure}(Object(Illuminate/Http/Request))
#48 E:/1KERJAAN/Telisik Studio/Dashboard HSE/hse-dashboard/hse-backend/vendor/laravel/framework/src/Illuminate/Pipeline/Pipeline.php(209): Illuminate/Foundation/Http/Middleware/PreventRequestsDuringMaintenance->handle(Object(Illuminate/Http/Request), Object(Closure))
#49 E:/1KERJAAN/Telisik Studio/Dashboard HSE/hse-dashboard/hse-backend/vendor/laravel/framework/src/Illuminate/Http/Middleware/HandleCors.php(62): Illuminate/Pipeline/Pipeline->Illuminate/Pipeline/{closure}(Object(Illuminate/Http/Request))
#50 E:/1KERJAAN/Telisik Studio/Dashboard HSE/hse-dashboard/hse-backend/vendor/laravel/framework/src/Illuminate/Pipeline/Pipeline.php(209): Illuminate/Http/Middleware/HandleCors->handle(Object(Illuminate/Http/Request), Object(Closure))
#51 E:/1KERJAAN/Telisik Studio/Dashboard HSE/hse-dashboard/hse-backend/vendor/laravel/framework/src/Illuminate/Http/Middleware/TrustProxies.php(58): Illuminate/Pipeline/Pipeline->Illuminate/Pipeline/{closure}(Object(Illuminate/Http/Request))
#52 E:/1KERJAAN/Telisik Studio/Dashboard HSE/hse-dashboard/hse-backend/vendor/laravel/framework/src/Illuminate/Pipeline/Pipeline.php(209): Illuminate/Http/Middleware/TrustProxies->handle(Object(Illuminate/Http/Request), Object(Closure))
#53 E:/1KERJAAN/Telisik Studio/Dashboard HSE/hse-dashboard/hse-backend/vendor/laravel/framework/src/Illuminate/Foundation/Http/Middleware/InvokeDeferredCallbacks.php(22): Illuminate/Pipeline/Pipeline->Illuminate/Pipeline/{closure}(Object(Illuminate/Http/Request))
#54 E:/1KERJAAN/Telisik Studio/Dashboard HSE/hse-dashboard/hse-backend/vendor/laravel/framework/src/Illuminate/Pipeline/Pipeline.php(209): Illuminate/Foundation/Http/Middleware/InvokeDeferredCallbacks->handle(Object(Illuminate/Http/Request), Object(Closure))
#55 E:/1KERJAAN/Telisik Studio/Dashboard HSE/hse-dashboard/hse-backend/vendor/laravel/framework/src/Illuminate/Pipeline/Pipeline.php(127): Illuminate/Pipeline/Pipeline->Illuminate/Pipeline/{closure}(Object(Illuminate/Http/Request))
#56 E:/1KERJAAN/Telisik Studio/Dashboard HSE/hse-dashboard/hse-backend/vendor/laravel/framework/src/Illuminate/Foundation/Http/Kernel.php(176): Illuminate/Pipeline/Pipeline->then(Object(Closure))
#57 E:/1KERJAAN/Telisik Studio/Dashboard HSE/hse-dashboard/hse-backend/vendor/laravel/framework/src/Illuminate/Foundation/Http/Kernel.php(145): Illuminate/Foundation/Http/Kernel->sendRequestThroughRouter(Object(Illuminate/Http/Request))
#58 E:/1KERJAAN/Telisik Studio/Dashboard HSE/hse-dashboard/hse-backend/vendor/laravel/framework/src/Illuminate/Foundation/Application.php(1220): Illuminate/Foundation/Http/Kernel->handle(Object(Illuminate/Http/Request))
#59 E:/1KERJAAN/Telisik Studio/Dashboard HSE/hse-dashboard/hse-backend/public/index.php(17): Illuminate/Foundation/Application->handleRequest(Object(Illuminate/Http/Request))
#60 E:/1KERJAAN/Telisik Studio/Dashboard HSE/hse-dashboard/hse-backend/vendor/laravel/framework/src/Illuminate/Foundation/resources/server.php(23): require_once('E://1KERJAAN//Tel...')
#61 {main}
"} 
[2026-08-04 17:45:18] local.ERROR: Call to undefined method Illuminate\Database\Eloquent\Builder::query() {"userId":1,"exception":"[object] (BadMethodCallException(code: 0): Call to undefined method Illuminate\\Database\\Eloquent\\Builder::query() at E:/1KERJAAN/Telisik Studio/Dashboard HSE/hse-dashboard/hse-backend/vendor/laravel/framework/src/Illuminate/Support/Traits/ForwardsCalls.php:67)
[stacktrace]
#0 E:/1KERJAAN/Telisik Studio/Dashboard HSE/hse-dashboard/hse-backend/vendor/laravel/framework/src/Illuminate/Support/Traits/ForwardsCalls.php(36): Illuminate/Database/Eloquent/Builder::throwBadMethodCallException('query')
#1 E:/1KERJAAN/Telisik Studio/Dashboard HSE/hse-dashboard/hse-backend/vendor/laravel/framework/src/Illuminate/Database/Eloquent/Builder.php(2123): Illuminate/Database/Eloquent/Builder->forwardCallTo(Object(Illuminate/Database/Query/Builder), 'query', Array)
#2 E:/1KERJAAN/Telisik Studio/Dashboard HSE/hse-dashboard/hse-backend/app/Http/Controllers/Api/PermitController.php(23): Illuminate/Database/Eloquent/Builder->__call('query', Array)
#3 E:/1KERJAAN/Telisik Studio/Dashboard HSE/hse-dashboard/hse-backend/vendor/laravel/framework/src/Illuminate/Routing/ControllerDispatcher.php(47): App/Http/Controllers/Api/PermitController->index(Object(Illuminate/Http/Request))
#4 E:/1KERJAAN/Telisik Studio/Dashboard HSE/hse-dashboard/hse-backend/vendor/laravel/framework/src/Illuminate/Routing/Route.php(266): Illuminate/Routing/ControllerDispatcher->dispatch(Object(Illuminate/Routing/Route), Object(App/Http/Controllers/Api/PermitController), 'index')
#5 E:/1KERJAAN/Telisik Studio/Dashboard HSE/hse-dashboard/hse-backend/vendor/laravel/framework/src/Illuminate/Routing/Route.php(212): Illuminate/Routing/Route->runController()
#6 E:/1KERJAAN/Telisik Studio/Dashboard HSE/hse-dashboard/hse-backend/vendor/laravel/framework/src/Illuminate/Routing/Router.php(808): Illuminate/Routing/Route->run()
#7 E:/1KERJAAN/Telisik Studio/Dashboard HSE/hse-dashboard/hse-backend/vendor/laravel/framework/src/Illuminate/Pipeline/Pipeline.php(170): Illuminate/Routing/Router->Illuminate/Routing/{closure}(Object(Illuminate/Http/Request))
#8 E:/1KERJAAN/Telisik Studio/Dashboard HSE/hse-dashboard/hse-backend/app/Http/Middleware/EnsureAnyPermission.php(26): Illuminate/Pipeline/Pipeline->Illuminate/Pipeline/{closure}(Object(Illuminate/Http/Request))
#9 E:/1KERJAAN/Telisik Studio/Dashboard HSE/hse-dashboard/hse-backend/vendor/laravel/framework/src/Illuminate/Pipeline/Pipeline.php(209): App/Http/Middleware/EnsureAnyPermission->handle(Object(Illuminate/Http/Request), Object(Closure), 'permits', 'permits_own')
#10 E:/1KERJAAN/Telisik Studio/Dashboard HSE/hse-dashboard/hse-backend/vendor/laravel/framework/src/Illuminate/Routing/Middleware/SubstituteBindings.php(51): Illuminate/Pipeline/Pipeline->Illuminate/Pipeline/{closure}(Object(Illuminate/Http/Request))
#11 E:/1KERJAAN/Telisik Studio/Dashboard HSE/hse-dashboard/hse-backend/vendor/laravel/framework/src/Illuminate/Pipeline/Pipeline.php(209): Illuminate/Routing/Middleware/SubstituteBindings->handle(Object(Illuminate/Http/Request), Object(Closure))
#12 E:/1KERJAAN/Telisik Studio/Dashboard HSE/hse-dashboard/hse-backend/vendor/laravel/framework/src/Illuminate/Auth/Middleware/Authenticate.php(64): Illuminate/Pipeline/Pipeline->Illuminate/Pipeline/{closure}(Object(Illuminate/Http/Request))
#13 E:/1KERJAAN/Telisik Studio/Dashboard HSE/hse-dashboard/hse-backend/vendor/laravel/framework/src/Illuminate/Pipeline/Pipeline.php(209): Illuminate/Auth/Middleware/Authenticate->handle(Object(Illuminate/Http/Request), Object(Closure), 'sanctum')
#14 E:/1KERJAAN/Telisik Studio/Dashboard HSE/hse-dashboard/hse-backend/vendor/laravel/sanctum/src/Http/Middleware/EnsureFrontendRequestsAreStateful.php(26): Illuminate/Pipeline/Pipeline->Illuminate/Pipeline/{closure}(Object(Illuminate/Http/Request))
#15 E:/1KERJAAN/Telisik Studio/Dashboard HSE/hse-dashboard/hse-backend/vendor/laravel/framework/src/Illuminate/Pipeline/Pipeline.php(170): Laravel/Sanctum/Http/Middleware/EnsureFrontendRequestsAreStateful->Laravel/Sanctum/Http/Middleware/{closure}(Object(Illuminate/Http/Request))
#16 E:/1KERJAAN/Telisik Studio/Dashboard HSE/hse-dashboard/hse-backend/vendor/laravel/sanctum/src/Http/Middleware/AuthenticateSession.php(60): Illuminate/Pipeline/Pipeline->Illuminate/Pipeline/{closure}(Object(Illuminate/Http/Request))
#17 E:/1KERJAAN/Telisik Studio/Dashboard HSE/hse-dashboard/hse-backend/vendor/laravel/framework/src/Illuminate/Pipeline/Pipeline.php(209): Laravel/Sanctum/Http/Middleware/AuthenticateSession->handle(Object(Illuminate/Http/Request), Object(Closure))
#18 E:/1KERJAAN/Telisik Studio/Dashboard HSE/hse-dashboard/hse-backend/vendor/laravel/framework/src/Illuminate/Foundation/Http/Middleware/VerifyCsrfToken.php(88): Illuminate/Pipeline/Pipeline->Illuminate/Pipeline/{closure}(Object(Illuminate/Http/Request))
#19 E:/1KERJAAN/Telisik Studio/Dashboard HSE/hse-dashboard/hse-backend/vendor/laravel/framework/src/Illuminate/Pipeline/Pipeline.php(209): Illuminate/Foundation/Http/Middleware/VerifyCsrfToken->handle(Object(Illuminate/Http/Request), Object(Closure))
#20 E:/1KERJAAN/Telisik Studio/Dashboard HSE/hse-dashboard/hse-backend/vendor/laravel/framework/src/Illuminate/Session/Middleware/StartSession.php(121): Illuminate/Pipeline/Pipeline->Illuminate/Pipeline/{closure}(Object(Illuminate/Http/Request))
#21 E:/1KERJAAN/Telisik Studio/Dashboard HSE/hse-dashboard/hse-backend/vendor/laravel/framework/src/Illuminate/Session/Middleware/StartSession.php(64): Illuminate/Session/Middleware/StartSession->handleStatefulRequest(Object(Illuminate/Http/Request), Object(Illuminate/Session/Store), Object(Closure))
#22 E:/1KERJAAN/Telisik Studio/Dashboard HSE/hse-dashboard/hse-backend/vendor/laravel/framework/src/Illuminate/Pipeline/Pipeline.php(209): Illuminate/Session/Middleware/StartSession->handle(Object(Illuminate/Http/Request), Object(Closure))
#23 E:/1KERJAAN/Telisik Studio/Dashboard HSE/hse-dashboard/hse-backend/vendor/laravel/framework/src/Illuminate/Cookie/Middleware/AddQueuedCookiesToResponse.php(37): Illuminate/Pipeline/Pipeline->Illuminate/Pipeline/{closure}(Object(Illuminate/Http/Request))
#24 E:/1KERJAAN/Telisik Studio/Dashboard HSE/hse-dashboard/hse-backend/vendor/laravel/framework/src/Illuminate/Pipeline/Pipeline.php(209): Illuminate/Cookie/Middleware/AddQueuedCookiesToResponse->handle(Object(Illuminate/Http/Request), Object(Closure))
#25 E:/1KERJAAN/Telisik Studio/Dashboard HSE/hse-dashboard/hse-backend/vendor/laravel/framework/src/Illuminate/Cookie/Middleware/EncryptCookies.php(75): Illuminate/Pipeline/Pipeline->Illuminate/Pipeline/{closure}(Object(Illuminate/Http/Request))
#26 E:/1KERJAAN/Telisik Studio/Dashboard HSE/hse-dashboard/hse-backend/vendor/laravel/framework/src/Illuminate/Pipeline/Pipeline.php(209): Illuminate/Cookie/Middleware/EncryptCookies->handle(Object(Illuminate/Http/Request), Object(Closure))
#27 E:/1KERJAAN/Telisik Studio/Dashboard HSE/hse-dashboard/hse-backend/vendor/laravel/sanctum/src/Http/Middleware/EnsureFrontendRequestsAreStateful.php(61): Illuminate/Pipeline/Pipeline->Illuminate/Pipeline/{closure}(Object(Illuminate/Http/Request))
#28 E:/1KERJAAN/Telisik Studio/Dashboard HSE/hse-dashboard/hse-backend/vendor/laravel/framework/src/Illuminate/Pipeline/Pipeline.php(191): Laravel/Sanctum/Http/Middleware/EnsureFrontendRequestsAreStateful->Laravel/Sanctum/Http/Middleware/{closure}(Object(Illuminate/Http/Request), Object(Closure))
#29 E:/1KERJAAN/Telisik Studio/Dashboard HSE/hse-dashboard/hse-backend/vendor/laravel/framework/src/Illuminate/Pipeline/Pipeline.php(127): Illuminate/Pipeline/Pipeline->Illuminate/Pipeline/{closure}(Object(Illuminate/Http/Request))
#30 E:/1KERJAAN/Telisik Studio/Dashboard HSE/hse-dashboard/hse-backend/vendor/laravel/sanctum/src/Http/Middleware/EnsureFrontendRequestsAreStateful.php(25): Illuminate/Pipeline/Pipeline->then(Object(Closure))
#31 E:/1KERJAAN/Telisik Studio/Dashboard HSE/hse-dashboard/hse-backend/vendor/laravel/framework/src/Illuminate/Pipeline/Pipeline.php(209): Laravel/Sanctum/Http/Middleware/EnsureFrontendRequestsAreStateful->handle(Object(Illuminate/Http/Request), Object(Closure))
#32 E:/1KERJAAN/Telisik Studio/Dashboard HSE/hse-dashboard/hse-backend/vendor/laravel/framework/src/Illuminate/Pipeline/Pipeline.php(127): Illuminate/Pipeline/Pipeline->Illuminate/Pipeline/{closure}(Object(Illuminate/Http/Request))
#33 E:/1KERJAAN/Telisik Studio/Dashboard HSE/hse-dashboard/hse-backend/vendor/laravel/framework/src/Illuminate/Routing/Router.php(807): Illuminate/Pipeline/Pipeline->then(Object(Closure))
#34 E:/1KERJAAN/Telisik Studio/Dashboard HSE/hse-dashboard/hse-backend/vendor/laravel/framework/src/Illuminate/Routing/Router.php(786): Illuminate/Routing/Router->runRouteWithinStack(Object(Illuminate/Routing/Route), Object(Illuminate/Http/Request))
#35 E:/1KERJAAN/Telisik Studio/Dashboard HSE/hse-dashboard/hse-backend/vendor/laravel/framework/src/Illuminate/Routing/Router.php(750): Illuminate/Routing/Router->runRoute(Object(Illuminate/Http/Request), Object(Illuminate/Routing/Route))
#36 E:/1KERJAAN/Telisik Studio/Dashboard HSE/hse-dashboard/hse-backend/vendor/laravel/framework/src/Illuminate/Routing/Router.php(739): Illuminate/Routing/Router->dispatchToRoute(Object(Illuminate/Http/Request))
#37 E:/1KERJAAN/Telisik Studio/Dashboard HSE/hse-dashboard/hse-backend/vendor/laravel/framework/src/Illuminate/Foundation/Http/Kernel.php(201): Illuminate/Routing/Router->dispatch(Object(Illuminate/Http/Request))
#38 E:/1KERJAAN/Telisik Studio/Dashboard HSE/hse-dashboard/hse-backend/vendor/laravel/framework/src/Illuminate/Pipeline/Pipeline.php(170): Illuminate/Foundation/Http/Kernel->Illuminate/Foundation/Http/{closure}(Object(Illuminate/Http/Request))
#39 E:/1KERJAAN/Telisik Studio/Dashboard HSE/hse-dashboard/hse-backend/vendor/laravel/framework/src/Illuminate/Foundation/Http/Middleware/TransformsRequest.php(21): Illuminate/Pipeline/Pipeline->Illuminate/Pipeline/{closure}(Object(Illuminate/Http/Request))
#40 E:/1KERJAAN/Telisik Studio/Dashboard HSE/hse-dashboard/hse-backend/vendor/laravel/framework/src/Illuminate/Foundation/Http/Middleware/ConvertEmptyStringsToNull.php(31): Illuminate/Foundation/Http/Middleware/TransformsRequest->handle(Object(Illuminate/Http/Request), Object(Closure))
#41 E:/1KERJAAN/Telisik Studio/Dashboard HSE/hse-dashboard/hse-backend/vendor/laravel/framework/src/Illuminate/Pipeline/Pipeline.php(209): Illuminate/Foundation/Http/Middleware/ConvertEmptyStringsToNull->handle(Object(Illuminate/Http/Request), Object(Closure))
#42 E:/1KERJAAN/Telisik Studio/Dashboard HSE/hse-dashboard/hse-backend/vendor/laravel/framework/src/Illuminate/Foundation/Http/Middleware/TransformsRequest.php(21): Illuminate/Pipeline/Pipeline->Illuminate/Pipeline/{closure}(Object(Illuminate/Http/Request))
#43 E:/1KERJAAN/Telisik Studio/Dashboard HSE/hse-dashboard/hse-backend/vendor/laravel/framework/src/Illuminate/Foundation/Http/Middleware/TrimStrings.php(51): Illuminate/Foundation/Http/Middleware/TransformsRequest->handle(Object(Illuminate/Http/Request), Object(Closure))
#44 E:/1KERJAAN/Telisik Studio/Dashboard HSE/hse-dashboard/hse-backend/vendor/laravel/framework/src/Illuminate/Pipeline/Pipeline.php(209): Illuminate/Foundation/Http/Middleware/TrimStrings->handle(Object(Illuminate/Http/Request), Object(Closure))
#45 E:/1KERJAAN/Telisik Studio/Dashboard HSE/hse-dashboard/hse-backend/vendor/laravel/framework/src/Illuminate/Http/Middleware/ValidatePostSize.php(27): Illuminate/Pipeline/Pipeline->Illuminate/Pipeline/{closure}(Object(Illuminate/Http/Request))
#46 E:/1KERJAAN/Telisik Studio/Dashboard HSE/hse-dashboard/hse-backend/vendor/laravel/framework/src/Illuminate/Pipeline/Pipeline.php(209): Illuminate/Http/Middleware/ValidatePostSize->handle(Object(Illuminate/Http/Request), Object(Closure))
#47 E:/1KERJAAN/Telisik Studio/Dashboard HSE/hse-dashboard/hse-backend/vendor/laravel/framework/src/Illuminate/Foundation/Http/Middleware/PreventRequestsDuringMaintenance.php(110): Illuminate/Pipeline/Pipeline->Illuminate/Pipeline/{closure}(Object(Illuminate/Http/Request))
#48 E:/1KERJAAN/Telisik Studio/Dashboard HSE/hse-dashboard/hse-backend/vendor/laravel/framework/src/Illuminate/Pipeline/Pipeline.php(209): Illuminate/Foundation/Http/Middleware/PreventRequestsDuringMaintenance->handle(Object(Illuminate/Http/Request), Object(Closure))
#49 E:/1KERJAAN/Telisik Studio/Dashboard HSE/hse-dashboard/hse-backend/vendor/laravel/framework/src/Illuminate/Http/Middleware/HandleCors.php(62): Illuminate/Pipeline/Pipeline->Illuminate/Pipeline/{closure}(Object(Illuminate/Http/Request))
#50 E:/1KERJAAN/Telisik Studio/Dashboard HSE/hse-dashboard/hse-backend/vendor/laravel/framework/src/Illuminate/Pipeline/Pipeline.php(209): Illuminate/Http/Middleware/HandleCors->handle(Object(Illuminate/Http/Request), Object(Closure))
#51 E:/1KERJAAN/Telisik Studio/Dashboard HSE/hse-dashboard/hse-backend/vendor/laravel/framework/src/Illuminate/Http/Middleware/TrustProxies.php(58): Illuminate/Pipeline/Pipeline->Illuminate/Pipeline/{closure}(Object(Illuminate/Http/Request))
#52 E:/1KERJAAN/Telisik Studio/Dashboard HSE/hse-dashboard/hse-backend/vendor/laravel/framework/src/Illuminate/Pipeline/Pipeline.php(209): Illuminate/Http/Middleware/TrustProxies->handle(Object(Illuminate/Http/Request), Object(Closure))
#53 E:/1KERJAAN/Telisik Studio/Dashboard HSE/hse-dashboard/hse-backend/vendor/laravel/framework/src/Illuminate/Foundation/Http/Middleware/InvokeDeferredCallbacks.php(22): Illuminate/Pipeline/Pipeline->Illuminate/Pipeline/{closure}(Object(Illuminate/Http/Request))
#54 E:/1KERJAAN/Telisik Studio/Dashboard HSE/hse-dashboard/hse-backend/vendor/laravel/framework/src/Illuminate/Pipeline/Pipeline.php(209): Illuminate/Foundation/Http/Middleware/InvokeDeferredCallbacks->handle(Object(Illuminate/Http/Request), Object(Closure))
#55 E:/1KERJAAN/Telisik Studio/Dashboard HSE/hse-dashboard/hse-backend/vendor/laravel/framework/src/Illuminate/Pipeline/Pipeline.php(127): Illuminate/Pipeline/Pipeline->Illuminate/Pipeline/{closure}(Object(Illuminate/Http/Request))
#56 E:/1KERJAAN/Telisik Studio/Dashboard HSE/hse-dashboard/hse-backend/vendor/laravel/framework/src/Illuminate/Foundation/Http/Kernel.php(176): Illuminate/Pipeline/Pipeline->then(Object(Closure))
#57 E:/1KERJAAN/Telisik Studio/Dashboard HSE/hse-dashboard/hse-backend/vendor/laravel/framework/src/Illuminate/Foundation/Http/Kernel.php(145): Illuminate/Foundation/Http/Kernel->sendRequestThroughRouter(Object(Illuminate/Http/Request))
#58 E:/1KERJAAN/Telisik Studio/Dashboard HSE/hse-dashboard/hse-backend/vendor/laravel/framework/src/Illuminate/Foundation/Application.php(1220): Illuminate/Foundation/Http/Kernel->handle(Object(Illuminate/Http/Request))
#59 E:/1KERJAAN/Telisik Studio/Dashboard HSE/hse-dashboard/hse-backend/public/index.php(17): Illuminate/Foundation/Application->handleRequest(Object(Illuminate/Http/Request))
#60 E:/1KERJAAN/Telisik Studio/Dashboard HSE/hse-dashboard/hse-backend/vendor/laravel/framework/src/Illuminate/Foundation/resources/server.php(23): require_once('E://1KERJAAN//Tel...')
#61 {main}
"} 
[2026-08-04 17:45:19] local.ERROR: Call to undefined method Illuminate\Database\Eloquent\Builder::query() {"userId":1,"exception":"[object] (BadMethodCallException(code: 0): Call to undefined method Illuminate\\Database\\Eloquent\\Builder::query() at E:/1KERJAAN/Telisik Studio/Dashboard HSE/hse-dashboard/hse-backend/vendor/laravel/framework/src/Illuminate/Support/Traits/ForwardsCalls.php:67)
[stacktrace]
#0 E:/1KERJAAN/Telisik Studio/Dashboard HSE/hse-dashboard/hse-backend/vendor/laravel/framework/src/Illuminate/Support/Traits/ForwardsCalls.php(36): Illuminate/Database/Eloquent/Builder::throwBadMethodCallException('query')
#1 E:/1KERJAAN/Telisik Studio/Dashboard HSE/hse-dashboard/hse-backend/vendor/laravel/framework/src/Illuminate/Database/Eloquent/Builder.php(2123): Illuminate/Database/Eloquent/Builder->forwardCallTo(Object(Illuminate/Database/Query/Builder), 'query', Array)
#2 E:/1KERJAAN/Telisik Studio/Dashboard HSE/hse-dashboard/hse-backend/app/Http/Controllers/Api/PermitController.php(23): Illuminate/Database/Eloquent/Builder->__call('query', Array)
#3 E:/1KERJAAN/Telisik Studio/Dashboard HSE/hse-dashboard/hse-backend/vendor/laravel/framework/src/Illuminate/Routing/ControllerDispatcher.php(47): App/Http/Controllers/Api/PermitController->index(Object(Illuminate/Http/Request))
#4 E:/1KERJAAN/Telisik Studio/Dashboard HSE/hse-dashboard/hse-backend/vendor/laravel/framework/src/Illuminate/Routing/Route.php(266): Illuminate/Routing/ControllerDispatcher->dispatch(Object(Illuminate/Routing/Route), Object(App/Http/Controllers/Api/PermitController), 'index')
#5 E:/1KERJAAN/Telisik Studio/Dashboard HSE/hse-dashboard/hse-backend/vendor/laravel/framework/src/Illuminate/Routing/Route.php(212): Illuminate/Routing/Route->runController()
#6 E:/1KERJAAN/Telisik Studio/Dashboard HSE/hse-dashboard/hse-backend/vendor/laravel/framework/src/Illuminate/Routing/Router.php(808): Illuminate/Routing/Route->run()
#7 E:/1KERJAAN/Telisik Studio/Dashboard HSE/hse-dashboard/hse-backend/vendor/laravel/framework/src/Illuminate/Pipeline/Pipeline.php(170): Illuminate/Routing/Router->Illuminate/Routing/{closure}(Object(Illuminate/Http/Request))
#8 E:/1KERJAAN/Telisik Studio/Dashboard HSE/hse-dashboard/hse-backend/app/Http/Middleware/EnsureAnyPermission.php(26): Illuminate/Pipeline/Pipeline->Illuminate/Pipeline/{closure}(Object(Illuminate/Http/Request))
#9 E:/1KERJAAN/Telisik Studio/Dashboard HSE/hse-dashboard/hse-backend/vendor/laravel/framework/src/Illuminate/Pipeline/Pipeline.php(209): App/Http/Middleware/EnsureAnyPermission->handle(Object(Illuminate/Http/Request), Object(Closure), 'permits', 'permits_own')
#10 E:/1KERJAAN/Telisik Studio/Dashboard HSE/hse-dashboard/hse-backend/vendor/laravel/framework/src/Illuminate/Routing/Middleware/SubstituteBindings.php(51): Illuminate/Pipeline/Pipeline->Illuminate/Pipeline/{closure}(Object(Illuminate/Http/Request))
#11 E:/1KERJAAN/Telisik Studio/Dashboard HSE/hse-dashboard/hse-backend/vendor/laravel/framework/src/Illuminate/Pipeline/Pipeline.php(209): Illuminate/Routing/Middleware/SubstituteBindings->handle(Object(Illuminate/Http/Request), Object(Closure))
#12 E:/1KERJAAN/Telisik Studio/Dashboard HSE/hse-dashboard/hse-backend/vendor/laravel/framework/src/Illuminate/Auth/Middleware/Authenticate.php(64): Illuminate/Pipeline/Pipeline->Illuminate/Pipeline/{closure}(Object(Illuminate/Http/Request))
#13 E:/1KERJAAN/Telisik Studio/Dashboard HSE/hse-dashboard/hse-backend/vendor/laravel/framework/src/Illuminate/Pipeline/Pipeline.php(209): Illuminate/Auth/Middleware/Authenticate->handle(Object(Illuminate/Http/Request), Object(Closure), 'sanctum')
#14 E:/1KERJAAN/Telisik Studio/Dashboard HSE/hse-dashboard/hse-backend/vendor/laravel/sanctum/src/Http/Middleware/EnsureFrontendRequestsAreStateful.php(26): Illuminate/Pipeline/Pipeline->Illuminate/Pipeline/{closure}(Object(Illuminate/Http/Request))
#15 E:/1KERJAAN/Telisik Studio/Dashboard HSE/hse-dashboard/hse-backend/vendor/laravel/framework/src/Illuminate/Pipeline/Pipeline.php(170): Laravel/Sanctum/Http/Middleware/EnsureFrontendRequestsAreStateful->Laravel/Sanctum/Http/Middleware/{closure}(Object(Illuminate/Http/Request))
#16 E:/1KERJAAN/Telisik Studio/Dashboard HSE/hse-dashboard/hse-backend/vendor/laravel/sanctum/src/Http/Middleware/AuthenticateSession.php(60): Illuminate/Pipeline/Pipeline->Illuminate/Pipeline/{closure}(Object(Illuminate/Http/Request))
#17 E:/1KERJAAN/Telisik Studio/Dashboard HSE/hse-dashboard/hse-backend/vendor/laravel/framework/src/Illuminate/Pipeline/Pipeline.php(209): Laravel/Sanctum/Http/Middleware/AuthenticateSession->handle(Object(Illuminate/Http/Request), Object(Closure))
#18 E:/1KERJAAN/Telisik Studio/Dashboard HSE/hse-dashboard/hse-backend/vendor/laravel/framework/src/Illuminate/Foundation/Http/Middleware/VerifyCsrfToken.php(88): Illuminate/Pipeline/Pipeline->Illuminate/Pipeline/{closure}(Object(Illuminate/Http/Request))
#19 E:/1KERJAAN/Telisik Studio/Dashboard HSE/hse-dashboard/hse-backend/vendor/laravel/framework/src/Illuminate/Pipeline/Pipeline.php(209): Illuminate/Foundation/Http/Middleware/VerifyCsrfToken->handle(Object(Illuminate/Http/Request), Object(Closure))
#20 E:/1KERJAAN/Telisik Studio/Dashboard HSE/hse-dashboard/hse-backend/vendor/laravel/framework/src/Illuminate/Session/Middleware/StartSession.php(121): Illuminate/Pipeline/Pipeline->Illuminate/Pipeline/{closure}(Object(Illuminate/Http/Request))
#21 E:/1KERJAAN/Telisik Studio/Dashboard HSE/hse-dashboard/hse-backend/vendor/laravel/framework/src/Illuminate/Session/Middleware/StartSession.php(64): Illuminate/Session/Middleware/StartSession->handleStatefulRequest(Object(Illuminate/Http/Request), Object(Illuminate/Session/Store), Object(Closure))
#22 E:/1KERJAAN/Telisik Studio/Dashboard HSE/hse-dashboard/hse-backend/vendor/laravel/framework/src/Illuminate/Pipeline/Pipeline.php(209): Illuminate/Session/Middleware/StartSession->handle(Object(Illuminate/Http/Request), Object(Closure))
#23 E:/1KERJAAN/Telisik Studio/Dashboard HSE/hse-dashboard/hse-backend/vendor/laravel/framework/src/Illuminate/Cookie/Middleware/AddQueuedCookiesToResponse.php(37): Illuminate/Pipeline/Pipeline->Illuminate/Pipeline/{closure}(Object(Illuminate/Http/Request))
#24 E:/1KERJAAN/Telisik Studio/Dashboard HSE/hse-dashboard/hse-backend/vendor/laravel/framework/src/Illuminate/Pipeline/Pipeline.php(209): Illuminate/Cookie/Middleware/AddQueuedCookiesToResponse->handle(Object(Illuminate/Http/Request), Object(Closure))
#25 E:/1KERJAAN/Telisik Studio/Dashboard HSE/hse-dashboard/hse-backend/vendor/laravel/framework/src/Illuminate/Cookie/Middleware/EncryptCookies.php(75): Illuminate/Pipeline/Pipeline->Illuminate/Pipeline/{closure}(Object(Illuminate/Http/Request))
#26 E:/1KERJAAN/Telisik Studio/Dashboard HSE/hse-dashboard/hse-backend/vendor/laravel/framework/src/Illuminate/Pipeline/Pipeline.php(209): Illuminate/Cookie/Middleware/EncryptCookies->handle(Object(Illuminate/Http/Request), Object(Closure))
#27 E:/1KERJAAN/Telisik Studio/Dashboard HSE/hse-dashboard/hse-backend/vendor/laravel/sanctum/src/Http/Middleware/EnsureFrontendRequestsAreStateful.php(61): Illuminate/Pipeline/Pipeline->Illuminate/Pipeline/{closure}(Object(Illuminate/Http/Request))
#28 E:/1KERJAAN/Telisik Studio/Dashboard HSE/hse-dashboard/hse-backend/vendor/laravel/framework/src/Illuminate/Pipeline/Pipeline.php(191): Laravel/Sanctum/Http/Middleware/EnsureFrontendRequestsAreStateful->Laravel/Sanctum/Http/Middleware/{closure}(Object(Illuminate/Http/Request), Object(Closure))
#29 E:/1KERJAAN/Telisik Studio/Dashboard HSE/hse-dashboard/hse-backend/vendor/laravel/framework/src/Illuminate/Pipeline/Pipeline.php(127): Illuminate/Pipeline/Pipeline->Illuminate/Pipeline/{closure}(Object(Illuminate/Http/Request))
#30 E:/1KERJAAN/Telisik Studio/Dashboard HSE/hse-dashboard/hse-backend/vendor/laravel/sanctum/src/Http/Middleware/EnsureFrontendRequestsAreStateful.php(25): Illuminate/Pipeline/Pipeline->then(Object(Closure))
#31 E:/1KERJAAN/Telisik Studio/Dashboard HSE/hse-dashboard/hse-backend/vendor/laravel/framework/src/Illuminate/Pipeline/Pipeline.php(209): Laravel/Sanctum/Http/Middleware/EnsureFrontendRequestsAreStateful->handle(Object(Illuminate/Http/Request), Object(Closure))
#32 E:/1KERJAAN/Telisik Studio/Dashboard HSE/hse-dashboard/hse-backend/vendor/laravel/framework/src/Illuminate/Pipeline/Pipeline.php(127): Illuminate/Pipeline/Pipeline->Illuminate/Pipeline/{closure}(Object(Illuminate/Http/Request))
#33 E:/1KERJAAN/Telisik Studio/Dashboard HSE/hse-dashboard/hse-backend/vendor/laravel/framework/src/Illuminate/Routing/Router.php(807): Illuminate/Pipeline/Pipeline->then(Object(Closure))
#34 E:/1KERJAAN/Telisik Studio/Dashboard HSE/hse-dashboard/hse-backend/vendor/laravel/framework/src/Illuminate/Routing/Router.php(786): Illuminate/Routing/Router->runRouteWithinStack(Object(Illuminate/Routing/Route), Object(Illuminate/Http/Request))
#35 E:/1KERJAAN/Telisik Studio/Dashboard HSE/hse-dashboard/hse-backend/vendor/laravel/framework/src/Illuminate/Routing/Router.php(750): Illuminate/Routing/Router->runRoute(Object(Illuminate/Http/Request), Object(Illuminate/Routing/Route))
#36 E:/1KERJAAN/Telisik Studio/Dashboard HSE/hse-dashboard/hse-backend/vendor/laravel/framework/src/Illuminate/Routing/Router.php(739): Illuminate/Routing/Router->dispatchToRoute(Object(Illuminate/Http/Request))
#37 E:/1KERJAAN/Telisik Studio/Dashboard HSE/hse-dashboard/hse-backend/vendor/laravel/framework/src/Illuminate/Foundation/Http/Kernel.php(201): Illuminate/Routing/Router->dispatch(Object(Illuminate/Http/Request))
#38 E:/1KERJAAN/Telisik Studio/Dashboard HSE/hse-dashboard/hse-backend/vendor/laravel/framework/src/Illuminate/Pipeline/Pipeline.php(170): Illuminate/Foundation/Http/Kernel->Illuminate/Foundation/Http/{closure}(Object(Illuminate/Http/Request))
#39 E:/1KERJAAN/Telisik Studio/Dashboard HSE/hse-dashboard/hse-backend/vendor/laravel/framework/src/Illuminate/Foundation/Http/Middleware/TransformsRequest.php(21): Illuminate/Pipeline/Pipeline->Illuminate/Pipeline/{closure}(Object(Illuminate/Http/Request))
#40 E:/1KERJAAN/Telisik Studio/Dashboard HSE/hse-dashboard/hse-backend/vendor/laravel/framework/src/Illuminate/Foundation/Http/Middleware/ConvertEmptyStringsToNull.php(31): Illuminate/Foundation/Http/Middleware/TransformsRequest->handle(Object(Illuminate/Http/Request), Object(Closure))
#41 E:/1KERJAAN/Telisik Studio/Dashboard HSE/hse-dashboard/hse-backend/vendor/laravel/framework/src/Illuminate/Pipeline/Pipeline.php(209): Illuminate/Foundation/Http/Middleware/ConvertEmptyStringsToNull->handle(Object(Illuminate/Http/Request), Object(Closure))
#42 E:/1KERJAAN/Telisik Studio/Dashboard HSE/hse-dashboard/hse-backend/vendor/laravel/framework/src/Illuminate/Foundation/Http/Middleware/TransformsRequest.php(21): Illuminate/Pipeline/Pipeline->Illuminate/Pipeline/{closure}(Object(Illuminate/Http/Request))
#43 E:/1KERJAAN/Telisik Studio/Dashboard HSE/hse-dashboard/hse-backend/vendor/laravel/framework/src/Illuminate/Foundation/Http/Middleware/TrimStrings.php(51): Illuminate/Foundation/Http/Middleware/TransformsRequest->handle(Object(Illuminate/Http/Request), Object(Closure))
#44 E:/1KERJAAN/Telisik Studio/Dashboard HSE/hse-dashboard/hse-backend/vendor/laravel/framework/src/Illuminate/Pipeline/Pipeline.php(209): Illuminate/Foundation/Http/Middleware/TrimStrings->handle(Object(Illuminate/Http/Request), Object(Closure))
#45 E:/1KERJAAN/Telisik Studio/Dashboard HSE/hse-dashboard/hse-backend/vendor/laravel/framework/src/Illuminate/Http/Middleware/ValidatePostSize.php(27): Illuminate/Pipeline/Pipeline->Illuminate/Pipeline/{closure}(Object(Illuminate/Http/Request))
#46 E:/1KERJAAN/Telisik Studio/Dashboard HSE/hse-dashboard/hse-backend/vendor/laravel/framework/src/Illuminate/Pipeline/Pipeline.php(209): Illuminate/Http/Middleware/ValidatePostSize->handle(Object(Illuminate/Http/Request), Object(Closure))
#47 E:/1KERJAAN/Telisik Studio/Dashboard HSE/hse-dashboard/hse-backend/vendor/laravel/framework/src/Illuminate/Foundation/Http/Middleware/PreventRequestsDuringMaintenance.php(110): Illuminate/Pipeline/Pipeline->Illuminate/Pipeline/{closure}(Object(Illuminate/Http/Request))
#48 E:/1KERJAAN/Telisik Studio/Dashboard HSE/hse-dashboard/hse-backend/vendor/laravel/framework/src/Illuminate/Pipeline/Pipeline.php(209): Illuminate/Foundation/Http/Middleware/PreventRequestsDuringMaintenance->handle(Object(Illuminate/Http/Request), Object(Closure))
#49 E:/1KERJAAN/Telisik Studio/Dashboard HSE/hse-dashboard/hse-backend/vendor/laravel/framework/src/Illuminate/Http/Middleware/HandleCors.php(62): Illuminate/Pipeline/Pipeline->Illuminate/Pipeline/{closure}(Object(Illuminate/Http/Request))
#50 E:/1KERJAAN/Telisik Studio/Dashboard HSE/hse-dashboard/hse-backend/vendor/laravel/framework/src/Illuminate/Pipeline/Pipeline.php(209): Illuminate/Http/Middleware/HandleCors->handle(Object(Illuminate/Http/Request), Object(Closure))
#51 E:/1KERJAAN/Telisik Studio/Dashboard HSE/hse-dashboard/hse-backend/vendor/laravel/framework/src/Illuminate/Http/Middleware/TrustProxies.php(58): Illuminate/Pipeline/Pipeline->Illuminate/Pipeline/{closure}(Object(Illuminate/Http/Request))
#52 E:/1KERJAAN/Telisik Studio/Dashboard HSE/hse-dashboard/hse-backend/vendor/laravel/framework/src/Illuminate/Pipeline/Pipeline.php(209): Illuminate/Http/Middleware/TrustProxies->handle(Object(Illuminate/Http/Request), Object(Closure))
#53 E:/1KERJAAN/Telisik Studio/Dashboard HSE/hse-dashboard/hse-backend/vendor/laravel/framework/src/Illuminate/Foundation/Http/Middleware/InvokeDeferredCallbacks.php(22): Illuminate/Pipeline/Pipeline->Illuminate/Pipeline/{closure}(Object(Illuminate/Http/Request))
#54 E:/1KERJAAN/Telisik Studio/Dashboard HSE/hse-dashboard/hse-backend/vendor/laravel/framework/src/Illuminate/Pipeline/Pipeline.php(209): Illuminate/Foundation/Http/Middleware/InvokeDeferredCallbacks->handle(Object(Illuminate/Http/Request), Object(Closure))
#55 E:/1KERJAAN/Telisik Studio/Dashboard HSE/hse-dashboard/hse-backend/vendor/laravel/framework/src/Illuminate/Pipeline/Pipeline.php(127): Illuminate/Pipeline/Pipeline->Illuminate/Pipeline/{closure}(Object(Illuminate/Http/Request))
#56 E:/1KERJAAN/Telisik Studio/Dashboard HSE/hse-dashboard/hse-backend/vendor/laravel/framework/src/Illuminate/Foundation/Http/Kernel.php(176): Illuminate/Pipeline/Pipeline->then(Object(Closure))
#57 E:/1KERJAAN/Telisik Studio/Dashboard HSE/hse-dashboard/hse-backend/vendor/laravel/framework/src/Illuminate/Foundation/Http/Kernel.php(145): Illuminate/Foundation/Http/Kernel->sendRequestThroughRouter(Object(Illuminate/Http/Request))
#58 E:/1KERJAAN/Telisik Studio/Dashboard HSE/hse-dashboard/hse-backend/vendor/laravel/framework/src/Illuminate/Foundation/Application.php(1220): Illuminate/Foundation/Http/Kernel->handle(Object(Illuminate/Http/Request))
#59 E:/1KERJAAN/Telisik Studio/Dashboard HSE/hse-dashboard/hse-backend/public/index.php(17): Illuminate/Foundation/Application->handleRequest(Object(Illuminate/Http/Request))
#60 E:/1KERJAAN/Telisik Studio/Dashboard HSE/hse-dashboard/hse-backend/vendor/laravel/framework/src/Illuminate/Foundation/resources/server.php(23): require_once('E://1KERJAAN//Tel...')
#61 {main}
"} 
[2026-08-04 17:45:21] local.ERROR: Call to undefined method Illuminate\Database\Eloquent\Builder::query() {"userId":1,"exception":"[object] (BadMethodCallException(code: 0): Call to undefined method Illuminate\\Database\\Eloquent\\Builder::query() at E:/1KERJAAN/Telisik Studio/Dashboard HSE/hse-dashboard/hse-backend/vendor/laravel/framework/src/Illuminate/Support/Traits/ForwardsCalls.php:67)
[stacktrace]
#0 E:/1KERJAAN/Telisik Studio/Dashboard HSE/hse-dashboard/hse-backend/vendor/laravel/framework/src/Illuminate/Support/Traits/ForwardsCalls.php(36): Illuminate/Database/Eloquent/Builder::throwBadMethodCallException('query')
#1 E:/1KERJAAN/Telisik Studio/Dashboard HSE/hse-dashboard/hse-backend/vendor/laravel/framework/src/Illuminate/Database/Eloquent/Builder.php(2123): Illuminate/Database/Eloquent/Builder->forwardCallTo(Object(Illuminate/Database/Query/Builder), 'query', Array)
#2 E:/1KERJAAN/Telisik Studio/Dashboard HSE/hse-dashboard/hse-backend/app/Http/Controllers/Api/PermitController.php(23): Illuminate/Database/Eloquent/Builder->__call('query', Array)
#3 E:/1KERJAAN/Telisik Studio/Dashboard HSE/hse-dashboard/hse-backend/vendor/laravel/framework/src/Illuminate/Routing/ControllerDispatcher.php(47): App/Http/Controllers/Api/PermitController->index(Object(Illuminate/Http/Request))
#4 E:/1KERJAAN/Telisik Studio/Dashboard HSE/hse-dashboard/hse-backend/vendor/laravel/framework/src/Illuminate/Routing/Route.php(266): Illuminate/Routing/ControllerDispatcher->dispatch(Object(Illuminate/Routing/Route), Object(App/Http/Controllers/Api/PermitController), 'index')
#5 E:/1KERJAAN/Telisik Studio/Dashboard HSE/hse-dashboard/hse-backend/vendor/laravel/framework/src/Illuminate/Routing/Route.php(212): Illuminate/Routing/Route->runController()
#6 E:/1KERJAAN/Telisik Studio/Dashboard HSE/hse-dashboard/hse-backend/vendor/laravel/framework/src/Illuminate/Routing/Router.php(808): Illuminate/Routing/Route->run()
#7 E:/1KERJAAN/Telisik Studio/Dashboard HSE/hse-dashboard/hse-backend/vendor/laravel/framework/src/Illuminate/Pipeline/Pipeline.php(170): Illuminate/Routing/Router->Illuminate/Routing/{closure}(Object(Illuminate/Http/Request))
#8 E:/1KERJAAN/Telisik Studio/Dashboard HSE/hse-dashboard/hse-backend/app/Http/Middleware/EnsureAnyPermission.php(26): Illuminate/Pipeline/Pipeline->Illuminate/Pipeline/{closure}(Object(Illuminate/Http/Request))
#9 E:/1KERJAAN/Telisik Studio/Dashboard HSE/hse-dashboard/hse-backend/vendor/laravel/framework/src/Illuminate/Pipeline/Pipeline.php(209): App/Http/Middleware/EnsureAnyPermission->handle(Object(Illuminate/Http/Request), Object(Closure), 'permits', 'permits_own')
#10 E:/1KERJAAN/Telisik Studio/Dashboard HSE/hse-dashboard/hse-backend/vendor/laravel/framework/src/Illuminate/Routing/Middleware/SubstituteBindings.php(51): Illuminate/Pipeline/Pipeline->Illuminate/Pipeline/{closure}(Object(Illuminate/Http/Request))
#11 E:/1KERJAAN/Telisik Studio/Dashboard HSE/hse-dashboard/hse-backend/vendor/laravel/framework/src/Illuminate/Pipeline/Pipeline.php(209): Illuminate/Routing/Middleware/SubstituteBindings->handle(Object(Illuminate/Http/Request), Object(Closure))
#12 E:/1KERJAAN/Telisik Studio/Dashboard HSE/hse-dashboard/hse-backend/vendor/laravel/framework/src/Illuminate/Auth/Middleware/Authenticate.php(64): Illuminate/Pipeline/Pipeline->Illuminate/Pipeline/{closure}(Object(Illuminate/Http/Request))
#13 E:/1KERJAAN/Telisik Studio/Dashboard HSE/hse-dashboard/hse-backend/vendor/laravel/framework/src/Illuminate/Pipeline/Pipeline.php(209): Illuminate/Auth/Middleware/Authenticate->handle(Object(Illuminate/Http/Request), Object(Closure), 'sanctum')
#14 E:/1KERJAAN/Telisik Studio/Dashboard HSE/hse-dashboard/hse-backend/vendor/laravel/sanctum/src/Http/Middleware/EnsureFrontendRequestsAreStateful.php(26): Illuminate/Pipeline/Pipeline->Illuminate/Pipeline/{closure}(Object(Illuminate/Http/Request))
#15 E:/1KERJAAN/Telisik Studio/Dashboard HSE/hse-dashboard/hse-backend/vendor/laravel/framework/src/Illuminate/Pipeline/Pipeline.php(170): Laravel/Sanctum/Http/Middleware/EnsureFrontendRequestsAreStateful->Laravel/Sanctum/Http/Middleware/{closure}(Object(Illuminate/Http/Request))
#16 E:/1KERJAAN/Telisik Studio/Dashboard HSE/hse-dashboard/hse-backend/vendor/laravel/sanctum/src/Http/Middleware/AuthenticateSession.php(60): Illuminate/Pipeline/Pipeline->Illuminate/Pipeline/{closure}(Object(Illuminate/Http/Request))
#17 E:/1KERJAAN/Telisik Studio/Dashboard HSE/hse-dashboard/hse-backend/vendor/laravel/framework/src/Illuminate/Pipeline/Pipeline.php(209): Laravel/Sanctum/Http/Middleware/AuthenticateSession->handle(Object(Illuminate/Http/Request), Object(Closure))
#18 E:/1KERJAAN/Telisik Studio/Dashboard HSE/hse-dashboard/hse-backend/vendor/laravel/framework/src/Illuminate/Foundation/Http/Middleware/VerifyCsrfToken.php(88): Illuminate/Pipeline/Pipeline->Illuminate/Pipeline/{closure}(Object(Illuminate/Http/Request))
#19 E:/1KERJAAN/Telisik Studio/Dashboard HSE/hse-dashboard/hse-backend/vendor/laravel/framework/src/Illuminate/Pipeline/Pipeline.php(209): Illuminate/Foundation/Http/Middleware/VerifyCsrfToken->handle(Object(Illuminate/Http/Request), Object(Closure))
#20 E:/1KERJAAN/Telisik Studio/Dashboard HSE/hse-dashboard/hse-backend/vendor/laravel/framework/src/Illuminate/Session/Middleware/StartSession.php(121): Illuminate/Pipeline/Pipeline->Illuminate/Pipeline/{closure}(Object(Illuminate/Http/Request))
#21 E:/1KERJAAN/Telisik Studio/Dashboard HSE/hse-dashboard/hse-backend/vendor/laravel/framework/src/Illuminate/Session/Middleware/StartSession.php(64): Illuminate/Session/Middleware/StartSession->handleStatefulRequest(Object(Illuminate/Http/Request), Object(Illuminate/Session/Store), Object(Closure))
#22 E:/1KERJAAN/Telisik Studio/Dashboard HSE/hse-dashboard/hse-backend/vendor/laravel/framework/src/Illuminate/Pipeline/Pipeline.php(209): Illuminate/Session/Middleware/StartSession->handle(Object(Illuminate/Http/Request), Object(Closure))
#23 E:/1KERJAAN/Telisik Studio/Dashboard HSE/hse-dashboard/hse-backend/vendor/laravel/framework/src/Illuminate/Cookie/Middleware/AddQueuedCookiesToResponse.php(37): Illuminate/Pipeline/Pipeline->Illuminate/Pipeline/{closure}(Object(Illuminate/Http/Request))
#24 E:/1KERJAAN/Telisik Studio/Dashboard HSE/hse-dashboard/hse-backend/vendor/laravel/framework/src/Illuminate/Pipeline/Pipeline.php(209): Illuminate/Cookie/Middleware/AddQueuedCookiesToResponse->handle(Object(Illuminate/Http/Request), Object(Closure))
#25 E:/1KERJAAN/Telisik Studio/Dashboard HSE/hse-dashboard/hse-backend/vendor/laravel/framework/src/Illuminate/Cookie/Middleware/EncryptCookies.php(75): Illuminate/Pipeline/Pipeline->Illuminate/Pipeline/{closure}(Object(Illuminate/Http/Request))
#26 E:/1KERJAAN/Telisik Studio/Dashboard HSE/hse-dashboard/hse-backend/vendor/laravel/framework/src/Illuminate/Pipeline/Pipeline.php(209): Illuminate/Cookie/Middleware/EncryptCookies->handle(Object(Illuminate/Http/Request), Object(Closure))
#27 E:/1KERJAAN/Telisik Studio/Dashboard HSE/hse-dashboard/hse-backend/vendor/laravel/sanctum/src/Http/Middleware/EnsureFrontendRequestsAreStateful.php(61): Illuminate/Pipeline/Pipeline->Illuminate/Pipeline/{closure}(Object(Illuminate/Http/Request))
#28 E:/1KERJAAN/Telisik Studio/Dashboard HSE/hse-dashboard/hse-backend/vendor/laravel/framework/src/Illuminate/Pipeline/Pipeline.php(191): Laravel/Sanctum/Http/Middleware/EnsureFrontendRequestsAreStateful->Laravel/Sanctum/Http/Middleware/{closure}(Object(Illuminate/Http/Request), Object(Closure))
#29 E:/1KERJAAN/Telisik Studio/Dashboard HSE/hse-dashboard/hse-backend/vendor/laravel/framework/src/Illuminate/Pipeline/Pipeline.php(127): Illuminate/Pipeline/Pipeline->Illuminate/Pipeline/{closure}(Object(Illuminate/Http/Request))
#30 E:/1KERJAAN/Telisik Studio/Dashboard HSE/hse-dashboard/hse-backend/vendor/laravel/sanctum/src/Http/Middleware/EnsureFrontendRequestsAreStateful.php(25): Illuminate/Pipeline/Pipeline->then(Object(Closure))
#31 E:/1KERJAAN/Telisik Studio/Dashboard HSE/hse-dashboard/hse-backend/vendor/laravel/framework/src/Illuminate/Pipeline/Pipeline.php(209): Laravel/Sanctum/Http/Middleware/EnsureFrontendRequestsAreStateful->handle(Object(Illuminate/Http/Request), Object(Closure))
#32 E:/1KERJAAN/Telisik Studio/Dashboard HSE/hse-dashboard/hse-backend/vendor/laravel/framework/src/Illuminate/Pipeline/Pipeline.php(127): Illuminate/Pipeline/Pipeline->Illuminate/Pipeline/{closure}(Object(Illuminate/Http/Request))
#33 E:/1KERJAAN/Telisik Studio/Dashboard HSE/hse-dashboard/hse-backend/vendor/laravel/framework/src/Illuminate/Routing/Router.php(807): Illuminate/Pipeline/Pipeline->then(Object(Closure))
#34 E:/1KERJAAN/Telisik Studio/Dashboard HSE/hse-dashboard/hse-backend/vendor/laravel/framework/src/Illuminate/Routing/Router.php(786): Illuminate/Routing/Router->runRouteWithinStack(Object(Illuminate/Routing/Route), Object(Illuminate/Http/Request))
#35 E:/1KERJAAN/Telisik Studio/Dashboard HSE/hse-dashboard/hse-backend/vendor/laravel/framework/src/Illuminate/Routing/Router.php(750): Illuminate/Routing/Router->runRoute(Object(Illuminate/Http/Request), Object(Illuminate/Routing/Route))
#36 E:/1KERJAAN/Telisik Studio/Dashboard HSE/hse-dashboard/hse-backend/vendor/laravel/framework/src/Illuminate/Routing/Router.php(739): Illuminate/Routing/Router->dispatchToRoute(Object(Illuminate/Http/Request))
#37 E:/1KERJAAN/Telisik Studio/Dashboard HSE/hse-dashboard/hse-backend/vendor/laravel/framework/src/Illuminate/Foundation/Http/Kernel.php(201): Illuminate/Routing/Router->dispatch(Object(Illuminate/Http/Request))
#38 E:/1KERJAAN/Telisik Studio/Dashboard HSE/hse-dashboard/hse-backend/vendor/laravel/framework/src/Illuminate/Pipeline/Pipeline.php(170): Illuminate/Foundation/Http/Kernel->Illuminate/Foundation/Http/{closure}(Object(Illuminate/Http/Request))
#39 E:/1KERJAAN/Telisik Studio/Dashboard HSE/hse-dashboard/hse-backend/vendor/laravel/framework/src/Illuminate/Foundation/Http/Middleware/TransformsRequest.php(21): Illuminate/Pipeline/Pipeline->Illuminate/Pipeline/{closure}(Object(Illuminate/Http/Request))
#40 E:/1KERJAAN/Telisik Studio/Dashboard HSE/hse-dashboard/hse-backend/vendor/laravel/framework/src/Illuminate/Foundation/Http/Middleware/ConvertEmptyStringsToNull.php(31): Illuminate/Foundation/Http/Middleware/TransformsRequest->handle(Object(Illuminate/Http/Request), Object(Closure))
#41 E:/1KERJAAN/Telisik Studio/Dashboard HSE/hse-dashboard/hse-backend/vendor/laravel/framework/src/Illuminate/Pipeline/Pipeline.php(209): Illuminate/Foundation/Http/Middleware/ConvertEmptyStringsToNull->handle(Object(Illuminate/Http/Request), Object(Closure))
#42 E:/1KERJAAN/Telisik Studio/Dashboard HSE/hse-dashboard/hse-backend/vendor/laravel/framework/src/Illuminate/Foundation/Http/Middleware/TransformsRequest.php(21): Illuminate/Pipeline/Pipeline->Illuminate/Pipeline/{closure}(Object(Illuminate/Http/Request))
#43 E:/1KERJAAN/Telisik Studio/Dashboard HSE/hse-dashboard/hse-backend/vendor/laravel/framework/src/Illuminate/Foundation/Http/Middleware/TrimStrings.php(51): Illuminate/Foundation/Http/Middleware/TransformsRequest->handle(Object(Illuminate/Http/Request), Object(Closure))
#44 E:/1KERJAAN/Telisik Studio/Dashboard HSE/hse-dashboard/hse-backend/vendor/laravel/framework/src/Illuminate/Pipeline/Pipeline.php(209): Illuminate/Foundation/Http/Middleware/TrimStrings->handle(Object(Illuminate/Http/Request), Object(Closure))
#45 E:/1KERJAAN/Telisik Studio/Dashboard HSE/hse-dashboard/hse-backend/vendor/laravel/framework/src/Illuminate/Http/Middleware/ValidatePostSize.php(27): Illuminate/Pipeline/Pipeline->Illuminate/Pipeline/{closure}(Object(Illuminate/Http/Request))
#46 E:/1KERJAAN/Telisik Studio/Dashboard HSE/hse-dashboard/hse-backend/vendor/laravel/framework/src/Illuminate/Pipeline/Pipeline.php(209): Illuminate/Http/Middleware/ValidatePostSize->handle(Object(Illuminate/Http/Request), Object(Closure))
#47 E:/1KERJAAN/Telisik Studio/Dashboard HSE/hse-dashboard/hse-backend/vendor/laravel/framework/src/Illuminate/Foundation/Http/Middleware/PreventRequestsDuringMaintenance.php(110): Illuminate/Pipeline/Pipeline->Illuminate/Pipeline/{closure}(Object(Illuminate/Http/Request))
#48 E:/1KERJAAN/Telisik Studio/Dashboard HSE/hse-dashboard/hse-backend/vendor/laravel/framework/src/Illuminate/Pipeline/Pipeline.php(209): Illuminate/Foundation/Http/Middleware/PreventRequestsDuringMaintenance->handle(Object(Illuminate/Http/Request), Object(Closure))
#49 E:/1KERJAAN/Telisik Studio/Dashboard HSE/hse-dashboard/hse-backend/vendor/laravel/framework/src/Illuminate/Http/Middleware/HandleCors.php(62): Illuminate/Pipeline/Pipeline->Illuminate/Pipeline/{closure}(Object(Illuminate/Http/Request))
#50 E:/1KERJAAN/Telisik Studio/Dashboard HSE/hse-dashboard/hse-backend/vendor/laravel/framework/src/Illuminate/Pipeline/Pipeline.php(209): Illuminate/Http/Middleware/HandleCors->handle(Object(Illuminate/Http/Request), Object(Closure))
#51 E:/1KERJAAN/Telisik Studio/Dashboard HSE/hse-dashboard/hse-backend/vendor/laravel/framework/src/Illuminate/Http/Middleware/TrustProxies.php(58): Illuminate/Pipeline/Pipeline->Illuminate/Pipeline/{closure}(Object(Illuminate/Http/Request))
#52 E:/1KERJAAN/Telisik Studio/Dashboard HSE/hse-dashboard/hse-backend/vendor/laravel/framework/src/Illuminate/Pipeline/Pipeline.php(209): Illuminate/Http/Middleware/TrustProxies->handle(Object(Illuminate/Http/Request), Object(Closure))
#53 E:/1KERJAAN/Telisik Studio/Dashboard HSE/hse-dashboard/hse-backend/vendor/laravel/framework/src/Illuminate/Foundation/Http/Middleware/InvokeDeferredCallbacks.php(22): Illuminate/Pipeline/Pipeline->Illuminate/Pipeline/{closure}(Object(Illuminate/Http/Request))
#54 E:/1KERJAAN/Telisik Studio/Dashboard HSE/hse-dashboard/hse-backend/vendor/laravel/framework/src/Illuminate/Pipeline/Pipeline.php(209): Illuminate/Foundation/Http/Middleware/InvokeDeferredCallbacks->handle(Object(Illuminate/Http/Request), Object(Closure))
#55 E:/1KERJAAN/Telisik Studio/Dashboard HSE/hse-dashboard/hse-backend/vendor/laravel/framework/src/Illuminate/Pipeline/Pipeline.php(127): Illuminate/Pipeline/Pipeline->Illuminate/Pipeline/{closure}(Object(Illuminate/Http/Request))
#56 E:/1KERJAAN/Telisik Studio/Dashboard HSE/hse-dashboard/hse-backend/vendor/laravel/framework/src/Illuminate/Foundation/Http/Kernel.php(176): Illuminate/Pipeline/Pipeline->then(Object(Closure))
#57 E:/1KERJAAN/Telisik Studio/Dashboard HSE/hse-dashboard/hse-backend/vendor/laravel/framework/src/Illuminate/Foundation/Http/Kernel.php(145): Illuminate/Foundation/Http/Kernel->sendRequestThroughRouter(Object(Illuminate/Http/Request))
#58 E:/1KERJAAN/Telisik Studio/Dashboard HSE/hse-dashboard/hse-backend/vendor/laravel/framework/src/Illuminate/Foundation/Application.php(1220): Illuminate/Foundation/Http/Kernel->handle(Object(Illuminate/Http/Request))
#59 E:/1KERJAAN/Telisik Studio/Dashboard HSE/hse-dashboard/hse-backend/public/index.php(17): Illuminate/Foundation/Application->handleRequest(Object(Illuminate/Http/Request))
#60 E:/1KERJAAN/Telisik Studio/Dashboard HSE/hse-dashboard/hse-backend/vendor/laravel/framework/src/Illuminate/Foundation/resources/server.php(23): require_once('E://1KERJAAN//Tel...')
#61 {main}
"} 
[2026-08-04 22:20:10] local.ERROR: Route [login] not defined. {"exception":"[object] (Symfony\\Component\\Routing\\Exception\\RouteNotFoundException(code: 0): Route [login] not defined. at E:/1KERJAAN/Telisik Studio/Dashboard HSE/hse-dashboard/hse-backend/vendor/laravel/framework/src/Illuminate/Routing/UrlGenerator.php:517)
[stacktrace]
#0 E:/1KERJAAN/Telisik Studio/Dashboard HSE/hse-dashboard/hse-backend/vendor/laravel/framework/src/Illuminate/Foundation/helpers.php(853): Illuminate/Routing/UrlGenerator->route('login', Array, true)
#1 E:/1KERJAAN/Telisik Studio/Dashboard HSE/hse-dashboard/hse-backend/vendor/laravel/framework/src/Illuminate/Foundation/Configuration/ApplicationBuilder.php(278): route('login')
#2 [internal function]: Illuminate/Foundation/Configuration/ApplicationBuilder->Illuminate/Foundation/Configuration/{closure}(Object(Illuminate/Http/Request))
#3 E:/1KERJAAN/Telisik Studio/Dashboard HSE/hse-dashboard/hse-backend/vendor/laravel/framework/src/Illuminate/Auth/Middleware/Authenticate.php(118): call_user_func(Object(Closure), Object(Illuminate/Http/Request))
#4 E:/1KERJAAN/Telisik Studio/Dashboard HSE/hse-dashboard/hse-backend/vendor/laravel/framework/src/Illuminate/Auth/Middleware/Authenticate.php(105): Illuminate/Auth/Middleware/Authenticate->redirectTo(Object(Illuminate/Http/Request))
#5 E:/1KERJAAN/Telisik Studio/Dashboard HSE/hse-dashboard/hse-backend/vendor/laravel/framework/src/Illuminate/Auth/Middleware/Authenticate.php(88): Illuminate/Auth/Middleware/Authenticate->unauthenticated(Object(Illuminate/Http/Request), Array)
#6 E:/1KERJAAN/Telisik Studio/Dashboard HSE/hse-dashboard/hse-backend/vendor/laravel/framework/src/Illuminate/Auth/Middleware/Authenticate.php(62): Illuminate/Auth/Middleware/Authenticate->authenticate(Object(Illuminate/Http/Request), Array)
#7 E:/1KERJAAN/Telisik Studio/Dashboard HSE/hse-dashboard/hse-backend/vendor/laravel/framework/src/Illuminate/Pipeline/Pipeline.php(209): Illuminate/Auth/Middleware/Authenticate->handle(Object(Illuminate/Http/Request), Object(Closure), 'sanctum')
#8 E:/1KERJAAN/Telisik Studio/Dashboard HSE/hse-dashboard/hse-backend/vendor/laravel/sanctum/src/Http/Middleware/EnsureFrontendRequestsAreStateful.php(26): Illuminate/Pipeline/Pipeline->Illuminate/Pipeline/{closure}(Object(Illuminate/Http/Request))
#9 E:/1KERJAAN/Telisik Studio/Dashboard HSE/hse-dashboard/hse-backend/vendor/laravel/framework/src/Illuminate/Pipeline/Pipeline.php(170): Laravel/Sanctum/Http/Middleware/EnsureFrontendRequestsAreStateful->Laravel/Sanctum/Http/Middleware/{closure}(Object(Illuminate/Http/Request))
#10 E:/1KERJAAN/Telisik Studio/Dashboard HSE/hse-dashboard/hse-backend/vendor/laravel/framework/src/Illuminate/Pipeline/Pipeline.php(127): Illuminate/Pipeline/Pipeline->Illuminate/Pipeline/{closure}(Object(Illuminate/Http/Request))
#11 E:/1KERJAAN/Telisik Studio/Dashboard HSE/hse-dashboard/hse-backend/vendor/laravel/sanctum/src/Http/Middleware/EnsureFrontendRequestsAreStateful.php(25): Illuminate/Pipeline/Pipeline->then(Object(Closure))
#12 E:/1KERJAAN/Telisik Studio/Dashboard HSE/hse-dashboard/hse-backend/vendor/laravel/framework/src/Illuminate/Pipeline/Pipeline.php(209): Laravel/Sanctum/Http/Middleware/EnsureFrontendRequestsAreStateful->handle(Object(Illuminate/Http/Request), Object(Closure))
#13 E:/1KERJAAN/Telisik Studio/Dashboard HSE/hse-dashboard/hse-backend/vendor/laravel/framework/src/Illuminate/Pipeline/Pipeline.php(127): Illuminate/Pipeline/Pipeline->Illuminate/Pipeline/{closure}(Object(Illuminate/Http/Request))
#14 E:/1KERJAAN/Telisik Studio/Dashboard HSE/hse-dashboard/hse-backend/vendor/laravel/framework/src/Illuminate/Routing/Router.php(807): Illuminate/Pipeline/Pipeline->then(Object(Closure))
#15 E:/1KERJAAN/Telisik Studio/Dashboard HSE/hse-dashboard/hse-backend/vendor/laravel/framework/src/Illuminate/Routing/Router.php(786): Illuminate/Routing/Router->runRouteWithinStack(Object(Illuminate/Routing/Route), Object(Illuminate/Http/Request))
#16 E:/1KERJAAN/Telisik Studio/Dashboard HSE/hse-dashboard/hse-backend/vendor/laravel/framework/src/Illuminate/Routing/Router.php(750): Illuminate/Routing/Router->runRoute(Object(Illuminate/Http/Request), Object(Illuminate/Routing/Route))
#17 E:/1KERJAAN/Telisik Studio/Dashboard HSE/hse-dashboard/hse-backend/vendor/laravel/framework/src/Illuminate/Routing/Router.php(739): Illuminate/Routing/Router->dispatchToRoute(Object(Illuminate/Http/Request))
#18 E:/1KERJAAN/Telisik Studio/Dashboard HSE/hse-dashboard/hse-backend/vendor/laravel/framework/src/Illuminate/Foundation/Http/Kernel.php(201): Illuminate/Routing/Router->dispatch(Object(Illuminate/Http/Request))
#19 E:/1KERJAAN/Telisik Studio/Dashboard HSE/hse-dashboard/hse-backend/vendor/laravel/framework/src/Illuminate/Pipeline/Pipeline.php(170): Illuminate/Foundation/Http/Kernel->Illuminate/Foundation/Http/{closure}(Object(Illuminate/Http/Request))
#20 E:/1KERJAAN/Telisik Studio/Dashboard HSE/hse-dashboard/hse-backend/vendor/laravel/framework/src/Illuminate/Foundation/Http/Middleware/TransformsRequest.php(21): Illuminate/Pipeline/Pipeline->Illuminate/Pipeline/{closure}(Object(Illuminate/Http/Request))
#21 E:/1KERJAAN/Telisik Studio/Dashboard HSE/hse-dashboard/hse-backend/vendor/laravel/framework/src/Illuminate/Foundation/Http/Middleware/ConvertEmptyStringsToNull.php(31): Illuminate/Foundation/Http/Middleware/TransformsRequest->handle(Object(Illuminate/Http/Request), Object(Closure))
#22 E:/1KERJAAN/Telisik Studio/Dashboard HSE/hse-dashboard/hse-backend/vendor/laravel/framework/src/Illuminate/Pipeline/Pipeline.php(209): Illuminate/Foundation/Http/Middleware/ConvertEmptyStringsToNull->handle(Object(Illuminate/Http/Request), Object(Closure))
#23 E:/1KERJAAN/Telisik Studio/Dashboard HSE/hse-dashboard/hse-backend/vendor/laravel/framework/src/Illuminate/Foundation/Http/Middleware/TransformsRequest.php(21): Illuminate/Pipeline/Pipeline->Illuminate/Pipeline/{closure}(Object(Illuminate/Http/Request))
#24 E:/1KERJAAN/Telisik Studio/Dashboard HSE/hse-dashboard/hse-backend/vendor/laravel/framework/src/Illuminate/Foundation/Http/Middleware/TrimStrings.php(51): Illuminate/Foundation/Http/Middleware/TransformsRequest->handle(Object(Illuminate/Http/Request), Object(Closure))
#25 E:/1KERJAAN/Telisik Studio/Dashboard HSE/hse-dashboard/hse-backend/vendor/laravel/framework/src/Illuminate/Pipeline/Pipeline.php(209): Illuminate/Foundation/Http/Middleware/TrimStrings->handle(Object(Illuminate/Http/Request), Object(Closure))
#26 E:/1KERJAAN/Telisik Studio/Dashboard HSE/hse-dashboard/hse-backend/vendor/laravel/framework/src/Illuminate/Http/Middleware/ValidatePostSize.php(27): Illuminate/Pipeline/Pipeline->Illuminate/Pipeline/{closure}(Object(Illuminate/Http/Request))
#27 E:/1KERJAAN/Telisik Studio/Dashboard HSE/hse-dashboard/hse-backend/vendor/laravel/framework/src/Illuminate/Pipeline/Pipeline.php(209): Illuminate/Http/Middleware/ValidatePostSize->handle(Object(Illuminate/Http/Request), Object(Closure))
#28 E:/1KERJAAN/Telisik Studio/Dashboard HSE/hse-dashboard/hse-backend/vendor/laravel/framework/src/Illuminate/Foundation/Http/Middleware/PreventRequestsDuringMaintenance.php(110): Illuminate/Pipeline/Pipeline->Illuminate/Pipeline/{closure}(Object(Illuminate/Http/Request))
#29 E:/1KERJAAN/Telisik Studio/Dashboard HSE/hse-dashboard/hse-backend/vendor/laravel/framework/src/Illuminate/Pipeline/Pipeline.php(209): Illuminate/Foundation/Http/Middleware/PreventRequestsDuringMaintenance->handle(Object(Illuminate/Http/Request), Object(Closure))
#30 E:/1KERJAAN/Telisik Studio/Dashboard HSE/hse-dashboard/hse-backend/vendor/laravel/framework/src/Illuminate/Http/Middleware/HandleCors.php(62): Illuminate/Pipeline/Pipeline->Illuminate/Pipeline/{closure}(Object(Illuminate/Http/Request))
#31 E:/1KERJAAN/Telisik Studio/Dashboard HSE/hse-dashboard/hse-backend/vendor/laravel/framework/src/Illuminate/Pipeline/Pipeline.php(209): Illuminate/Http/Middleware/HandleCors->handle(Object(Illuminate/Http/Request), Object(Closure))
#32 E:/1KERJAAN/Telisik Studio/Dashboard HSE/hse-dashboard/hse-backend/vendor/laravel/framework/src/Illuminate/Http/Middleware/TrustProxies.php(58): Illuminate/Pipeline/Pipeline->Illuminate/Pipeline/{closure}(Object(Illuminate/Http/Request))
#33 E:/1KERJAAN/Telisik Studio/Dashboard HSE/hse-dashboard/hse-backend/vendor/laravel/framework/src/Illuminate/Pipeline/Pipeline.php(209): Illuminate/Http/Middleware/TrustProxies->handle(Object(Illuminate/Http/Request), Object(Closure))
#34 E:/1KERJAAN/Telisik Studio/Dashboard HSE/hse-dashboard/hse-backend/vendor/laravel/framework/src/Illuminate/Foundation/Http/Middleware/InvokeDeferredCallbacks.php(22): Illuminate/Pipeline/Pipeline->Illuminate/Pipeline/{closure}(Object(Illuminate/Http/Request))
#35 E:/1KERJAAN/Telisik Studio/Dashboard HSE/hse-dashboard/hse-backend/vendor/laravel/framework/src/Illuminate/Pipeline/Pipeline.php(209): Illuminate/Foundation/Http/Middleware/InvokeDeferredCallbacks->handle(Object(Illuminate/Http/Request), Object(Closure))
#36 E:/1KERJAAN/Telisik Studio/Dashboard HSE/hse-dashboard/hse-backend/vendor/laravel/framework/src/Illuminate/Pipeline/Pipeline.php(127): Illuminate/Pipeline/Pipeline->Illuminate/Pipeline/{closure}(Object(Illuminate/Http/Request))
#37 E:/1KERJAAN/Telisik Studio/Dashboard HSE/hse-dashboard/hse-backend/vendor/laravel/framework/src/Illuminate/Foundation/Http/Kernel.php(176): Illuminate/Pipeline/Pipeline->then(Object(Closure))
#38 E:/1KERJAAN/Telisik Studio/Dashboard HSE/hse-dashboard/hse-backend/vendor/laravel/framework/src/Illuminate/Foundation/Http/Kernel.php(145): Illuminate/Foundation/Http/Kernel->sendRequestThroughRouter(Object(Illuminate/Http/Request))
#39 E:/1KERJAAN/Telisik Studio/Dashboard HSE/hse-dashboard/hse-backend/vendor/laravel/framework/src/Illuminate/Foundation/Application.php(1220): Illuminate/Foundation/Http/Kernel->handle(Object(Illuminate/Http/Request))
#40 E:/1KERJAAN/Telisik Studio/Dashboard HSE/hse-dashboard/hse-backend/public/index.php(17): Illuminate/Foundation/Application->handleRequest(Object(Illuminate/Http/Request))
#41 E:/1KERJAAN/Telisik Studio/Dashboard HSE/hse-dashboard/hse-backend/vendor/laravel/framework/src/Illuminate/Foundation/resources/server.php(23): require_once('E://1KERJAAN//Tel...')
#42 {main}
"} 
[2026-08-05 02:28:58] local.ERROR: syntax error, unexpected token "private", expecting end of file {"exception":"[object] (ParseError(code: 0): syntax error, unexpected token \"private\", expecting end of file at E:/1KERJAAN/Telisik Studio/Dashboard HSE/hse-dashboard/hse-backend/app/Http/Controllers/Api/DashboardController.php:175)
[stacktrace]
#0 E:/1KERJAAN/Telisik Studio/Dashboard HSE/hse-dashboard/hse-backend/vendor/composer/ClassLoader.php(427): Composer/Autoload/{closure}('E://1KERJAAN//Tel...')
#1 [internal function]: Composer/Autoload/ClassLoader->loadClass('App//Http//Contro...')
#2 E:/1KERJAAN/Telisik Studio/Dashboard HSE/hse-dashboard/hse-backend/vendor/laravel/framework/src/Illuminate/Routing/Route.php(1117): is_a('App//Http//Contro...', 'Illuminate//Rout...', true)
#3 E:/1KERJAAN/Telisik Studio/Dashboard HSE/hse-dashboard/hse-backend/vendor/laravel/framework/src/Illuminate/Routing/Route.php(1054): Illuminate/Routing/Route->controllerMiddleware()
#4 E:/1KERJAAN/Telisik Studio/Dashboard HSE/hse-dashboard/hse-backend/vendor/laravel/framework/src/Illuminate/Routing/Router.php(820): Illuminate/Routing/Route->gatherMiddleware()
#5 E:/1KERJAAN/Telisik Studio/Dashboard HSE/hse-dashboard/hse-backend/vendor/laravel/framework/src/Illuminate/Routing/Router.php(802): Illuminate/Routing/Router->gatherRouteMiddleware(Object(Illuminate/Routing/Route))
#6 E:/1KERJAAN/Telisik Studio/Dashboard HSE/hse-dashboard/hse-backend/vendor/laravel/framework/src/Illuminate/Routing/Router.php(786): Illuminate/Routing/Router->runRouteWithinStack(Object(Illuminate/Routing/Route), Object(Illuminate/Http/Request))
#7 E:/1KERJAAN/Telisik Studio/Dashboard HSE/hse-dashboard/hse-backend/vendor/laravel/framework/src/Illuminate/Routing/Router.php(750): Illuminate/Routing/Router->runRoute(Object(Illuminate/Http/Request), Object(Illuminate/Routing/Route))
#8 E:/1KERJAAN/Telisik Studio/Dashboard HSE/hse-dashboard/hse-backend/vendor/laravel/framework/src/Illuminate/Routing/Router.php(739): Illuminate/Routing/Router->dispatchToRoute(Object(Illuminate/Http/Request))
#9 E:/1KERJAAN/Telisik Studio/Dashboard HSE/hse-dashboard/hse-backend/vendor/laravel/framework/src/Illuminate/Foundation/Http/Kernel.php(201): Illuminate/Routing/Router->dispatch(Object(Illuminate/Http/Request))
#10 E:/1KERJAAN/Telisik Studio/Dashboard HSE/hse-dashboard/hse-backend/vendor/laravel/framework/src/Illuminate/Pipeline/Pipeline.php(170): Illuminate/Foundation/Http/Kernel->Illuminate/Foundation/Http/{closure}(Object(Illuminate/Http/Request))
#11 E:/1KERJAAN/Telisik Studio/Dashboard HSE/hse-dashboard/hse-backend/vendor/laravel/framework/src/Illuminate/Foundation/Http/Middleware/TransformsRequest.php(21): Illuminate/Pipeline/Pipeline->Illuminate/Pipeline/{closure}(Object(Illuminate/Http/Request))
#12 E:/1KERJAAN/Telisik Studio/Dashboard HSE/hse-dashboard/hse-backend/vendor/laravel/framework/src/Illuminate/Foundation/Http/Middleware/ConvertEmptyStringsToNull.php(31): Illuminate/Foundation/Http/Middleware/TransformsRequest->handle(Object(Illuminate/Http/Request), Object(Closure))
#13 E:/1KERJAAN/Telisik Studio/Dashboard HSE/hse-dashboard/hse-backend/vendor/laravel/framework/src/Illuminate/Pipeline/Pipeline.php(209): Illuminate/Foundation/Http/Middleware/ConvertEmptyStringsToNull->handle(Object(Illuminate/Http/Request), Object(Closure))
#14 E:/1KERJAAN/Telisik Studio/Dashboard HSE/hse-dashboard/hse-backend/vendor/laravel/framework/src/Illuminate/Foundation/Http/Middleware/TransformsRequest.php(21): Illuminate/Pipeline/Pipeline->Illuminate/Pipeline/{closure}(Object(Illuminate/Http/Request))
#15 E:/1KERJAAN/Telisik Studio/Dashboard HSE/hse-dashboard/hse-backend/vendor/laravel/framework/src/Illuminate/Foundation/Http/Middleware/TrimStrings.php(51): Illuminate/Foundation/Http/Middleware/TransformsRequest->handle(Object(Illuminate/Http/Request), Object(Closure))
#16 E:/1KERJAAN/Telisik Studio/Dashboard HSE/hse-dashboard/hse-backend/vendor/laravel/framework/src/Illuminate/Pipeline/Pipeline.php(209): Illuminate/Foundation/Http/Middleware/TrimStrings->handle(Object(Illuminate/Http/Request), Object(Closure))
#17 E:/1KERJAAN/Telisik Studio/Dashboard HSE/hse-dashboard/hse-backend/vendor/laravel/framework/src/Illuminate/Http/Middleware/ValidatePostSize.php(27): Illuminate/Pipeline/Pipeline->Illuminate/Pipeline/{closure}(Object(Illuminate/Http/Request))
#18 E:/1KERJAAN/Telisik Studio/Dashboard HSE/hse-dashboard/hse-backend/vendor/laravel/framework/src/Illuminate/Pipeline/Pipeline.php(209): Illuminate/Http/Middleware/ValidatePostSize->handle(Object(Illuminate/Http/Request), Object(Closure))
#19 E:/1KERJAAN/Telisik Studio/Dashboard HSE/hse-dashboard/hse-backend/vendor/laravel/framework/src/Illuminate/Foundation/Http/Middleware/PreventRequestsDuringMaintenance.php(110): Illuminate/Pipeline/Pipeline->Illuminate/Pipeline/{closure}(Object(Illuminate/Http/Request))
#20 E:/1KERJAAN/Telisik Studio/Dashboard HSE/hse-dashboard/hse-backend/vendor/laravel/framework/src/Illuminate/Pipeline/Pipeline.php(209): Illuminate/Foundation/Http/Middleware/PreventRequestsDuringMaintenance->handle(Object(Illuminate/Http/Request), Object(Closure))
#21 E:/1KERJAAN/Telisik Studio/Dashboard HSE/hse-dashboard/hse-backend/vendor/laravel/framework/src/Illuminate/Http/Middleware/HandleCors.php(62): Illuminate/Pipeline/Pipeline->Illuminate/Pipeline/{closure}(Object(Illuminate/Http/Request))
#22 E:/1KERJAAN/Telisik Studio/Dashboard HSE/hse-dashboard/hse-backend/vendor/laravel/framework/src/Illuminate/Pipeline/Pipeline.php(209): Illuminate/Http/Middleware/HandleCors->handle(Object(Illuminate/Http/Request), Object(Closure))
#23 E:/1KERJAAN/Telisik Studio/Dashboard HSE/hse-dashboard/hse-backend/vendor/laravel/framework/src/Illuminate/Http/Middleware/TrustProxies.php(58): Illuminate/Pipeline/Pipeline->Illuminate/Pipeline/{closure}(Object(Illuminate/Http/Request))
#24 E:/1KERJAAN/Telisik Studio/Dashboard HSE/hse-dashboard/hse-backend/vendor/laravel/framework/src/Illuminate/Pipeline/Pipeline.php(209): Illuminate/Http/Middleware/TrustProxies->handle(Object(Illuminate/Http/Request), Object(Closure))
#25 E:/1KERJAAN/Telisik Studio/Dashboard HSE/hse-dashboard/hse-backend/vendor/laravel/framework/src/Illuminate/Foundation/Http/Middleware/InvokeDeferredCallbacks.php(22): Illuminate/Pipeline/Pipeline->Illuminate/Pipeline/{closure}(Object(Illuminate/Http/Request))
#26 E:/1KERJAAN/Telisik Studio/Dashboard HSE/hse-dashboard/hse-backend/vendor/laravel/framework/src/Illuminate/Pipeline/Pipeline.php(209): Illuminate/Foundation/Http/Middleware/InvokeDeferredCallbacks->handle(Object(Illuminate/Http/Request), Object(Closure))
#27 E:/1KERJAAN/Telisik Studio/Dashboard HSE/hse-dashboard/hse-backend/vendor/laravel/framework/src/Illuminate/Pipeline/Pipeline.php(127): Illuminate/Pipeline/Pipeline->Illuminate/Pipeline/{closure}(Object(Illuminate/Http/Request))
#28 E:/1KERJAAN/Telisik Studio/Dashboard HSE/hse-dashboard/hse-backend/vendor/laravel/framework/src/Illuminate/Foundation/Http/Kernel.php(176): Illuminate/Pipeline/Pipeline->then(Object(Closure))
#29 E:/1KERJAAN/Telisik Studio/Dashboard HSE/hse-dashboard/hse-backend/vendor/laravel/framework/src/Illuminate/Foundation/Http/Kernel.php(145): Illuminate/Foundation/Http/Kernel->sendRequestThroughRouter(Object(Illuminate/Http/Request))
#30 E:/1KERJAAN/Telisik Studio/Dashboard HSE/hse-dashboard/hse-backend/vendor/laravel/framework/src/Illuminate/Foundation/Application.php(1220): Illuminate/Foundation/Http/Kernel->handle(Object(Illuminate/Http/Request))
#31 E:/1KERJAAN/Telisik Studio/Dashboard HSE/hse-dashboard/hse-backend/public/index.php(17): Illuminate/Foundation/Application->handleRequest(Object(Illuminate/Http/Request))
#32 E:/1KERJAAN/Telisik Studio/Dashboard HSE/hse-dashboard/hse-backend/vendor/laravel/framework/src/Illuminate/Foundation/resources/server.php(23): require_once('E://1KERJAAN//Tel...')
#33 {main}
"} 
[2026-08-05 02:29:13] local.ERROR: syntax error, unexpected token "private", expecting end of file {"exception":"[object] (ParseError(code: 0): syntax error, unexpected token \"private\", expecting end of file at E:/1KERJAAN/Telisik Studio/Dashboard HSE/hse-dashboard/hse-backend/app/Http/Controllers/Api/DashboardController.php:175)
[stacktrace]
#0 E:/1KERJAAN/Telisik Studio/Dashboard HSE/hse-dashboard/hse-backend/vendor/composer/ClassLoader.php(427): Composer/Autoload/{closure}('E://1KERJAAN//Tel...')
#1 [internal function]: Composer/Autoload/ClassLoader->loadClass('App//Http//Contro...')
#2 E:/1KERJAAN/Telisik Studio/Dashboard HSE/hse-dashboard/hse-backend/vendor/laravel/framework/src/Illuminate/Routing/Route.php(1117): is_a('App//Http//Contro...', 'Illuminate//Rout...', true)
#3 E:/1KERJAAN/Telisik Studio/Dashboard HSE/hse-dashboard/hse-backend/vendor/laravel/framework/src/Illuminate/Routing/Route.php(1054): Illuminate/Routing/Route->controllerMiddleware()
#4 E:/1KERJAAN/Telisik Studio/Dashboard HSE/hse-dashboard/hse-backend/vendor/laravel/framework/src/Illuminate/Routing/Router.php(820): Illuminate/Routing/Route->gatherMiddleware()
#5 E:/1KERJAAN/Telisik Studio/Dashboard HSE/hse-dashboard/hse-backend/vendor/laravel/framework/src/Illuminate/Routing/Router.php(802): Illuminate/Routing/Router->gatherRouteMiddleware(Object(Illuminate/Routing/Route))
#6 E:/1KERJAAN/Telisik Studio/Dashboard HSE/hse-dashboard/hse-backend/vendor/laravel/framework/src/Illuminate/Routing/Router.php(786): Illuminate/Routing/Router->runRouteWithinStack(Object(Illuminate/Routing/Route), Object(Illuminate/Http/Request))
#7 E:/1KERJAAN/Telisik Studio/Dashboard HSE/hse-dashboard/hse-backend/vendor/laravel/framework/src/Illuminate/Routing/Router.php(750): Illuminate/Routing/Router->runRoute(Object(Illuminate/Http/Request), Object(Illuminate/Routing/Route))
#8 E:/1KERJAAN/Telisik Studio/Dashboard HSE/hse-dashboard/hse-backend/vendor/laravel/framework/src/Illuminate/Routing/Router.php(739): Illuminate/Routing/Router->dispatchToRoute(Object(Illuminate/Http/Request))
#9 E:/1KERJAAN/Telisik Studio/Dashboard HSE/hse-dashboard/hse-backend/vendor/laravel/framework/src/Illuminate/Foundation/Http/Kernel.php(201): Illuminate/Routing/Router->dispatch(Object(Illuminate/Http/Request))
#10 E:/1KERJAAN/Telisik Studio/Dashboard HSE/hse-dashboard/hse-backend/vendor/laravel/framework/src/Illuminate/Pipeline/Pipeline.php(170): Illuminate/Foundation/Http/Kernel->Illuminate/Foundation/Http/{closure}(Object(Illuminate/Http/Request))
#11 E:/1KERJAAN/Telisik Studio/Dashboard HSE/hse-dashboard/hse-backend/vendor/laravel/framework/src/Illuminate/Foundation/Http/Middleware/TransformsRequest.php(21): Illuminate/Pipeline/Pipeline->Illuminate/Pipeline/{closure}(Object(Illuminate/Http/Request))
#12 E:/1KERJAAN/Telisik Studio/Dashboard HSE/hse-dashboard/hse-backend/vendor/laravel/framework/src/Illuminate/Foundation/Http/Middleware/ConvertEmptyStringsToNull.php(31): Illuminate/Foundation/Http/Middleware/TransformsRequest->handle(Object(Illuminate/Http/Request), Object(Closure))
#13 E:/1KERJAAN/Telisik Studio/Dashboard HSE/hse-dashboard/hse-backend/vendor/laravel/framework/src/Illuminate/Pipeline/Pipeline.php(209): Illuminate/Foundation/Http/Middleware/ConvertEmptyStringsToNull->handle(Object(Illuminate/Http/Request), Object(Closure))
#14 E:/1KERJAAN/Telisik Studio/Dashboard HSE/hse-dashboard/hse-backend/vendor/laravel/framework/src/Illuminate/Foundation/Http/Middleware/TransformsRequest.php(21): Illuminate/Pipeline/Pipeline->Illuminate/Pipeline/{closure}(Object(Illuminate/Http/Request))
#15 E:/1KERJAAN/Telisik Studio/Dashboard HSE/hse-dashboard/hse-backend/vendor/laravel/framework/src/Illuminate/Foundation/Http/Middleware/TrimStrings.php(51): Illuminate/Foundation/Http/Middleware/TransformsRequest->handle(Object(Illuminate/Http/Request), Object(Closure))
#16 E:/1KERJAAN/Telisik Studio/Dashboard HSE/hse-dashboard/hse-backend/vendor/laravel/framework/src/Illuminate/Pipeline/Pipeline.php(209): Illuminate/Foundation/Http/Middleware/TrimStrings->handle(Object(Illuminate/Http/Request), Object(Closure))
#17 E:/1KERJAAN/Telisik Studio/Dashboard HSE/hse-dashboard/hse-backend/vendor/laravel/framework/src/Illuminate/Http/Middleware/ValidatePostSize.php(27): Illuminate/Pipeline/Pipeline->Illuminate/Pipeline/{closure}(Object(Illuminate/Http/Request))
#18 E:/1KERJAAN/Telisik Studio/Dashboard HSE/hse-dashboard/hse-backend/vendor/laravel/framework/src/Illuminate/Pipeline/Pipeline.php(209): Illuminate/Http/Middleware/ValidatePostSize->handle(Object(Illuminate/Http/Request), Object(Closure))
#19 E:/1KERJAAN/Telisik Studio/Dashboard HSE/hse-dashboard/hse-backend/vendor/laravel/framework/src/Illuminate/Foundation/Http/Middleware/PreventRequestsDuringMaintenance.php(110): Illuminate/Pipeline/Pipeline->Illuminate/Pipeline/{closure}(Object(Illuminate/Http/Request))
#20 E:/1KERJAAN/Telisik Studio/Dashboard HSE/hse-dashboard/hse-backend/vendor/laravel/framework/src/Illuminate/Pipeline/Pipeline.php(209): Illuminate/Foundation/Http/Middleware/PreventRequestsDuringMaintenance->handle(Object(Illuminate/Http/Request), Object(Closure))
#21 E:/1KERJAAN/Telisik Studio/Dashboard HSE/hse-dashboard/hse-backend/vendor/laravel/framework/src/Illuminate/Http/Middleware/HandleCors.php(62): Illuminate/Pipeline/Pipeline->Illuminate/Pipeline/{closure}(Object(Illuminate/Http/Request))
#22 E:/1KERJAAN/Telisik Studio/Dashboard HSE/hse-dashboard/hse-backend/vendor/laravel/framework/src/Illuminate/Pipeline/Pipeline.php(209): Illuminate/Http/Middleware/HandleCors->handle(Object(Illuminate/Http/Request), Object(Closure))
#23 E:/1KERJAAN/Telisik Studio/Dashboard HSE/hse-dashboard/hse-backend/vendor/laravel/framework/src/Illuminate/Http/Middleware/TrustProxies.php(58): Illuminate/Pipeline/Pipeline->Illuminate/Pipeline/{closure}(Object(Illuminate/Http/Request))
#24 E:/1KERJAAN/Telisik Studio/Dashboard HSE/hse-dashboard/hse-backend/vendor/laravel/framework/src/Illuminate/Pipeline/Pipeline.php(209): Illuminate/Http/Middleware/TrustProxies->handle(Object(Illuminate/Http/Request), Object(Closure))
#25 E:/1KERJAAN/Telisik Studio/Dashboard HSE/hse-dashboard/hse-backend/vendor/laravel/framework/src/Illuminate/Foundation/Http/Middleware/InvokeDeferredCallbacks.php(22): Illuminate/Pipeline/Pipeline->Illuminate/Pipeline/{closure}(Object(Illuminate/Http/Request))
#26 E:/1KERJAAN/Telisik Studio/Dashboard HSE/hse-dashboard/hse-backend/vendor/laravel/framework/src/Illuminate/Pipeline/Pipeline.php(209): Illuminate/Foundation/Http/Middleware/InvokeDeferredCallbacks->handle(Object(Illuminate/Http/Request), Object(Closure))
#27 E:/1KERJAAN/Telisik Studio/Dashboard HSE/hse-dashboard/hse-backend/vendor/laravel/framework/src/Illuminate/Pipeline/Pipeline.php(127): Illuminate/Pipeline/Pipeline->Illuminate/Pipeline/{closure}(Object(Illuminate/Http/Request))
#28 E:/1KERJAAN/Telisik Studio/Dashboard HSE/hse-dashboard/hse-backend/vendor/laravel/framework/src/Illuminate/Foundation/Http/Kernel.php(176): Illuminate/Pipeline/Pipeline->then(Object(Closure))
#29 E:/1KERJAAN/Telisik Studio/Dashboard HSE/hse-dashboard/hse-backend/vendor/laravel/framework/src/Illuminate/Foundation/Http/Kernel.php(145): Illuminate/Foundation/Http/Kernel->sendRequestThroughRouter(Object(Illuminate/Http/Request))
#30 E:/1KERJAAN/Telisik Studio/Dashboard HSE/hse-dashboard/hse-backend/vendor/laravel/framework/src/Illuminate/Foundation/Application.php(1220): Illuminate/Foundation/Http/Kernel->handle(Object(Illuminate/Http/Request))
#31 E:/1KERJAAN/Telisik Studio/Dashboard HSE/hse-dashboard/hse-backend/public/index.php(17): Illuminate/Foundation/Application->handleRequest(Object(Illuminate/Http/Request))
#32 E:/1KERJAAN/Telisik Studio/Dashboard HSE/hse-dashboard/hse-backend/vendor/laravel/framework/src/Illuminate/Foundation/resources/server.php(23): require_once('E://1KERJAAN//Tel...')
#33 {main}
"} 
[2026-08-05 02:29:15] local.ERROR: syntax error, unexpected token "private", expecting end of file {"exception":"[object] (ParseError(code: 0): syntax error, unexpected token \"private\", expecting end of file at E:/1KERJAAN/Telisik Studio/Dashboard HSE/hse-dashboard/hse-backend/app/Http/Controllers/Api/DashboardController.php:175)
[stacktrace]
#0 E:/1KERJAAN/Telisik Studio/Dashboard HSE/hse-dashboard/hse-backend/vendor/composer/ClassLoader.php(427): Composer/Autoload/{closure}('E://1KERJAAN//Tel...')
#1 [internal function]: Composer/Autoload/ClassLoader->loadClass('App//Http//Contro...')
#2 E:/1KERJAAN/Telisik Studio/Dashboard HSE/hse-dashboard/hse-backend/vendor/laravel/framework/src/Illuminate/Routing/Route.php(1117): is_a('App//Http//Contro...', 'Illuminate//Rout...', true)
#3 E:/1KERJAAN/Telisik Studio/Dashboard HSE/hse-dashboard/hse-backend/vendor/laravel/framework/src/Illuminate/Routing/Route.php(1054): Illuminate/Routing/Route->controllerMiddleware()
#4 E:/1KERJAAN/Telisik Studio/Dashboard HSE/hse-dashboard/hse-backend/vendor/laravel/framework/src/Illuminate/Routing/Router.php(820): Illuminate/Routing/Route->gatherMiddleware()
#5 E:/1KERJAAN/Telisik Studio/Dashboard HSE/hse-dashboard/hse-backend/vendor/laravel/framework/src/Illuminate/Routing/Router.php(802): Illuminate/Routing/Router->gatherRouteMiddleware(Object(Illuminate/Routing/Route))
#6 E:/1KERJAAN/Telisik Studio/Dashboard HSE/hse-dashboard/hse-backend/vendor/laravel/framework/src/Illuminate/Routing/Router.php(786): Illuminate/Routing/Router->runRouteWithinStack(Object(Illuminate/Routing/Route), Object(Illuminate/Http/Request))
#7 E:/1KERJAAN/Telisik Studio/Dashboard HSE/hse-dashboard/hse-backend/vendor/laravel/framework/src/Illuminate/Routing/Router.php(750): Illuminate/Routing/Router->runRoute(Object(Illuminate/Http/Request), Object(Illuminate/Routing/Route))
#8 E:/1KERJAAN/Telisik Studio/Dashboard HSE/hse-dashboard/hse-backend/vendor/laravel/framework/src/Illuminate/Routing/Router.php(739): Illuminate/Routing/Router->dispatchToRoute(Object(Illuminate/Http/Request))
#9 E:/1KERJAAN/Telisik Studio/Dashboard HSE/hse-dashboard/hse-backend/vendor/laravel/framework/src/Illuminate/Foundation/Http/Kernel.php(201): Illuminate/Routing/Router->dispatch(Object(Illuminate/Http/Request))
#10 E:/1KERJAAN/Telisik Studio/Dashboard HSE/hse-dashboard/hse-backend/vendor/laravel/framework/src/Illuminate/Pipeline/Pipeline.php(170): Illuminate/Foundation/Http/Kernel->Illuminate/Foundation/Http/{closure}(Object(Illuminate/Http/Request))
#11 E:/1KERJAAN/Telisik Studio/Dashboard HSE/hse-dashboard/hse-backend/vendor/laravel/framework/src/Illuminate/Foundation/Http/Middleware/TransformsRequest.php(21): Illuminate/Pipeline/Pipeline->Illuminate/Pipeline/{closure}(Object(Illuminate/Http/Request))
#12 E:/1KERJAAN/Telisik Studio/Dashboard HSE/hse-dashboard/hse-backend/vendor/laravel/framework/src/Illuminate/Foundation/Http/Middleware/ConvertEmptyStringsToNull.php(31): Illuminate/Foundation/Http/Middleware/TransformsRequest->handle(Object(Illuminate/Http/Request), Object(Closure))
#13 E:/1KERJAAN/Telisik Studio/Dashboard HSE/hse-dashboard/hse-backend/vendor/laravel/framework/src/Illuminate/Pipeline/Pipeline.php(209): Illuminate/Foundation/Http/Middleware/ConvertEmptyStringsToNull->handle(Object(Illuminate/Http/Request), Object(Closure))
#14 E:/1KERJAAN/Telisik Studio/Dashboard HSE/hse-dashboard/hse-backend/vendor/laravel/framework/src/Illuminate/Foundation/Http/Middleware/TransformsRequest.php(21): Illuminate/Pipeline/Pipeline->Illuminate/Pipeline/{closure}(Object(Illuminate/Http/Request))
#15 E:/1KERJAAN/Telisik Studio/Dashboard HSE/hse-dashboard/hse-backend/vendor/laravel/framework/src/Illuminate/Foundation/Http/Middleware/TrimStrings.php(51): Illuminate/Foundation/Http/Middleware/TransformsRequest->handle(Object(Illuminate/Http/Request), Object(Closure))
#16 E:/1KERJAAN/Telisik Studio/Dashboard HSE/hse-dashboard/hse-backend/vendor/laravel/framework/src/Illuminate/Pipeline/Pipeline.php(209): Illuminate/Foundation/Http/Middleware/TrimStrings->handle(Object(Illuminate/Http/Request), Object(Closure))
#17 E:/1KERJAAN/Telisik Studio/Dashboard HSE/hse-dashboard/hse-backend/vendor/laravel/framework/src/Illuminate/Http/Middleware/ValidatePostSize.php(27): Illuminate/Pipeline/Pipeline->Illuminate/Pipeline/{closure}(Object(Illuminate/Http/Request))
#18 E:/1KERJAAN/Telisik Studio/Dashboard HSE/hse-dashboard/hse-backend/vendor/laravel/framework/src/Illuminate/Pipeline/Pipeline.php(209): Illuminate/Http/Middleware/ValidatePostSize->handle(Object(Illuminate/Http/Request), Object(Closure))
#19 E:/1KERJAAN/Telisik Studio/Dashboard HSE/hse-dashboard/hse-backend/vendor/laravel/framework/src/Illuminate/Foundation/Http/Middleware/PreventRequestsDuringMaintenance.php(110): Illuminate/Pipeline/Pipeline->Illuminate/Pipeline/{closure}(Object(Illuminate/Http/Request))
#20 E:/1KERJAAN/Telisik Studio/Dashboard HSE/hse-dashboard/hse-backend/vendor/laravel/framework/src/Illuminate/Pipeline/Pipeline.php(209): Illuminate/Foundation/Http/Middleware/PreventRequestsDuringMaintenance->handle(Object(Illuminate/Http/Request), Object(Closure))
#21 E:/1KERJAAN/Telisik Studio/Dashboard HSE/hse-dashboard/hse-backend/vendor/laravel/framework/src/Illuminate/Http/Middleware/HandleCors.php(62): Illuminate/Pipeline/Pipeline->Illuminate/Pipeline/{closure}(Object(Illuminate/Http/Request))
#22 E:/1KERJAAN/Telisik Studio/Dashboard HSE/hse-dashboard/hse-backend/vendor/laravel/framework/src/Illuminate/Pipeline/Pipeline.php(209): Illuminate/Http/Middleware/HandleCors->handle(Object(Illuminate/Http/Request), Object(Closure))
#23 E:/1KERJAAN/Telisik Studio/Dashboard HSE/hse-dashboard/hse-backend/vendor/laravel/framework/src/Illuminate/Http/Middleware/TrustProxies.php(58): Illuminate/Pipeline/Pipeline->Illuminate/Pipeline/{closure}(Object(Illuminate/Http/Request))
#24 E:/1KERJAAN/Telisik Studio/Dashboard HSE/hse-dashboard/hse-backend/vendor/laravel/framework/src/Illuminate/Pipeline/Pipeline.php(209): Illuminate/Http/Middleware/TrustProxies->handle(Object(Illuminate/Http/Request), Object(Closure))
#25 E:/1KERJAAN/Telisik Studio/Dashboard HSE/hse-dashboard/hse-backend/vendor/laravel/framework/src/Illuminate/Foundation/Http/Middleware/InvokeDeferredCallbacks.php(22): Illuminate/Pipeline/Pipeline->Illuminate/Pipeline/{closure}(Object(Illuminate/Http/Request))
#26 E:/1KERJAAN/Telisik Studio/Dashboard HSE/hse-dashboard/hse-backend/vendor/laravel/framework/src/Illuminate/Pipeline/Pipeline.php(209): Illuminate/Foundation/Http/Middleware/InvokeDeferredCallbacks->handle(Object(Illuminate/Http/Request), Object(Closure))
#27 E:/1KERJAAN/Telisik Studio/Dashboard HSE/hse-dashboard/hse-backend/vendor/laravel/framework/src/Illuminate/Pipeline/Pipeline.php(127): Illuminate/Pipeline/Pipeline->Illuminate/Pipeline/{closure}(Object(Illuminate/Http/Request))
#28 E:/1KERJAAN/Telisik Studio/Dashboard HSE/hse-dashboard/hse-backend/vendor/laravel/framework/src/Illuminate/Foundation/Http/Kernel.php(176): Illuminate/Pipeline/Pipeline->then(Object(Closure))
#29 E:/1KERJAAN/Telisik Studio/Dashboard HSE/hse-dashboard/hse-backend/vendor/laravel/framework/src/Illuminate/Foundation/Http/Kernel.php(145): Illuminate/Foundation/Http/Kernel->sendRequestThroughRouter(Object(Illuminate/Http/Request))
#30 E:/1KERJAAN/Telisik Studio/Dashboard HSE/hse-dashboard/hse-backend/vendor/laravel/framework/src/Illuminate/Foundation/Application.php(1220): Illuminate/Foundation/Http/Kernel->handle(Object(Illuminate/Http/Request))
#31 E:/1KERJAAN/Telisik Studio/Dashboard HSE/hse-dashboard/hse-backend/public/index.php(17): Illuminate/Foundation/Application->handleRequest(Object(Illuminate/Http/Request))
#32 E:/1KERJAAN/Telisik Studio/Dashboard HSE/hse-dashboard/hse-backend/vendor/laravel/framework/src/Illuminate/Foundation/resources/server.php(23): require_once('E://1KERJAAN//Tel...')
#33 {main}
"} 
[2026-08-05 02:29:17] local.ERROR: syntax error, unexpected token "private", expecting end of file {"exception":"[object] (ParseError(code: 0): syntax error, unexpected token \"private\", expecting end of file at E:/1KERJAAN/Telisik Studio/Dashboard HSE/hse-dashboard/hse-backend/app/Http/Controllers/Api/DashboardController.php:175)
[stacktrace]
#0 E:/1KERJAAN/Telisik Studio/Dashboard HSE/hse-dashboard/hse-backend/vendor/composer/ClassLoader.php(427): Composer/Autoload/{closure}('E://1KERJAAN//Tel...')
#1 [internal function]: Composer/Autoload/ClassLoader->loadClass('App//Http//Contro...')
#2 E:/1KERJAAN/Telisik Studio/Dashboard HSE/hse-dashboard/hse-backend/vendor/laravel/framework/src/Illuminate/Routing/Route.php(1117): is_a('App//Http//Contro...', 'Illuminate//Rout...', true)
#3 E:/1KERJAAN/Telisik Studio/Dashboard HSE/hse-dashboard/hse-backend/vendor/laravel/framework/src/Illuminate/Routing/Route.php(1054): Illuminate/Routing/Route->controllerMiddleware()
#4 E:/1KERJAAN/Telisik Studio/Dashboard HSE/hse-dashboard/hse-backend/vendor/laravel/framework/src/Illuminate/Routing/Router.php(820): Illuminate/Routing/Route->gatherMiddleware()
#5 E:/1KERJAAN/Telisik Studio/Dashboard HSE/hse-dashboard/hse-backend/vendor/laravel/framework/src/Illuminate/Routing/Router.php(802): Illuminate/Routing/Router->gatherRouteMiddleware(Object(Illuminate/Routing/Route))
#6 E:/1KERJAAN/Telisik Studio/Dashboard HSE/hse-dashboard/hse-backend/vendor/laravel/framework/src/Illuminate/Routing/Router.php(786): Illuminate/Routing/Router->runRouteWithinStack(Object(Illuminate/Routing/Route), Object(Illuminate/Http/Request))
#7 E:/1KERJAAN/Telisik Studio/Dashboard HSE/hse-dashboard/hse-backend/vendor/laravel/framework/src/Illuminate/Routing/Router.php(750): Illuminate/Routing/Router->runRoute(Object(Illuminate/Http/Request), Object(Illuminate/Routing/Route))
#8 E:/1KERJAAN/Telisik Studio/Dashboard HSE/hse-dashboard/hse-backend/vendor/laravel/framework/src/Illuminate/Routing/Router.php(739): Illuminate/Routing/Router->dispatchToRoute(Object(Illuminate/Http/Request))
#9 E:/1KERJAAN/Telisik Studio/Dashboard HSE/hse-dashboard/hse-backend/vendor/laravel/framework/src/Illuminate/Foundation/Http/Kernel.php(201): Illuminate/Routing/Router->dispatch(Object(Illuminate/Http/Request))
#10 E:/1KERJAAN/Telisik Studio/Dashboard HSE/hse-dashboard/hse-backend/vendor/laravel/framework/src/Illuminate/Pipeline/Pipeline.php(170): Illuminate/Foundation/Http/Kernel->Illuminate/Foundation/Http/{closure}(Object(Illuminate/Http/Request))
#11 E:/1KERJAAN/Telisik Studio/Dashboard HSE/hse-dashboard/hse-backend/vendor/laravel/framework/src/Illuminate/Foundation/Http/Middleware/TransformsRequest.php(21): Illuminate/Pipeline/Pipeline->Illuminate/Pipeline/{closure}(Object(Illuminate/Http/Request))
#12 E:/1KERJAAN/Telisik Studio/Dashboard HSE/hse-dashboard/hse-backend/vendor/laravel/framework/src/Illuminate/Foundation/Http/Middleware/ConvertEmptyStringsToNull.php(31): Illuminate/Foundation/Http/Middleware/TransformsRequest->handle(Object(Illuminate/Http/Request), Object(Closure))
#13 E:/1KERJAAN/Telisik Studio/Dashboard HSE/hse-dashboard/hse-backend/vendor/laravel/framework/src/Illuminate/Pipeline/Pipeline.php(209): Illuminate/Foundation/Http/Middleware/ConvertEmptyStringsToNull->handle(Object(Illuminate/Http/Request), Object(Closure))
#14 E:/1KERJAAN/Telisik Studio/Dashboard HSE/hse-dashboard/hse-backend/vendor/laravel/framework/src/Illuminate/Foundation/Http/Middleware/TransformsRequest.php(21): Illuminate/Pipeline/Pipeline->Illuminate/Pipeline/{closure}(Object(Illuminate/Http/Request))
#15 E:/1KERJAAN/Telisik Studio/Dashboard HSE/hse-dashboard/hse-backend/vendor/laravel/framework/src/Illuminate/Foundation/Http/Middleware/TrimStrings.php(51): Illuminate/Foundation/Http/Middleware/TransformsRequest->handle(Object(Illuminate/Http/Request), Object(Closure))
#16 E:/1KERJAAN/Telisik Studio/Dashboard HSE/hse-dashboard/hse-backend/vendor/laravel/framework/src/Illuminate/Pipeline/Pipeline.php(209): Illuminate/Foundation/Http/Middleware/TrimStrings->handle(Object(Illuminate/Http/Request), Object(Closure))
#17 E:/1KERJAAN/Telisik Studio/Dashboard HSE/hse-dashboard/hse-backend/vendor/laravel/framework/src/Illuminate/Http/Middleware/ValidatePostSize.php(27): Illuminate/Pipeline/Pipeline->Illuminate/Pipeline/{closure}(Object(Illuminate/Http/Request))
#18 E:/1KERJAAN/Telisik Studio/Dashboard HSE/hse-dashboard/hse-backend/vendor/laravel/framework/src/Illuminate/Pipeline/Pipeline.php(209): Illuminate/Http/Middleware/ValidatePostSize->handle(Object(Illuminate/Http/Request), Object(Closure))
#19 E:/1KERJAAN/Telisik Studio/Dashboard HSE/hse-dashboard/hse-backend/vendor/laravel/framework/src/Illuminate/Foundation/Http/Middleware/PreventRequestsDuringMaintenance.php(110): Illuminate/Pipeline/Pipeline->Illuminate/Pipeline/{closure}(Object(Illuminate/Http/Request))
#20 E:/1KERJAAN/Telisik Studio/Dashboard HSE/hse-dashboard/hse-backend/vendor/laravel/framework/src/Illuminate/Pipeline/Pipeline.php(209): Illuminate/Foundation/Http/Middleware/PreventRequestsDuringMaintenance->handle(Object(Illuminate/Http/Request), Object(Closure))
#21 E:/1KERJAAN/Telisik Studio/Dashboard HSE/hse-dashboard/hse-backend/vendor/laravel/framework/src/Illuminate/Http/Middleware/HandleCors.php(62): Illuminate/Pipeline/Pipeline->Illuminate/Pipeline/{closure}(Object(Illuminate/Http/Request))
#22 E:/1KERJAAN/Telisik Studio/Dashboard HSE/hse-dashboard/hse-backend/vendor/laravel/framework/src/Illuminate/Pipeline/Pipeline.php(209): Illuminate/Http/Middleware/HandleCors->handle(Object(Illuminate/Http/Request), Object(Closure))
#23 E:/1KERJAAN/Telisik Studio/Dashboard HSE/hse-dashboard/hse-backend/vendor/laravel/framework/src/Illuminate/Http/Middleware/TrustProxies.php(58): Illuminate/Pipeline/Pipeline->Illuminate/Pipeline/{closure}(Object(Illuminate/Http/Request))
#24 E:/1KERJAAN/Telisik Studio/Dashboard HSE/hse-dashboard/hse-backend/vendor/laravel/framework/src/Illuminate/Pipeline/Pipeline.php(209): Illuminate/Http/Middleware/TrustProxies->handle(Object(Illuminate/Http/Request), Object(Closure))
#25 E:/1KERJAAN/Telisik Studio/Dashboard HSE/hse-dashboard/hse-backend/vendor/laravel/framework/src/Illuminate/Foundation/Http/Middleware/InvokeDeferredCallbacks.php(22): Illuminate/Pipeline/Pipeline->Illuminate/Pipeline/{closure}(Object(Illuminate/Http/Request))
#26 E:/1KERJAAN/Telisik Studio/Dashboard HSE/hse-dashboard/hse-backend/vendor/laravel/framework/src/Illuminate/Pipeline/Pipeline.php(209): Illuminate/Foundation/Http/Middleware/InvokeDeferredCallbacks->handle(Object(Illuminate/Http/Request), Object(Closure))
#27 E:/1KERJAAN/Telisik Studio/Dashboard HSE/hse-dashboard/hse-backend/vendor/laravel/framework/src/Illuminate/Pipeline/Pipeline.php(127): Illuminate/Pipeline/Pipeline->Illuminate/Pipeline/{closure}(Object(Illuminate/Http/Request))
#28 E:/1KERJAAN/Telisik Studio/Dashboard HSE/hse-dashboard/hse-backend/vendor/laravel/framework/src/Illuminate/Foundation/Http/Kernel.php(176): Illuminate/Pipeline/Pipeline->then(Object(Closure))
#29 E:/1KERJAAN/Telisik Studio/Dashboard HSE/hse-dashboard/hse-backend/vendor/laravel/framework/src/Illuminate/Foundation/Http/Kernel.php(145): Illuminate/Foundation/Http/Kernel->sendRequestThroughRouter(Object(Illuminate/Http/Request))
#30 E:/1KERJAAN/Telisik Studio/Dashboard HSE/hse-dashboard/hse-backend/vendor/laravel/framework/src/Illuminate/Foundation/Application.php(1220): Illuminate/Foundation/Http/Kernel->handle(Object(Illuminate/Http/Request))
#31 E:/1KERJAAN/Telisik Studio/Dashboard HSE/hse-dashboard/hse-backend/public/index.php(17): Illuminate/Foundation/Application->handleRequest(Object(Illuminate/Http/Request))
#32 E:/1KERJAAN/Telisik Studio/Dashboard HSE/hse-dashboard/hse-backend/vendor/laravel/framework/src/Illuminate/Foundation/resources/server.php(23): require_once('E://1KERJAAN//Tel...')
#33 {main}
"} 
[2026-08-05 02:29:43] local.ERROR: syntax error, unexpected token "private", expecting end of file {"exception":"[object] (ParseError(code: 0): syntax error, unexpected token \"private\", expecting end of file at E:/1KERJAAN/Telisik Studio/Dashboard HSE/hse-dashboard/hse-backend/app/Http/Controllers/Api/DashboardController.php:175)
[stacktrace]
#0 E:/1KERJAAN/Telisik Studio/Dashboard HSE/hse-dashboard/hse-backend/vendor/composer/ClassLoader.php(427): Composer/Autoload/{closure}('E://1KERJAAN//Tel...')
#1 [internal function]: Composer/Autoload/ClassLoader->loadClass('App//Http//Contro...')
#2 E:/1KERJAAN/Telisik Studio/Dashboard HSE/hse-dashboard/hse-backend/vendor/laravel/framework/src/Illuminate/Routing/Route.php(1117): is_a('App//Http//Contro...', 'Illuminate//Rout...', true)
#3 E:/1KERJAAN/Telisik Studio/Dashboard HSE/hse-dashboard/hse-backend/vendor/laravel/framework/src/Illuminate/Routing/Route.php(1054): Illuminate/Routing/Route->controllerMiddleware()
#4 E:/1KERJAAN/Telisik Studio/Dashboard HSE/hse-dashboard/hse-backend/vendor/laravel/framework/src/Illuminate/Routing/Router.php(820): Illuminate/Routing/Route->gatherMiddleware()
#5 E:/1KERJAAN/Telisik Studio/Dashboard HSE/hse-dashboard/hse-backend/vendor/laravel/framework/src/Illuminate/Routing/Router.php(802): Illuminate/Routing/Router->gatherRouteMiddleware(Object(Illuminate/Routing/Route))
#6 E:/1KERJAAN/Telisik Studio/Dashboard HSE/hse-dashboard/hse-backend/vendor/laravel/framework/src/Illuminate/Routing/Router.php(786): Illuminate/Routing/Router->runRouteWithinStack(Object(Illuminate/Routing/Route), Object(Illuminate/Http/Request))
#7 E:/1KERJAAN/Telisik Studio/Dashboard HSE/hse-dashboard/hse-backend/vendor/laravel/framework/src/Illuminate/Routing/Router.php(750): Illuminate/Routing/Router->runRoute(Object(Illuminate/Http/Request), Object(Illuminate/Routing/Route))
#8 E:/1KERJAAN/Telisik Studio/Dashboard HSE/hse-dashboard/hse-backend/vendor/laravel/framework/src/Illuminate/Routing/Router.php(739): Illuminate/Routing/Router->dispatchToRoute(Object(Illuminate/Http/Request))
#9 E:/1KERJAAN/Telisik Studio/Dashboard HSE/hse-dashboard/hse-backend/vendor/laravel/framework/src/Illuminate/Foundation/Http/Kernel.php(201): Illuminate/Routing/Router->dispatch(Object(Illuminate/Http/Request))
#10 E:/1KERJAAN/Telisik Studio/Dashboard HSE/hse-dashboard/hse-backend/vendor/laravel/framework/src/Illuminate/Pipeline/Pipeline.php(170): Illuminate/Foundation/Http/Kernel->Illuminate/Foundation/Http/{closure}(Object(Illuminate/Http/Request))
#11 E:/1KERJAAN/Telisik Studio/Dashboard HSE/hse-dashboard/hse-backend/vendor/laravel/framework/src/Illuminate/Foundation/Http/Middleware/TransformsRequest.php(21): Illuminate/Pipeline/Pipeline->Illuminate/Pipeline/{closure}(Object(Illuminate/Http/Request))
#12 E:/1KERJAAN/Telisik Studio/Dashboard HSE/hse-dashboard/hse-backend/vendor/laravel/framework/src/Illuminate/Foundation/Http/Middleware/ConvertEmptyStringsToNull.php(31): Illuminate/Foundation/Http/Middleware/TransformsRequest->handle(Object(Illuminate/Http/Request), Object(Closure))
#13 E:/1KERJAAN/Telisik Studio/Dashboard HSE/hse-dashboard/hse-backend/vendor/laravel/framework/src/Illuminate/Pipeline/Pipeline.php(209): Illuminate/Foundation/Http/Middleware/ConvertEmptyStringsToNull->handle(Object(Illuminate/Http/Request), Object(Closure))
#14 E:/1KERJAAN/Telisik Studio/Dashboard HSE/hse-dashboard/hse-backend/vendor/laravel/framework/src/Illuminate/Foundation/Http/Middleware/TransformsRequest.php(21): Illuminate/Pipeline/Pipeline->Illuminate/Pipeline/{closure}(Object(Illuminate/Http/Request))
#15 E:/1KERJAAN/Telisik Studio/Dashboard HSE/hse-dashboard/hse-backend/vendor/laravel/framework/src/Illuminate/Foundation/Http/Middleware/TrimStrings.php(51): Illuminate/Foundation/Http/Middleware/TransformsRequest->handle(Object(Illuminate/Http/Request), Object(Closure))
#16 E:/1KERJAAN/Telisik Studio/Dashboard HSE/hse-dashboard/hse-backend/vendor/laravel/framework/src/Illuminate/Pipeline/Pipeline.php(209): Illuminate/Foundation/Http/Middleware/TrimStrings->handle(Object(Illuminate/Http/Request), Object(Closure))
#17 E:/1KERJAAN/Telisik Studio/Dashboard HSE/hse-dashboard/hse-backend/vendor/laravel/framework/src/Illuminate/Http/Middleware/ValidatePostSize.php(27): Illuminate/Pipeline/Pipeline->Illuminate/Pipeline/{closure}(Object(Illuminate/Http/Request))
#18 E:/1KERJAAN/Telisik Studio/Dashboard HSE/hse-dashboard/hse-backend/vendor/laravel/framework/src/Illuminate/Pipeline/Pipeline.php(209): Illuminate/Http/Middleware/ValidatePostSize->handle(Object(Illuminate/Http/Request), Object(Closure))
#19 E:/1KERJAAN/Telisik Studio/Dashboard HSE/hse-dashboard/hse-backend/vendor/laravel/framework/src/Illuminate/Foundation/Http/Middleware/PreventRequestsDuringMaintenance.php(110): Illuminate/Pipeline/Pipeline->Illuminate/Pipeline/{closure}(Object(Illuminate/Http/Request))
#20 E:/1KERJAAN/Telisik Studio/Dashboard HSE/hse-dashboard/hse-backend/vendor/laravel/framework/src/Illuminate/Pipeline/Pipeline.php(209): Illuminate/Foundation/Http/Middleware/PreventRequestsDuringMaintenance->handle(Object(Illuminate/Http/Request), Object(Closure))
#21 E:/1KERJAAN/Telisik Studio/Dashboard HSE/hse-dashboard/hse-backend/vendor/laravel/framework/src/Illuminate/Http/Middleware/HandleCors.php(62): Illuminate/Pipeline/Pipeline->Illuminate/Pipeline/{closure}(Object(Illuminate/Http/Request))
#22 E:/1KERJAAN/Telisik Studio/Dashboard HSE/hse-dashboard/hse-backend/vendor/laravel/framework/src/Illuminate/Pipeline/Pipeline.php(209): Illuminate/Http/Middleware/HandleCors->handle(Object(Illuminate/Http/Request), Object(Closure))
#23 E:/1KERJAAN/Telisik Studio/Dashboard HSE/hse-dashboard/hse-backend/vendor/laravel/framework/src/Illuminate/Http/Middleware/TrustProxies.php(58): Illuminate/Pipeline/Pipeline->Illuminate/Pipeline/{closure}(Object(Illuminate/Http/Request))
#24 E:/1KERJAAN/Telisik Studio/Dashboard HSE/hse-dashboard/hse-backend/vendor/laravel/framework/src/Illuminate/Pipeline/Pipeline.php(209): Illuminate/Http/Middleware/TrustProxies->handle(Object(Illuminate/Http/Request), Object(Closure))
#25 E:/1KERJAAN/Telisik Studio/Dashboard HSE/hse-dashboard/hse-backend/vendor/laravel/framework/src/Illuminate/Foundation/Http/Middleware/InvokeDeferredCallbacks.php(22): Illuminate/Pipeline/Pipeline->Illuminate/Pipeline/{closure}(Object(Illuminate/Http/Request))
#26 E:/1KERJAAN/Telisik Studio/Dashboard HSE/hse-dashboard/hse-backend/vendor/laravel/framework/src/Illuminate/Pipeline/Pipeline.php(209): Illuminate/Foundation/Http/Middleware/InvokeDeferredCallbacks->handle(Object(Illuminate/Http/Request), Object(Closure))
#27 E:/1KERJAAN/Telisik Studio/Dashboard HSE/hse-dashboard/hse-backend/vendor/laravel/framework/src/Illuminate/Pipeline/Pipeline.php(127): Illuminate/Pipeline/Pipeline->Illuminate/Pipeline/{closure}(Object(Illuminate/Http/Request))
#28 E:/1KERJAAN/Telisik Studio/Dashboard HSE/hse-dashboard/hse-backend/vendor/laravel/framework/src/Illuminate/Foundation/Http/Kernel.php(176): Illuminate/Pipeline/Pipeline->then(Object(Closure))
#29 E:/1KERJAAN/Telisik Studio/Dashboard HSE/hse-dashboard/hse-backend/vendor/laravel/framework/src/Illuminate/Foundation/Http/Kernel.php(145): Illuminate/Foundation/Http/Kernel->sendRequestThroughRouter(Object(Illuminate/Http/Request))
#30 E:/1KERJAAN/Telisik Studio/Dashboard HSE/hse-dashboard/hse-backend/vendor/laravel/framework/src/Illuminate/Foundation/Application.php(1220): Illuminate/Foundation/Http/Kernel->handle(Object(Illuminate/Http/Request))
#31 E:/1KERJAAN/Telisik Studio/Dashboard HSE/hse-dashboard/hse-backend/public/index.php(17): Illuminate/Foundation/Application->handleRequest(Object(Illuminate/Http/Request))
#32 E:/1KERJAAN/Telisik Studio/Dashboard HSE/hse-dashboard/hse-backend/vendor/laravel/framework/src/Illuminate/Foundation/resources/server.php(23): require_once('E://1KERJAAN//Tel...')
#33 {main}
"} 
[2026-08-05 02:29:47] local.ERROR: syntax error, unexpected token "private", expecting end of file {"exception":"[object] (ParseError(code: 0): syntax error, unexpected token \"private\", expecting end of file at E:/1KERJAAN/Telisik Studio/Dashboard HSE/hse-dashboard/hse-backend/app/Http/Controllers/Api/DashboardController.php:175)
[stacktrace]
#0 E:/1KERJAAN/Telisik Studio/Dashboard HSE/hse-dashboard/hse-backend/vendor/composer/ClassLoader.php(427): Composer/Autoload/{closure}('E://1KERJAAN//Tel...')
#1 [internal function]: Composer/Autoload/ClassLoader->loadClass('App//Http//Contro...')
#2 E:/1KERJAAN/Telisik Studio/Dashboard HSE/hse-dashboard/hse-backend/vendor/laravel/framework/src/Illuminate/Routing/Route.php(1117): is_a('App//Http//Contro...', 'Illuminate//Rout...', true)
#3 E:/1KERJAAN/Telisik Studio/Dashboard HSE/hse-dashboard/hse-backend/vendor/laravel/framework/src/Illuminate/Routing/Route.php(1054): Illuminate/Routing/Route->controllerMiddleware()
#4 E:/1KERJAAN/Telisik Studio/Dashboard HSE/hse-dashboard/hse-backend/vendor/laravel/framework/src/Illuminate/Routing/Router.php(820): Illuminate/Routing/Route->gatherMiddleware()
#5 E:/1KERJAAN/Telisik Studio/Dashboard HSE/hse-dashboard/hse-backend/vendor/laravel/framework/src/Illuminate/Routing/Router.php(802): Illuminate/Routing/Router->gatherRouteMiddleware(Object(Illuminate/Routing/Route))
#6 E:/1KERJAAN/Telisik Studio/Dashboard HSE/hse-dashboard/hse-backend/vendor/laravel/framework/src/Illuminate/Routing/Router.php(786): Illuminate/Routing/Router->runRouteWithinStack(Object(Illuminate/Routing/Route), Object(Illuminate/Http/Request))
#7 E:/1KERJAAN/Telisik Studio/Dashboard HSE/hse-dashboard/hse-backend/vendor/laravel/framework/src/Illuminate/Routing/Router.php(750): Illuminate/Routing/Router->runRoute(Object(Illuminate/Http/Request), Object(Illuminate/Routing/Route))
#8 E:/1KERJAAN/Telisik Studio/Dashboard HSE/hse-dashboard/hse-backend/vendor/laravel/framework/src/Illuminate/Routing/Router.php(739): Illuminate/Routing/Router->dispatchToRoute(Object(Illuminate/Http/Request))
#9 E:/1KERJAAN/Telisik Studio/Dashboard HSE/hse-dashboard/hse-backend/vendor/laravel/framework/src/Illuminate/Foundation/Http/Kernel.php(201): Illuminate/Routing/Router->dispatch(Object(Illuminate/Http/Request))
#10 E:/1KERJAAN/Telisik Studio/Dashboard HSE/hse-dashboard/hse-backend/vendor/laravel/framework/src/Illuminate/Pipeline/Pipeline.php(170): Illuminate/Foundation/Http/Kernel->Illuminate/Foundation/Http/{closure}(Object(Illuminate/Http/Request))
#11 E:/1KERJAAN/Telisik Studio/Dashboard HSE/hse-dashboard/hse-backend/vendor/laravel/framework/src/Illuminate/Foundation/Http/Middleware/TransformsRequest.php(21): Illuminate/Pipeline/Pipeline->Illuminate/Pipeline/{closure}(Object(Illuminate/Http/Request))
#12 E:/1KERJAAN/Telisik Studio/Dashboard HSE/hse-dashboard/hse-backend/vendor/laravel/framework/src/Illuminate/Foundation/Http/Middleware/ConvertEmptyStringsToNull.php(31): Illuminate/Foundation/Http/Middleware/TransformsRequest->handle(Object(Illuminate/Http/Request), Object(Closure))
#13 E:/1KERJAAN/Telisik Studio/Dashboard HSE/hse-dashboard/hse-backend/vendor/laravel/framework/src/Illuminate/Pipeline/Pipeline.php(209): Illuminate/Foundation/Http/Middleware/ConvertEmptyStringsToNull->handle(Object(Illuminate/Http/Request), Object(Closure))
#14 E:/1KERJAAN/Telisik Studio/Dashboard HSE/hse-dashboard/hse-backend/vendor/laravel/framework/src/Illuminate/Foundation/Http/Middleware/TransformsRequest.php(21): Illuminate/Pipeline/Pipeline->Illuminate/Pipeline/{closure}(Object(Illuminate/Http/Request))
#15 E:/1KERJAAN/Telisik Studio/Dashboard HSE/hse-dashboard/hse-backend/vendor/laravel/framework/src/Illuminate/Foundation/Http/Middleware/TrimStrings.php(51): Illuminate/Foundation/Http/Middleware/TransformsRequest->handle(Object(Illuminate/Http/Request), Object(Closure))
#16 E:/1KERJAAN/Telisik Studio/Dashboard HSE/hse-dashboard/hse-backend/vendor/laravel/framework/src/Illuminate/Pipeline/Pipeline.php(209): Illuminate/Foundation/Http/Middleware/TrimStrings->handle(Object(Illuminate/Http/Request), Object(Closure))
#17 E:/1KERJAAN/Telisik Studio/Dashboard HSE/hse-dashboard/hse-backend/vendor/laravel/framework/src/Illuminate/Http/Middleware/ValidatePostSize.php(27): Illuminate/Pipeline/Pipeline->Illuminate/Pipeline/{closure}(Object(Illuminate/Http/Request))
#18 E:/1KERJAAN/Telisik Studio/Dashboard HSE/hse-dashboard/hse-backend/vendor/laravel/framework/src/Illuminate/Pipeline/Pipeline.php(209): Illuminate/Http/Middleware/ValidatePostSize->handle(Object(Illuminate/Http/Request), Object(Closure))
#19 E:/1KERJAAN/Telisik Studio/Dashboard HSE/hse-dashboard/hse-backend/vendor/laravel/framework/src/Illuminate/Foundation/Http/Middleware/PreventRequestsDuringMaintenance.php(110): Illuminate/Pipeline/Pipeline->Illuminate/Pipeline/{closure}(Object(Illuminate/Http/Request))
#20 E:/1KERJAAN/Telisik Studio/Dashboard HSE/hse-dashboard/hse-backend/vendor/laravel/framework/src/Illuminate/Pipeline/Pipeline.php(209): Illuminate/Foundation/Http/Middleware/PreventRequestsDuringMaintenance->handle(Object(Illuminate/Http/Request), Object(Closure))
#21 E:/1KERJAAN/Telisik Studio/Dashboard HSE/hse-dashboard/hse-backend/vendor/laravel/framework/src/Illuminate/Http/Middleware/HandleCors.php(62): Illuminate/Pipeline/Pipeline->Illuminate/Pipeline/{closure}(Object(Illuminate/Http/Request))
#22 E:/1KERJAAN/Telisik Studio/Dashboard HSE/hse-dashboard/hse-backend/vendor/laravel/framework/src/Illuminate/Pipeline/Pipeline.php(209): Illuminate/Http/Middleware/HandleCors->handle(Object(Illuminate/Http/Request), Object(Closure))
#23 E:/1KERJAAN/Telisik Studio/Dashboard HSE/hse-dashboard/hse-backend/vendor/laravel/framework/src/Illuminate/Http/Middleware/TrustProxies.php(58): Illuminate/Pipeline/Pipeline->Illuminate/Pipeline/{closure}(Object(Illuminate/Http/Request))
#24 E:/1KERJAAN/Telisik Studio/Dashboard HSE/hse-dashboard/hse-backend/vendor/laravel/framework/src/Illuminate/Pipeline/Pipeline.php(209): Illuminate/Http/Middleware/TrustProxies->handle(Object(Illuminate/Http/Request), Object(Closure))
#25 E:/1KERJAAN/Telisik Studio/Dashboard HSE/hse-dashboard/hse-backend/vendor/laravel/framework/src/Illuminate/Foundation/Http/Middleware/InvokeDeferredCallbacks.php(22): Illuminate/Pipeline/Pipeline->Illuminate/Pipeline/{closure}(Object(Illuminate/Http/Request))
#26 E:/1KERJAAN/Telisik Studio/Dashboard HSE/hse-dashboard/hse-backend/vendor/laravel/framework/src/Illuminate/Pipeline/Pipeline.php(209): Illuminate/Foundation/Http/Middleware/InvokeDeferredCallbacks->handle(Object(Illuminate/Http/Request), Object(Closure))
#27 E:/1KERJAAN/Telisik Studio/Dashboard HSE/hse-dashboard/hse-backend/vendor/laravel/framework/src/Illuminate/Pipeline/Pipeline.php(127): Illuminate/Pipeline/Pipeline->Illuminate/Pipeline/{closure}(Object(Illuminate/Http/Request))
#28 E:/1KERJAAN/Telisik Studio/Dashboard HSE/hse-dashboard/hse-backend/vendor/laravel/framework/src/Illuminate/Foundation/Http/Kernel.php(176): Illuminate/Pipeline/Pipeline->then(Object(Closure))
#29 E:/1KERJAAN/Telisik Studio/Dashboard HSE/hse-dashboard/hse-backend/vendor/laravel/framework/src/Illuminate/Foundation/Http/Kernel.php(145): Illuminate/Foundation/Http/Kernel->sendRequestThroughRouter(Object(Illuminate/Http/Request))
#30 E:/1KERJAAN/Telisik Studio/Dashboard HSE/hse-dashboard/hse-backend/vendor/laravel/framework/src/Illuminate/Foundation/Application.php(1220): Illuminate/Foundation/Http/Kernel->handle(Object(Illuminate/Http/Request))
#31 E:/1KERJAAN/Telisik Studio/Dashboard HSE/hse-dashboard/hse-backend/public/index.php(17): Illuminate/Foundation/Application->handleRequest(Object(Illuminate/Http/Request))
#32 E:/1KERJAAN/Telisik Studio/Dashboard HSE/hse-dashboard/hse-backend/vendor/laravel/framework/src/Illuminate/Foundation/resources/server.php(23): require_once('E://1KERJAAN//Tel...')
#33 {main}
"} 
[2026-08-05 02:32:39] local.ERROR: syntax error, unexpected token "private", expecting end of file {"exception":"[object] (ParseError(code: 0): syntax error, unexpected token \"private\", expecting end of file at E:/1KERJAAN/Telisik Studio/Dashboard HSE/hse-dashboard/hse-backend/app/Http/Controllers/Api/DashboardController.php:175)
[stacktrace]
#0 E:/1KERJAAN/Telisik Studio/Dashboard HSE/hse-dashboard/hse-backend/vendor/composer/ClassLoader.php(427): Composer/Autoload/{closure}('E://1KERJAAN//Tel...')
#1 [internal function]: Composer/Autoload/ClassLoader->loadClass('App//Http//Contro...')
#2 E:/1KERJAAN/Telisik Studio/Dashboard HSE/hse-dashboard/hse-backend/vendor/laravel/framework/src/Illuminate/Routing/Route.php(1117): is_a('App//Http//Contro...', 'Illuminate//Rout...', true)
#3 E:/1KERJAAN/Telisik Studio/Dashboard HSE/hse-dashboard/hse-backend/vendor/laravel/framework/src/Illuminate/Routing/Route.php(1054): Illuminate/Routing/Route->controllerMiddleware()
#4 E:/1KERJAAN/Telisik Studio/Dashboard HSE/hse-dashboard/hse-backend/vendor/laravel/framework/src/Illuminate/Routing/Router.php(820): Illuminate/Routing/Route->gatherMiddleware()
#5 E:/1KERJAAN/Telisik Studio/Dashboard HSE/hse-dashboard/hse-backend/vendor/laravel/framework/src/Illuminate/Routing/Router.php(802): Illuminate/Routing/Router->gatherRouteMiddleware(Object(Illuminate/Routing/Route))
#6 E:/1KERJAAN/Telisik Studio/Dashboard HSE/hse-dashboard/hse-backend/vendor/laravel/framework/src/Illuminate/Routing/Router.php(786): Illuminate/Routing/Router->runRouteWithinStack(Object(Illuminate/Routing/Route), Object(Illuminate/Http/Request))
#7 E:/1KERJAAN/Telisik Studio/Dashboard HSE/hse-dashboard/hse-backend/vendor/laravel/framework/src/Illuminate/Routing/Router.php(750): Illuminate/Routing/Router->runRoute(Object(Illuminate/Http/Request), Object(Illuminate/Routing/Route))
#8 E:/1KERJAAN/Telisik Studio/Dashboard HSE/hse-dashboard/hse-backend/vendor/laravel/framework/src/Illuminate/Routing/Router.php(739): Illuminate/Routing/Router->dispatchToRoute(Object(Illuminate/Http/Request))
#9 E:/1KERJAAN/Telisik Studio/Dashboard HSE/hse-dashboard/hse-backend/vendor/laravel/framework/src/Illuminate/Foundation/Http/Kernel.php(201): Illuminate/Routing/Router->dispatch(Object(Illuminate/Http/Request))
#10 E:/1KERJAAN/Telisik Studio/Dashboard HSE/hse-dashboard/hse-backend/vendor/laravel/framework/src/Illuminate/Pipeline/Pipeline.php(170): Illuminate/Foundation/Http/Kernel->Illuminate/Foundation/Http/{closure}(Object(Illuminate/Http/Request))
#11 E:/1KERJAAN/Telisik Studio/Dashboard HSE/hse-dashboard/hse-backend/vendor/laravel/framework/src/Illuminate/Foundation/Http/Middleware/TransformsRequest.php(21): Illuminate/Pipeline/Pipeline->Illuminate/Pipeline/{closure}(Object(Illuminate/Http/Request))
#12 E:/1KERJAAN/Telisik Studio/Dashboard HSE/hse-dashboard/hse-backend/vendor/laravel/framework/src/Illuminate/Foundation/Http/Middleware/ConvertEmptyStringsToNull.php(31): Illuminate/Foundation/Http/Middleware/TransformsRequest->handle(Object(Illuminate/Http/Request), Object(Closure))
#13 E:/1KERJAAN/Telisik Studio/Dashboard HSE/hse-dashboard/hse-backend/vendor/laravel/framework/src/Illuminate/Pipeline/Pipeline.php(209): Illuminate/Foundation/Http/Middleware/ConvertEmptyStringsToNull->handle(Object(Illuminate/Http/Request), Object(Closure))
#14 E:/1KERJAAN/Telisik Studio/Dashboard HSE/hse-dashboard/hse-backend/vendor/laravel/framework/src/Illuminate/Foundation/Http/Middleware/TransformsRequest.php(21): Illuminate/Pipeline/Pipeline->Illuminate/Pipeline/{closure}(Object(Illuminate/Http/Request))
#15 E:/1KERJAAN/Telisik Studio/Dashboard HSE/hse-dashboard/hse-backend/vendor/laravel/framework/src/Illuminate/Foundation/Http/Middleware/TrimStrings.php(51): Illuminate/Foundation/Http/Middleware/TransformsRequest->handle(Object(Illuminate/Http/Request), Object(Closure))
#16 E:/1KERJAAN/Telisik Studio/Dashboard HSE/hse-dashboard/hse-backend/vendor/laravel/framework/src/Illuminate/Pipeline/Pipeline.php(209): Illuminate/Foundation/Http/Middleware/TrimStrings->handle(Object(Illuminate/Http/Request), Object(Closure))
#17 E:/1KERJAAN/Telisik Studio/Dashboard HSE/hse-dashboard/hse-backend/vendor/laravel/framework/src/Illuminate/Http/Middleware/ValidatePostSize.php(27): Illuminate/Pipeline/Pipeline->Illuminate/Pipeline/{closure}(Object(Illuminate/Http/Request))
#18 E:/1KERJAAN/Telisik Studio/Dashboard HSE/hse-dashboard/hse-backend/vendor/laravel/framework/src/Illuminate/Pipeline/Pipeline.php(209): Illuminate/Http/Middleware/ValidatePostSize->handle(Object(Illuminate/Http/Request), Object(Closure))
#19 E:/1KERJAAN/Telisik Studio/Dashboard HSE/hse-dashboard/hse-backend/vendor/laravel/framework/src/Illuminate/Foundation/Http/Middleware/PreventRequestsDuringMaintenance.php(110): Illuminate/Pipeline/Pipeline->Illuminate/Pipeline/{closure}(Object(Illuminate/Http/Request))
#20 E:/1KERJAAN/Telisik Studio/Dashboard HSE/hse-dashboard/hse-backend/vendor/laravel/framework/src/Illuminate/Pipeline/Pipeline.php(209): Illuminate/Foundation/Http/Middleware/PreventRequestsDuringMaintenance->handle(Object(Illuminate/Http/Request), Object(Closure))
#21 E:/1KERJAAN/Telisik Studio/Dashboard HSE/hse-dashboard/hse-backend/vendor/laravel/framework/src/Illuminate/Http/Middleware/HandleCors.php(62): Illuminate/Pipeline/Pipeline->Illuminate/Pipeline/{closure}(Object(Illuminate/Http/Request))
#22 E:/1KERJAAN/Telisik Studio/Dashboard HSE/hse-dashboard/hse-backend/vendor/laravel/framework/src/Illuminate/Pipeline/Pipeline.php(209): Illuminate/Http/Middleware/HandleCors->handle(Object(Illuminate/Http/Request), Object(Closure))
#23 E:/1KERJAAN/Telisik Studio/Dashboard HSE/hse-dashboard/hse-backend/vendor/laravel/framework/src/Illuminate/Http/Middleware/TrustProxies.php(58): Illuminate/Pipeline/Pipeline->Illuminate/Pipeline/{closure}(Object(Illuminate/Http/Request))
#24 E:/1KERJAAN/Telisik Studio/Dashboard HSE/hse-dashboard/hse-backend/vendor/laravel/framework/src/Illuminate/Pipeline/Pipeline.php(209): Illuminate/Http/Middleware/TrustProxies->handle(Object(Illuminate/Http/Request), Object(Closure))
#25 E:/1KERJAAN/Telisik Studio/Dashboard HSE/hse-dashboard/hse-backend/vendor/laravel/framework/src/Illuminate/Foundation/Http/Middleware/InvokeDeferredCallbacks.php(22): Illuminate/Pipeline/Pipeline->Illuminate/Pipeline/{closure}(Object(Illuminate/Http/Request))
#26 E:/1KERJAAN/Telisik Studio/Dashboard HSE/hse-dashboard/hse-backend/vendor/laravel/framework/src/Illuminate/Pipeline/Pipeline.php(209): Illuminate/Foundation/Http/Middleware/InvokeDeferredCallbacks->handle(Object(Illuminate/Http/Request), Object(Closure))
#27 E:/1KERJAAN/Telisik Studio/Dashboard HSE/hse-dashboard/hse-backend/vendor/laravel/framework/src/Illuminate/Pipeline/Pipeline.php(127): Illuminate/Pipeline/Pipeline->Illuminate/Pipeline/{closure}(Object(Illuminate/Http/Request))
#28 E:/1KERJAAN/Telisik Studio/Dashboard HSE/hse-dashboard/hse-backend/vendor/laravel/framework/src/Illuminate/Foundation/Http/Kernel.php(176): Illuminate/Pipeline/Pipeline->then(Object(Closure))
#29 E:/1KERJAAN/Telisik Studio/Dashboard HSE/hse-dashboard/hse-backend/vendor/laravel/framework/src/Illuminate/Foundation/Http/Kernel.php(145): Illuminate/Foundation/Http/Kernel->sendRequestThroughRouter(Object(Illuminate/Http/Request))
#30 E:/1KERJAAN/Telisik Studio/Dashboard HSE/hse-dashboard/hse-backend/vendor/laravel/framework/src/Illuminate/Foundation/Application.php(1220): Illuminate/Foundation/Http/Kernel->handle(Object(Illuminate/Http/Request))
#31 E:/1KERJAAN/Telisik Studio/Dashboard HSE/hse-dashboard/hse-backend/public/index.php(17): Illuminate/Foundation/Application->handleRequest(Object(Illuminate/Http/Request))
#32 E:/1KERJAAN/Telisik Studio/Dashboard HSE/hse-dashboard/hse-backend/vendor/laravel/framework/src/Illuminate/Foundation/resources/server.php(23): require_once('E://1KERJAAN//Tel...')
#33 {main}
"} 
[2026-08-05 02:32:39] local.ERROR: syntax error, unexpected token "private", expecting end of file {"exception":"[object] (ParseError(code: 0): syntax error, unexpected token \"private\", expecting end of file at E:/1KERJAAN/Telisik Studio/Dashboard HSE/hse-dashboard/hse-backend/app/Http/Controllers/Api/DashboardController.php:175)
[stacktrace]
#0 E:/1KERJAAN/Telisik Studio/Dashboard HSE/hse-dashboard/hse-backend/vendor/composer/ClassLoader.php(427): Composer/Autoload/{closure}('E://1KERJAAN//Tel...')
#1 [internal function]: Composer/Autoload/ClassLoader->loadClass('App//Http//Contro...')
#2 E:/1KERJAAN/Telisik Studio/Dashboard HSE/hse-dashboard/hse-backend/vendor/laravel/framework/src/Illuminate/Routing/Route.php(1117): is_a('App//Http//Contro...', 'Illuminate//Rout...', true)
#3 E:/1KERJAAN/Telisik Studio/Dashboard HSE/hse-dashboard/hse-backend/vendor/laravel/framework/src/Illuminate/Routing/Route.php(1054): Illuminate/Routing/Route->controllerMiddleware()
#4 E:/1KERJAAN/Telisik Studio/Dashboard HSE/hse-dashboard/hse-backend/vendor/laravel/framework/src/Illuminate/Routing/Router.php(820): Illuminate/Routing/Route->gatherMiddleware()
#5 E:/1KERJAAN/Telisik Studio/Dashboard HSE/hse-dashboard/hse-backend/vendor/laravel/framework/src/Illuminate/Routing/Router.php(802): Illuminate/Routing/Router->gatherRouteMiddleware(Object(Illuminate/Routing/Route))
#6 E:/1KERJAAN/Telisik Studio/Dashboard HSE/hse-dashboard/hse-backend/vendor/laravel/framework/src/Illuminate/Routing/Router.php(786): Illuminate/Routing/Router->runRouteWithinStack(Object(Illuminate/Routing/Route), Object(Illuminate/Http/Request))
#7 E:/1KERJAAN/Telisik Studio/Dashboard HSE/hse-dashboard/hse-backend/vendor/laravel/framework/src/Illuminate/Routing/Router.php(750): Illuminate/Routing/Router->runRoute(Object(Illuminate/Http/Request), Object(Illuminate/Routing/Route))
#8 E:/1KERJAAN/Telisik Studio/Dashboard HSE/hse-dashboard/hse-backend/vendor/laravel/framework/src/Illuminate/Routing/Router.php(739): Illuminate/Routing/Router->dispatchToRoute(Object(Illuminate/Http/Request))
#9 E:/1KERJAAN/Telisik Studio/Dashboard HSE/hse-dashboard/hse-backend/vendor/laravel/framework/src/Illuminate/Foundation/Http/Kernel.php(201): Illuminate/Routing/Router->dispatch(Object(Illuminate/Http/Request))
#10 E:/1KERJAAN/Telisik Studio/Dashboard HSE/hse-dashboard/hse-backend/vendor/laravel/framework/src/Illuminate/Pipeline/Pipeline.php(170): Illuminate/Foundation/Http/Kernel->Illuminate/Foundation/Http/{closure}(Object(Illuminate/Http/Request))
#11 E:/1KERJAAN/Telisik Studio/Dashboard HSE/hse-dashboard/hse-backend/vendor/laravel/framework/src/Illuminate/Foundation/Http/Middleware/TransformsRequest.php(21): Illuminate/Pipeline/Pipeline->Illuminate/Pipeline/{closure}(Object(Illuminate/Http/Request))
#12 E:/1KERJAAN/Telisik Studio/Dashboard HSE/hse-dashboard/hse-backend/vendor/laravel/framework/src/Illuminate/Foundation/Http/Middleware/ConvertEmptyStringsToNull.php(31): Illuminate/Foundation/Http/Middleware/TransformsRequest->handle(Object(Illuminate/Http/Request), Object(Closure))
#13 E:/1KERJAAN/Telisik Studio/Dashboard HSE/hse-dashboard/hse-backend/vendor/laravel/framework/src/Illuminate/Pipeline/Pipeline.php(209): Illuminate/Foundation/Http/Middleware/ConvertEmptyStringsToNull->handle(Object(Illuminate/Http/Request), Object(Closure))
#14 E:/1KERJAAN/Telisik Studio/Dashboard HSE/hse-dashboard/hse-backend/vendor/laravel/framework/src/Illuminate/Foundation/Http/Middleware/TransformsRequest.php(21): Illuminate/Pipeline/Pipeline->Illuminate/Pipeline/{closure}(Object(Illuminate/Http/Request))
#15 E:/1KERJAAN/Telisik Studio/Dashboard HSE/hse-dashboard/hse-backend/vendor/laravel/framework/src/Illuminate/Foundation/Http/Middleware/TrimStrings.php(51): Illuminate/Foundation/Http/Middleware/TransformsRequest->handle(Object(Illuminate/Http/Request), Object(Closure))
#16 E:/1KERJAAN/Telisik Studio/Dashboard HSE/hse-dashboard/hse-backend/vendor/laravel/framework/src/Illuminate/Pipeline/Pipeline.php(209): Illuminate/Foundation/Http/Middleware/TrimStrings->handle(Object(Illuminate/Http/Request), Object(Closure))
#17 E:/1KERJAAN/Telisik Studio/Dashboard HSE/hse-dashboard/hse-backend/vendor/laravel/framework/src/Illuminate/Http/Middleware/ValidatePostSize.php(27): Illuminate/Pipeline/Pipeline->Illuminate/Pipeline/{closure}(Object(Illuminate/Http/Request))
#18 E:/1KERJAAN/Telisik Studio/Dashboard HSE/hse-dashboard/hse-backend/vendor/laravel/framework/src/Illuminate/Pipeline/Pipeline.php(209): Illuminate/Http/Middleware/ValidatePostSize->handle(Object(Illuminate/Http/Request), Object(Closure))
#19 E:/1KERJAAN/Telisik Studio/Dashboard HSE/hse-dashboard/hse-backend/vendor/laravel/framework/src/Illuminate/Foundation/Http/Middleware/PreventRequestsDuringMaintenance.php(110): Illuminate/Pipeline/Pipeline->Illuminate/Pipeline/{closure}(Object(Illuminate/Http/Request))
#20 E:/1KERJAAN/Telisik Studio/Dashboard HSE/hse-dashboard/hse-backend/vendor/laravel/framework/src/Illuminate/Pipeline/Pipeline.php(209): Illuminate/Foundation/Http/Middleware/PreventRequestsDuringMaintenance->handle(Object(Illuminate/Http/Request), Object(Closure))
#21 E:/1KERJAAN/Telisik Studio/Dashboard HSE/hse-dashboard/hse-backend/vendor/laravel/framework/src/Illuminate/Http/Middleware/HandleCors.php(62): Illuminate/Pipeline/Pipeline->Illuminate/Pipeline/{closure}(Object(Illuminate/Http/Request))
#22 E:/1KERJAAN/Telisik Studio/Dashboard HSE/hse-dashboard/hse-backend/vendor/laravel/framework/src/Illuminate/Pipeline/Pipeline.php(209): Illuminate/Http/Middleware/HandleCors->handle(Object(Illuminate/Http/Request), Object(Closure))
#23 E:/1KERJAAN/Telisik Studio/Dashboard HSE/hse-dashboard/hse-backend/vendor/laravel/framework/src/Illuminate/Http/Middleware/TrustProxies.php(58): Illuminate/Pipeline/Pipeline->Illuminate/Pipeline/{closure}(Object(Illuminate/Http/Request))
#24 E:/1KERJAAN/Telisik Studio/Dashboard HSE/hse-dashboard/hse-backend/vendor/laravel/framework/src/Illuminate/Pipeline/Pipeline.php(209): Illuminate/Http/Middleware/TrustProxies->handle(Object(Illuminate/Http/Request), Object(Closure))
#25 E:/1KERJAAN/Telisik Studio/Dashboard HSE/hse-dashboard/hse-backend/vendor/laravel/framework/src/Illuminate/Foundation/Http/Middleware/InvokeDeferredCallbacks.php(22): Illuminate/Pipeline/Pipeline->Illuminate/Pipeline/{closure}(Object(Illuminate/Http/Request))
#26 E:/1KERJAAN/Telisik Studio/Dashboard HSE/hse-dashboard/hse-backend/vendor/laravel/framework/src/Illuminate/Pipeline/Pipeline.php(209): Illuminate/Foundation/Http/Middleware/InvokeDeferredCallbacks->handle(Object(Illuminate/Http/Request), Object(Closure))
#27 E:/1KERJAAN/Telisik Studio/Dashboard HSE/hse-dashboard/hse-backend/vendor/laravel/framework/src/Illuminate/Pipeline/Pipeline.php(127): Illuminate/Pipeline/Pipeline->Illuminate/Pipeline/{closure}(Object(Illuminate/Http/Request))
#28 E:/1KERJAAN/Telisik Studio/Dashboard HSE/hse-dashboard/hse-backend/vendor/laravel/framework/src/Illuminate/Foundation/Http/Kernel.php(176): Illuminate/Pipeline/Pipeline->then(Object(Closure))
#29 E:/1KERJAAN/Telisik Studio/Dashboard HSE/hse-dashboard/hse-backend/vendor/laravel/framework/src/Illuminate/Foundation/Http/Kernel.php(145): Illuminate/Foundation/Http/Kernel->sendRequestThroughRouter(Object(Illuminate/Http/Request))
#30 E:/1KERJAAN/Telisik Studio/Dashboard HSE/hse-dashboard/hse-backend/vendor/laravel/framework/src/Illuminate/Foundation/Application.php(1220): Illuminate/Foundation/Http/Kernel->handle(Object(Illuminate/Http/Request))
#31 E:/1KERJAAN/Telisik Studio/Dashboard HSE/hse-dashboard/hse-backend/public/index.php(17): Illuminate/Foundation/Application->handleRequest(Object(Illuminate/Http/Request))
#32 E:/1KERJAAN/Telisik Studio/Dashboard HSE/hse-dashboard/hse-backend/vendor/laravel/framework/src/Illuminate/Foundation/resources/server.php(23): require_once('E://1KERJAAN//Tel...')
#33 {main}
"} 
[2026-08-05 02:32:47] local.ERROR: syntax error, unexpected token "private", expecting end of file {"exception":"[object] (ParseError(code: 0): syntax error, unexpected token \"private\", expecting end of file at E:/1KERJAAN/Telisik Studio/Dashboard HSE/hse-dashboard/hse-backend/app/Http/Controllers/Api/DashboardController.php:175)
[stacktrace]
#0 E:/1KERJAAN/Telisik Studio/Dashboard HSE/hse-dashboard/hse-backend/vendor/composer/ClassLoader.php(427): Composer/Autoload/{closure}('E://1KERJAAN//Tel...')
#1 [internal function]: Composer/Autoload/ClassLoader->loadClass('App//Http//Contro...')
#2 E:/1KERJAAN/Telisik Studio/Dashboard HSE/hse-dashboard/hse-backend/vendor/laravel/framework/src/Illuminate/Routing/Route.php(1117): is_a('App//Http//Contro...', 'Illuminate//Rout...', true)
#3 E:/1KERJAAN/Telisik Studio/Dashboard HSE/hse-dashboard/hse-backend/vendor/laravel/framework/src/Illuminate/Routing/Route.php(1054): Illuminate/Routing/Route->controllerMiddleware()
#4 E:/1KERJAAN/Telisik Studio/Dashboard HSE/hse-dashboard/hse-backend/vendor/laravel/framework/src/Illuminate/Routing/Router.php(820): Illuminate/Routing/Route->gatherMiddleware()
#5 E:/1KERJAAN/Telisik Studio/Dashboard HSE/hse-dashboard/hse-backend/vendor/laravel/framework/src/Illuminate/Routing/Router.php(802): Illuminate/Routing/Router->gatherRouteMiddleware(Object(Illuminate/Routing/Route))
#6 E:/1KERJAAN/Telisik Studio/Dashboard HSE/hse-dashboard/hse-backend/vendor/laravel/framework/src/Illuminate/Routing/Router.php(786): Illuminate/Routing/Router->runRouteWithinStack(Object(Illuminate/Routing/Route), Object(Illuminate/Http/Request))
#7 E:/1KERJAAN/Telisik Studio/Dashboard HSE/hse-dashboard/hse-backend/vendor/laravel/framework/src/Illuminate/Routing/Router.php(750): Illuminate/Routing/Router->runRoute(Object(Illuminate/Http/Request), Object(Illuminate/Routing/Route))
#8 E:/1KERJAAN/Telisik Studio/Dashboard HSE/hse-dashboard/hse-backend/vendor/laravel/framework/src/Illuminate/Routing/Router.php(739): Illuminate/Routing/Router->dispatchToRoute(Object(Illuminate/Http/Request))
#9 E:/1KERJAAN/Telisik Studio/Dashboard HSE/hse-dashboard/hse-backend/vendor/laravel/framework/src/Illuminate/Foundation/Http/Kernel.php(201): Illuminate/Routing/Router->dispatch(Object(Illuminate/Http/Request))
#10 E:/1KERJAAN/Telisik Studio/Dashboard HSE/hse-dashboard/hse-backend/vendor/laravel/framework/src/Illuminate/Pipeline/Pipeline.php(170): Illuminate/Foundation/Http/Kernel->Illuminate/Foundation/Http/{closure}(Object(Illuminate/Http/Request))
#11 E:/1KERJAAN/Telisik Studio/Dashboard HSE/hse-dashboard/hse-backend/vendor/laravel/framework/src/Illuminate/Foundation/Http/Middleware/TransformsRequest.php(21): Illuminate/Pipeline/Pipeline->Illuminate/Pipeline/{closure}(Object(Illuminate/Http/Request))
#12 E:/1KERJAAN/Telisik Studio/Dashboard HSE/hse-dashboard/hse-backend/vendor/laravel/framework/src/Illuminate/Foundation/Http/Middleware/ConvertEmptyStringsToNull.php(31): Illuminate/Foundation/Http/Middleware/TransformsRequest->handle(Object(Illuminate/Http/Request), Object(Closure))
#13 E:/1KERJAAN/Telisik Studio/Dashboard HSE/hse-dashboard/hse-backend/vendor/laravel/framework/src/Illuminate/Pipeline/Pipeline.php(209): Illuminate/Foundation/Http/Middleware/ConvertEmptyStringsToNull->handle(Object(Illuminate/Http/Request), Object(Closure))
#14 E:/1KERJAAN/Telisik Studio/Dashboard HSE/hse-dashboard/hse-backend/vendor/laravel/framework/src/Illuminate/Foundation/Http/Middleware/TransformsRequest.php(21): Illuminate/Pipeline/Pipeline->Illuminate/Pipeline/{closure}(Object(Illuminate/Http/Request))
#15 E:/1KERJAAN/Telisik Studio/Dashboard HSE/hse-dashboard/hse-backend/vendor/laravel/framework/src/Illuminate/Foundation/Http/Middleware/TrimStrings.php(51): Illuminate/Foundation/Http/Middleware/TransformsRequest->handle(Object(Illuminate/Http/Request), Object(Closure))
#16 E:/1KERJAAN/Telisik Studio/Dashboard HSE/hse-dashboard/hse-backend/vendor/laravel/framework/src/Illuminate/Pipeline/Pipeline.php(209): Illuminate/Foundation/Http/Middleware/TrimStrings->handle(Object(Illuminate/Http/Request), Object(Closure))
#17 E:/1KERJAAN/Telisik Studio/Dashboard HSE/hse-dashboard/hse-backend/vendor/laravel/framework/src/Illuminate/Http/Middleware/ValidatePostSize.php(27): Illuminate/Pipeline/Pipeline->Illuminate/Pipeline/{closure}(Object(Illuminate/Http/Request))
#18 E:/1KERJAAN/Telisik Studio/Dashboard HSE/hse-dashboard/hse-backend/vendor/laravel/framework/src/Illuminate/Pipeline/Pipeline.php(209): Illuminate/Http/Middleware/ValidatePostSize->handle(Object(Illuminate/Http/Request), Object(Closure))
#19 E:/1KERJAAN/Telisik Studio/Dashboard HSE/hse-dashboard/hse-backend/vendor/laravel/framework/src/Illuminate/Foundation/Http/Middleware/PreventRequestsDuringMaintenance.php(110): Illuminate/Pipeline/Pipeline->Illuminate/Pipeline/{closure}(Object(Illuminate/Http/Request))
#20 E:/1KERJAAN/Telisik Studio/Dashboard HSE/hse-dashboard/hse-backend/vendor/laravel/framework/src/Illuminate/Pipeline/Pipeline.php(209): Illuminate/Foundation/Http/Middleware/PreventRequestsDuringMaintenance->handle(Object(Illuminate/Http/Request), Object(Closure))
#21 E:/1KERJAAN/Telisik Studio/Dashboard HSE/hse-dashboard/hse-backend/vendor/laravel/framework/src/Illuminate/Http/Middleware/HandleCors.php(62): Illuminate/Pipeline/Pipeline->Illuminate/Pipeline/{closure}(Object(Illuminate/Http/Request))
#22 E:/1KERJAAN/Telisik Studio/Dashboard HSE/hse-dashboard/hse-backend/vendor/laravel/framework/src/Illuminate/Pipeline/Pipeline.php(209): Illuminate/Http/Middleware/HandleCors->handle(Object(Illuminate/Http/Request), Object(Closure))
#23 E:/1KERJAAN/Telisik Studio/Dashboard HSE/hse-dashboard/hse-backend/vendor/laravel/framework/src/Illuminate/Http/Middleware/TrustProxies.php(58): Illuminate/Pipeline/Pipeline->Illuminate/Pipeline/{closure}(Object(Illuminate/Http/Request))
#24 E:/1KERJAAN/Telisik Studio/Dashboard HSE/hse-dashboard/hse-backend/vendor/laravel/framework/src/Illuminate/Pipeline/Pipeline.php(209): Illuminate/Http/Middleware/TrustProxies->handle(Object(Illuminate/Http/Request), Object(Closure))
#25 E:/1KERJAAN/Telisik Studio/Dashboard HSE/hse-dashboard/hse-backend/vendor/laravel/framework/src/Illuminate/Foundation/Http/Middleware/InvokeDeferredCallbacks.php(22): Illuminate/Pipeline/Pipeline->Illuminate/Pipeline/{closure}(Object(Illuminate/Http/Request))
#26 E:/1KERJAAN/Telisik Studio/Dashboard HSE/hse-dashboard/hse-backend/vendor/laravel/framework/src/Illuminate/Pipeline/Pipeline.php(209): Illuminate/Foundation/Http/Middleware/InvokeDeferredCallbacks->handle(Object(Illuminate/Http/Request), Object(Closure))
#27 E:/1KERJAAN/Telisik Studio/Dashboard HSE/hse-dashboard/hse-backend/vendor/laravel/framework/src/Illuminate/Pipeline/Pipeline.php(127): Illuminate/Pipeline/Pipeline->Illuminate/Pipeline/{closure}(Object(Illuminate/Http/Request))
#28 E:/1KERJAAN/Telisik Studio/Dashboard HSE/hse-dashboard/hse-backend/vendor/laravel/framework/src/Illuminate/Foundation/Http/Kernel.php(176): Illuminate/Pipeline/Pipeline->then(Object(Closure))
#29 E:/1KERJAAN/Telisik Studio/Dashboard HSE/hse-dashboard/hse-backend/vendor/laravel/framework/src/Illuminate/Foundation/Http/Kernel.php(145): Illuminate/Foundation/Http/Kernel->sendRequestThroughRouter(Object(Illuminate/Http/Request))
#30 E:/1KERJAAN/Telisik Studio/Dashboard HSE/hse-dashboard/hse-backend/vendor/laravel/framework/src/Illuminate/Foundation/Application.php(1220): Illuminate/Foundation/Http/Kernel->handle(Object(Illuminate/Http/Request))
#31 E:/1KERJAAN/Telisik Studio/Dashboard HSE/hse-dashboard/hse-backend/public/index.php(17): Illuminate/Foundation/Application->handleRequest(Object(Illuminate/Http/Request))
#32 E:/1KERJAAN/Telisik Studio/Dashboard HSE/hse-dashboard/hse-backend/vendor/laravel/framework/src/Illuminate/Foundation/resources/server.php(23): require_once('E://1KERJAAN//Tel...')
#33 {main}
"} 
[2026-08-05 02:32:47] local.ERROR: syntax error, unexpected token "private", expecting end of file {"exception":"[object] (ParseError(code: 0): syntax error, unexpected token \"private\", expecting end of file at E:/1KERJAAN/Telisik Studio/Dashboard HSE/hse-dashboard/hse-backend/app/Http/Controllers/Api/DashboardController.php:175)
[stacktrace]
#0 E:/1KERJAAN/Telisik Studio/Dashboard HSE/hse-dashboard/hse-backend/vendor/composer/ClassLoader.php(427): Composer/Autoload/{closure}('E://1KERJAAN//Tel...')
#1 [internal function]: Composer/Autoload/ClassLoader->loadClass('App//Http//Contro...')
#2 E:/1KERJAAN/Telisik Studio/Dashboard HSE/hse-dashboard/hse-backend/vendor/laravel/framework/src/Illuminate/Routing/Route.php(1117): is_a('App//Http//Contro...', 'Illuminate//Rout...', true)
#3 E:/1KERJAAN/Telisik Studio/Dashboard HSE/hse-dashboard/hse-backend/vendor/laravel/framework/src/Illuminate/Routing/Route.php(1054): Illuminate/Routing/Route->controllerMiddleware()
#4 E:/1KERJAAN/Telisik Studio/Dashboard HSE/hse-dashboard/hse-backend/vendor/laravel/framework/src/Illuminate/Routing/Router.php(820): Illuminate/Routing/Route->gatherMiddleware()
#5 E:/1KERJAAN/Telisik Studio/Dashboard HSE/hse-dashboard/hse-backend/vendor/laravel/framework/src/Illuminate/Routing/Router.php(802): Illuminate/Routing/Router->gatherRouteMiddleware(Object(Illuminate/Routing/Route))
#6 E:/1KERJAAN/Telisik Studio/Dashboard HSE/hse-dashboard/hse-backend/vendor/laravel/framework/src/Illuminate/Routing/Router.php(786): Illuminate/Routing/Router->runRouteWithinStack(Object(Illuminate/Routing/Route), Object(Illuminate/Http/Request))
#7 E:/1KERJAAN/Telisik Studio/Dashboard HSE/hse-dashboard/hse-backend/vendor/laravel/framework/src/Illuminate/Routing/Router.php(750): Illuminate/Routing/Router->runRoute(Object(Illuminate/Http/Request), Object(Illuminate/Routing/Route))
#8 E:/1KERJAAN/Telisik Studio/Dashboard HSE/hse-dashboard/hse-backend/vendor/laravel/framework/src/Illuminate/Routing/Router.php(739): Illuminate/Routing/Router->dispatchToRoute(Object(Illuminate/Http/Request))
#9 E:/1KERJAAN/Telisik Studio/Dashboard HSE/hse-dashboard/hse-backend/vendor/laravel/framework/src/Illuminate/Foundation/Http/Kernel.php(201): Illuminate/Routing/Router->dispatch(Object(Illuminate/Http/Request))
#10 E:/1KERJAAN/Telisik Studio/Dashboard HSE/hse-dashboard/hse-backend/vendor/laravel/framework/src/Illuminate/Pipeline/Pipeline.php(170): Illuminate/Foundation/Http/Kernel->Illuminate/Foundation/Http/{closure}(Object(Illuminate/Http/Request))
#11 E:/1KERJAAN/Telisik Studio/Dashboard HSE/hse-dashboard/hse-backend/vendor/laravel/framework/src/Illuminate/Foundation/Http/Middleware/TransformsRequest.php(21): Illuminate/Pipeline/Pipeline->Illuminate/Pipeline/{closure}(Object(Illuminate/Http/Request))
#12 E:/1KERJAAN/Telisik Studio/Dashboard HSE/hse-dashboard/hse-backend/vendor/laravel/framework/src/Illuminate/Foundation/Http/Middleware/ConvertEmptyStringsToNull.php(31): Illuminate/Foundation/Http/Middleware/TransformsRequest->handle(Object(Illuminate/Http/Request), Object(Closure))
#13 E:/1KERJAAN/Telisik Studio/Dashboard HSE/hse-dashboard/hse-backend/vendor/laravel/framework/src/Illuminate/Pipeline/Pipeline.php(209): Illuminate/Foundation/Http/Middleware/ConvertEmptyStringsToNull->handle(Object(Illuminate/Http/Request), Object(Closure))
#14 E:/1KERJAAN/Telisik Studio/Dashboard HSE/hse-dashboard/hse-backend/vendor/laravel/framework/src/Illuminate/Foundation/Http/Middleware/TransformsRequest.php(21): Illuminate/Pipeline/Pipeline->Illuminate/Pipeline/{closure}(Object(Illuminate/Http/Request))
#15 E:/1KERJAAN/Telisik Studio/Dashboard HSE/hse-dashboard/hse-backend/vendor/laravel/framework/src/Illuminate/Foundation/Http/Middleware/TrimStrings.php(51): Illuminate/Foundation/Http/Middleware/TransformsRequest->handle(Object(Illuminate/Http/Request), Object(Closure))
#16 E:/1KERJAAN/Telisik Studio/Dashboard HSE/hse-dashboard/hse-backend/vendor/laravel/framework/src/Illuminate/Pipeline/Pipeline.php(209): Illuminate/Foundation/Http/Middleware/TrimStrings->handle(Object(Illuminate/Http/Request), Object(Closure))
#17 E:/1KERJAAN/Telisik Studio/Dashboard HSE/hse-dashboard/hse-backend/vendor/laravel/framework/src/Illuminate/Http/Middleware/ValidatePostSize.php(27): Illuminate/Pipeline/Pipeline->Illuminate/Pipeline/{closure}(Object(Illuminate/Http/Request))
#18 E:/1KERJAAN/Telisik Studio/Dashboard HSE/hse-dashboard/hse-backend/vendor/laravel/framework/src/Illuminate/Pipeline/Pipeline.php(209): Illuminate/Http/Middleware/ValidatePostSize->handle(Object(Illuminate/Http/Request), Object(Closure))
#19 E:/1KERJAAN/Telisik Studio/Dashboard HSE/hse-dashboard/hse-backend/vendor/laravel/framework/src/Illuminate/Foundation/Http/Middleware/PreventRequestsDuringMaintenance.php(110): Illuminate/Pipeline/Pipeline->Illuminate/Pipeline/{closure}(Object(Illuminate/Http/Request))
#20 E:/1KERJAAN/Telisik Studio/Dashboard HSE/hse-dashboard/hse-backend/vendor/laravel/framework/src/Illuminate/Pipeline/Pipeline.php(209): Illuminate/Foundation/Http/Middleware/PreventRequestsDuringMaintenance->handle(Object(Illuminate/Http/Request), Object(Closure))
#21 E:/1KERJAAN/Telisik Studio/Dashboard HSE/hse-dashboard/hse-backend/vendor/laravel/framework/src/Illuminate/Http/Middleware/HandleCors.php(62): Illuminate/Pipeline/Pipeline->Illuminate/Pipeline/{closure}(Object(Illuminate/Http/Request))
#22 E:/1KERJAAN/Telisik Studio/Dashboard HSE/hse-dashboard/hse-backend/vendor/laravel/framework/src/Illuminate/Pipeline/Pipeline.php(209): Illuminate/Http/Middleware/HandleCors->handle(Object(Illuminate/Http/Request), Object(Closure))
#23 E:/1KERJAAN/Telisik Studio/Dashboard HSE/hse-dashboard/hse-backend/vendor/laravel/framework/src/Illuminate/Http/Middleware/TrustProxies.php(58): Illuminate/Pipeline/Pipeline->Illuminate/Pipeline/{closure}(Object(Illuminate/Http/Request))
#24 E:/1KERJAAN/Telisik Studio/Dashboard HSE/hse-dashboard/hse-backend/vendor/laravel/framework/src/Illuminate/Pipeline/Pipeline.php(209): Illuminate/Http/Middleware/TrustProxies->handle(Object(Illuminate/Http/Request), Object(Closure))
#25 E:/1KERJAAN/Telisik Studio/Dashboard HSE/hse-dashboard/hse-backend/vendor/laravel/framework/src/Illuminate/Foundation/Http/Middleware/InvokeDeferredCallbacks.php(22): Illuminate/Pipeline/Pipeline->Illuminate/Pipeline/{closure}(Object(Illuminate/Http/Request))
#26 E:/1KERJAAN/Telisik Studio/Dashboard HSE/hse-dashboard/hse-backend/vendor/laravel/framework/src/Illuminate/Pipeline/Pipeline.php(209): Illuminate/Foundation/Http/Middleware/InvokeDeferredCallbacks->handle(Object(Illuminate/Http/Request), Object(Closure))
#27 E:/1KERJAAN/Telisik Studio/Dashboard HSE/hse-dashboard/hse-backend/vendor/laravel/framework/src/Illuminate/Pipeline/Pipeline.php(127): Illuminate/Pipeline/Pipeline->Illuminate/Pipeline/{closure}(Object(Illuminate/Http/Request))
#28 E:/1KERJAAN/Telisik Studio/Dashboard HSE/hse-dashboard/hse-backend/vendor/laravel/framework/src/Illuminate/Foundation/Http/Kernel.php(176): Illuminate/Pipeline/Pipeline->then(Object(Closure))
#29 E:/1KERJAAN/Telisik Studio/Dashboard HSE/hse-dashboard/hse-backend/vendor/laravel/framework/src/Illuminate/Foundation/Http/Kernel.php(145): Illuminate/Foundation/Http/Kernel->sendRequestThroughRouter(Object(Illuminate/Http/Request))
#30 E:/1KERJAAN/Telisik Studio/Dashboard HSE/hse-dashboard/hse-backend/vendor/laravel/framework/src/Illuminate/Foundation/Application.php(1220): Illuminate/Foundation/Http/Kernel->handle(Object(Illuminate/Http/Request))
#31 E:/1KERJAAN/Telisik Studio/Dashboard HSE/hse-dashboard/hse-backend/public/index.php(17): Illuminate/Foundation/Application->handleRequest(Object(Illuminate/Http/Request))
#32 E:/1KERJAAN/Telisik Studio/Dashboard HSE/hse-dashboard/hse-backend/vendor/laravel/framework/src/Illuminate/Foundation/resources/server.php(23): require_once('E://1KERJAAN//Tel...')
#33 {main}
"} 
[2026-08-05 02:37:56] local.ERROR: Route [login] not defined. {"exception":"[object] (Symfony\\Component\\Routing\\Exception\\RouteNotFoundException(code: 0): Route [login] not defined. at E:/1KERJAAN/Telisik Studio/Dashboard HSE/hse-dashboard/hse-backend/vendor/laravel/framework/src/Illuminate/Routing/UrlGenerator.php:517)
[stacktrace]
#0 E:/1KERJAAN/Telisik Studio/Dashboard HSE/hse-dashboard/hse-backend/vendor/laravel/framework/src/Illuminate/Foundation/helpers.php(853): Illuminate/Routing/UrlGenerator->route('login', Array, true)
#1 E:/1KERJAAN/Telisik Studio/Dashboard HSE/hse-dashboard/hse-backend/vendor/laravel/framework/src/Illuminate/Foundation/Configuration/ApplicationBuilder.php(278): route('login')
#2 [internal function]: Illuminate/Foundation/Configuration/ApplicationBuilder->Illuminate/Foundation/Configuration/{closure}(Object(Illuminate/Http/Request))
#3 E:/1KERJAAN/Telisik Studio/Dashboard HSE/hse-dashboard/hse-backend/vendor/laravel/framework/src/Illuminate/Auth/Middleware/Authenticate.php(118): call_user_func(Object(Closure), Object(Illuminate/Http/Request))
#4 E:/1KERJAAN/Telisik Studio/Dashboard HSE/hse-dashboard/hse-backend/vendor/laravel/framework/src/Illuminate/Auth/Middleware/Authenticate.php(105): Illuminate/Auth/Middleware/Authenticate->redirectTo(Object(Illuminate/Http/Request))
#5 E:/1KERJAAN/Telisik Studio/Dashboard HSE/hse-dashboard/hse-backend/vendor/laravel/framework/src/Illuminate/Auth/Middleware/Authenticate.php(88): Illuminate/Auth/Middleware/Authenticate->unauthenticated(Object(Illuminate/Http/Request), Array)
#6 E:/1KERJAAN/Telisik Studio/Dashboard HSE/hse-dashboard/hse-backend/vendor/laravel/framework/src/Illuminate/Auth/Middleware/Authenticate.php(62): Illuminate/Auth/Middleware/Authenticate->authenticate(Object(Illuminate/Http/Request), Array)
#7 E:/1KERJAAN/Telisik Studio/Dashboard HSE/hse-dashboard/hse-backend/vendor/laravel/framework/src/Illuminate/Pipeline/Pipeline.php(209): Illuminate/Auth/Middleware/Authenticate->handle(Object(Illuminate/Http/Request), Object(Closure), 'sanctum')
#8 E:/1KERJAAN/Telisik Studio/Dashboard HSE/hse-dashboard/hse-backend/vendor/laravel/sanctum/src/Http/Middleware/EnsureFrontendRequestsAreStateful.php(26): Illuminate/Pipeline/Pipeline->Illuminate/Pipeline/{closure}(Object(Illuminate/Http/Request))
#9 E:/1KERJAAN/Telisik Studio/Dashboard HSE/hse-dashboard/hse-backend/vendor/laravel/framework/src/Illuminate/Pipeline/Pipeline.php(170): Laravel/Sanctum/Http/Middleware/EnsureFrontendRequestsAreStateful->Laravel/Sanctum/Http/Middleware/{closure}(Object(Illuminate/Http/Request))
#10 E:/1KERJAAN/Telisik Studio/Dashboard HSE/hse-dashboard/hse-backend/vendor/laravel/framework/src/Illuminate/Pipeline/Pipeline.php(127): Illuminate/Pipeline/Pipeline->Illuminate/Pipeline/{closure}(Object(Illuminate/Http/Request))
#11 E:/1KERJAAN/Telisik Studio/Dashboard HSE/hse-dashboard/hse-backend/vendor/laravel/sanctum/src/Http/Middleware/EnsureFrontendRequestsAreStateful.php(25): Illuminate/Pipeline/Pipeline->then(Object(Closure))
#12 E:/1KERJAAN/Telisik Studio/Dashboard HSE/hse-dashboard/hse-backend/vendor/laravel/framework/src/Illuminate/Pipeline/Pipeline.php(209): Laravel/Sanctum/Http/Middleware/EnsureFrontendRequestsAreStateful->handle(Object(Illuminate/Http/Request), Object(Closure))
#13 E:/1KERJAAN/Telisik Studio/Dashboard HSE/hse-dashboard/hse-backend/vendor/laravel/framework/src/Illuminate/Pipeline/Pipeline.php(127): Illuminate/Pipeline/Pipeline->Illuminate/Pipeline/{closure}(Object(Illuminate/Http/Request))
#14 E:/1KERJAAN/Telisik Studio/Dashboard HSE/hse-dashboard/hse-backend/vendor/laravel/framework/src/Illuminate/Routing/Router.php(807): Illuminate/Pipeline/Pipeline->then(Object(Closure))
#15 E:/1KERJAAN/Telisik Studio/Dashboard HSE/hse-dashboard/hse-backend/vendor/laravel/framework/src/Illuminate/Routing/Router.php(786): Illuminate/Routing/Router->runRouteWithinStack(Object(Illuminate/Routing/Route), Object(Illuminate/Http/Request))
#16 E:/1KERJAAN/Telisik Studio/Dashboard HSE/hse-dashboard/hse-backend/vendor/laravel/framework/src/Illuminate/Routing/Router.php(750): Illuminate/Routing/Router->runRoute(Object(Illuminate/Http/Request), Object(Illuminate/Routing/Route))
#17 E:/1KERJAAN/Telisik Studio/Dashboard HSE/hse-dashboard/hse-backend/vendor/laravel/framework/src/Illuminate/Routing/Router.php(739): Illuminate/Routing/Router->dispatchToRoute(Object(Illuminate/Http/Request))
#18 E:/1KERJAAN/Telisik Studio/Dashboard HSE/hse-dashboard/hse-backend/vendor/laravel/framework/src/Illuminate/Foundation/Http/Kernel.php(201): Illuminate/Routing/Router->dispatch(Object(Illuminate/Http/Request))
#19 E:/1KERJAAN/Telisik Studio/Dashboard HSE/hse-dashboard/hse-backend/vendor/laravel/framework/src/Illuminate/Pipeline/Pipeline.php(170): Illuminate/Foundation/Http/Kernel->Illuminate/Foundation/Http/{closure}(Object(Illuminate/Http/Request))
#20 E:/1KERJAAN/Telisik Studio/Dashboard HSE/hse-dashboard/hse-backend/vendor/laravel/framework/src/Illuminate/Foundation/Http/Middleware/TransformsRequest.php(21): Illuminate/Pipeline/Pipeline->Illuminate/Pipeline/{closure}(Object(Illuminate/Http/Request))
#21 E:/1KERJAAN/Telisik Studio/Dashboard HSE/hse-dashboard/hse-backend/vendor/laravel/framework/src/Illuminate/Foundation/Http/Middleware/ConvertEmptyStringsToNull.php(31): Illuminate/Foundation/Http/Middleware/TransformsRequest->handle(Object(Illuminate/Http/Request), Object(Closure))
#22 E:/1KERJAAN/Telisik Studio/Dashboard HSE/hse-dashboard/hse-backend/vendor/laravel/framework/src/Illuminate/Pipeline/Pipeline.php(209): Illuminate/Foundation/Http/Middleware/ConvertEmptyStringsToNull->handle(Object(Illuminate/Http/Request), Object(Closure))
#23 E:/1KERJAAN/Telisik Studio/Dashboard HSE/hse-dashboard/hse-backend/vendor/laravel/framework/src/Illuminate/Foundation/Http/Middleware/TransformsRequest.php(21): Illuminate/Pipeline/Pipeline->Illuminate/Pipeline/{closure}(Object(Illuminate/Http/Request))
#24 E:/1KERJAAN/Telisik Studio/Dashboard HSE/hse-dashboard/hse-backend/vendor/laravel/framework/src/Illuminate/Foundation/Http/Middleware/TrimStrings.php(51): Illuminate/Foundation/Http/Middleware/TransformsRequest->handle(Object(Illuminate/Http/Request), Object(Closure))
#25 E:/1KERJAAN/Telisik Studio/Dashboard HSE/hse-dashboard/hse-backend/vendor/laravel/framework/src/Illuminate/Pipeline/Pipeline.php(209): Illuminate/Foundation/Http/Middleware/TrimStrings->handle(Object(Illuminate/Http/Request), Object(Closure))
#26 E:/1KERJAAN/Telisik Studio/Dashboard HSE/hse-dashboard/hse-backend/vendor/laravel/framework/src/Illuminate/Http/Middleware/ValidatePostSize.php(27): Illuminate/Pipeline/Pipeline->Illuminate/Pipeline/{closure}(Object(Illuminate/Http/Request))
#27 E:/1KERJAAN/Telisik Studio/Dashboard HSE/hse-dashboard/hse-backend/vendor/laravel/framework/src/Illuminate/Pipeline/Pipeline.php(209): Illuminate/Http/Middleware/ValidatePostSize->handle(Object(Illuminate/Http/Request), Object(Closure))
#28 E:/1KERJAAN/Telisik Studio/Dashboard HSE/hse-dashboard/hse-backend/vendor/laravel/framework/src/Illuminate/Foundation/Http/Middleware/PreventRequestsDuringMaintenance.php(110): Illuminate/Pipeline/Pipeline->Illuminate/Pipeline/{closure}(Object(Illuminate/Http/Request))
#29 E:/1KERJAAN/Telisik Studio/Dashboard HSE/hse-dashboard/hse-backend/vendor/laravel/framework/src/Illuminate/Pipeline/Pipeline.php(209): Illuminate/Foundation/Http/Middleware/PreventRequestsDuringMaintenance->handle(Object(Illuminate/Http/Request), Object(Closure))
#30 E:/1KERJAAN/Telisik Studio/Dashboard HSE/hse-dashboard/hse-backend/vendor/laravel/framework/src/Illuminate/Http/Middleware/HandleCors.php(62): Illuminate/Pipeline/Pipeline->Illuminate/Pipeline/{closure}(Object(Illuminate/Http/Request))
#31 E:/1KERJAAN/Telisik Studio/Dashboard HSE/hse-dashboard/hse-backend/vendor/laravel/framework/src/Illuminate/Pipeline/Pipeline.php(209): Illuminate/Http/Middleware/HandleCors->handle(Object(Illuminate/Http/Request), Object(Closure))
#32 E:/1KERJAAN/Telisik Studio/Dashboard HSE/hse-dashboard/hse-backend/vendor/laravel/framework/src/Illuminate/Http/Middleware/TrustProxies.php(58): Illuminate/Pipeline/Pipeline->Illuminate/Pipeline/{closure}(Object(Illuminate/Http/Request))
#33 E:/1KERJAAN/Telisik Studio/Dashboard HSE/hse-dashboard/hse-backend/vendor/laravel/framework/src/Illuminate/Pipeline/Pipeline.php(209): Illuminate/Http/Middleware/TrustProxies->handle(Object(Illuminate/Http/Request), Object(Closure))
#34 E:/1KERJAAN/Telisik Studio/Dashboard HSE/hse-dashboard/hse-backend/vendor/laravel/framework/src/Illuminate/Foundation/Http/Middleware/InvokeDeferredCallbacks.php(22): Illuminate/Pipeline/Pipeline->Illuminate/Pipeline/{closure}(Object(Illuminate/Http/Request))
#35 E:/1KERJAAN/Telisik Studio/Dashboard HSE/hse-dashboard/hse-backend/vendor/laravel/framework/src/Illuminate/Pipeline/Pipeline.php(209): Illuminate/Foundation/Http/Middleware/InvokeDeferredCallbacks->handle(Object(Illuminate/Http/Request), Object(Closure))
#36 E:/1KERJAAN/Telisik Studio/Dashboard HSE/hse-dashboard/hse-backend/vendor/laravel/framework/src/Illuminate/Pipeline/Pipeline.php(127): Illuminate/Pipeline/Pipeline->Illuminate/Pipeline/{closure}(Object(Illuminate/Http/Request))
#37 E:/1KERJAAN/Telisik Studio/Dashboard HSE/hse-dashboard/hse-backend/vendor/laravel/framework/src/Illuminate/Foundation/Http/Kernel.php(176): Illuminate/Pipeline/Pipeline->then(Object(Closure))
#38 E:/1KERJAAN/Telisik Studio/Dashboard HSE/hse-dashboard/hse-backend/vendor/laravel/framework/src/Illuminate/Foundation/Http/Kernel.php(145): Illuminate/Foundation/Http/Kernel->sendRequestThroughRouter(Object(Illuminate/Http/Request))
#39 E:/1KERJAAN/Telisik Studio/Dashboard HSE/hse-dashboard/hse-backend/vendor/laravel/framework/src/Illuminate/Foundation/Application.php(1220): Illuminate/Foundation/Http/Kernel->handle(Object(Illuminate/Http/Request))
#40 E:/1KERJAAN/Telisik Studio/Dashboard HSE/hse-dashboard/hse-backend/public/index.php(17): Illuminate/Foundation/Application->handleRequest(Object(Illuminate/Http/Request))
#41 E:/1KERJAAN/Telisik Studio/Dashboard HSE/hse-dashboard/hse-backend/vendor/laravel/framework/src/Illuminate/Foundation/resources/server.php(23): require_once('E://1KERJAAN//Tel...')
#42 {main}
"} 
[2026-08-05 02:47:09] local.ERROR: Route [login] not defined. {"exception":"[object] (Symfony\\Component\\Routing\\Exception\\RouteNotFoundException(code: 0): Route [login] not defined. at E:/1KERJAAN/Telisik Studio/Dashboard HSE/hse-dashboard/hse-backend/vendor/laravel/framework/src/Illuminate/Routing/UrlGenerator.php:517)
[stacktrace]
#0 E:/1KERJAAN/Telisik Studio/Dashboard HSE/hse-dashboard/hse-backend/vendor/laravel/framework/src/Illuminate/Foundation/helpers.php(853): Illuminate/Routing/UrlGenerator->route('login', Array, true)
#1 E:/1KERJAAN/Telisik Studio/Dashboard HSE/hse-dashboard/hse-backend/vendor/laravel/framework/src/Illuminate/Foundation/Configuration/ApplicationBuilder.php(278): route('login')
#2 [internal function]: Illuminate/Foundation/Configuration/ApplicationBuilder->Illuminate/Foundation/Configuration/{closure}(Object(Illuminate/Http/Request))
#3 E:/1KERJAAN/Telisik Studio/Dashboard HSE/hse-dashboard/hse-backend/vendor/laravel/framework/src/Illuminate/Auth/Middleware/Authenticate.php(118): call_user_func(Object(Closure), Object(Illuminate/Http/Request))
#4 E:/1KERJAAN/Telisik Studio/Dashboard HSE/hse-dashboard/hse-backend/vendor/laravel/framework/src/Illuminate/Auth/Middleware/Authenticate.php(105): Illuminate/Auth/Middleware/Authenticate->redirectTo(Object(Illuminate/Http/Request))
#5 E:/1KERJAAN/Telisik Studio/Dashboard HSE/hse-dashboard/hse-backend/vendor/laravel/framework/src/Illuminate/Auth/Middleware/Authenticate.php(88): Illuminate/Auth/Middleware/Authenticate->unauthenticated(Object(Illuminate/Http/Request), Array)
#6 E:/1KERJAAN/Telisik Studio/Dashboard HSE/hse-dashboard/hse-backend/vendor/laravel/framework/src/Illuminate/Auth/Middleware/Authenticate.php(62): Illuminate/Auth/Middleware/Authenticate->authenticate(Object(Illuminate/Http/Request), Array)
#7 E:/1KERJAAN/Telisik Studio/Dashboard HSE/hse-dashboard/hse-backend/vendor/laravel/framework/src/Illuminate/Pipeline/Pipeline.php(209): Illuminate/Auth/Middleware/Authenticate->handle(Object(Illuminate/Http/Request), Object(Closure), 'sanctum')
#8 E:/1KERJAAN/Telisik Studio/Dashboard HSE/hse-dashboard/hse-backend/vendor/laravel/sanctum/src/Http/Middleware/EnsureFrontendRequestsAreStateful.php(26): Illuminate/Pipeline/Pipeline->Illuminate/Pipeline/{closure}(Object(Illuminate/Http/Request))
#9 E:/1KERJAAN/Telisik Studio/Dashboard HSE/hse-dashboard/hse-backend/vendor/laravel/framework/src/Illuminate/Pipeline/Pipeline.php(170): Laravel/Sanctum/Http/Middleware/EnsureFrontendRequestsAreStateful->Laravel/Sanctum/Http/Middleware/{closure}(Object(Illuminate/Http/Request))
#10 E:/1KERJAAN/Telisik Studio/Dashboard HSE/hse-dashboard/hse-backend/vendor/laravel/framework/src/Illuminate/Pipeline/Pipeline.php(127): Illuminate/Pipeline/Pipeline->Illuminate/Pipeline/{closure}(Object(Illuminate/Http/Request))
#11 E:/1KERJAAN/Telisik Studio/Dashboard HSE/hse-dashboard/hse-backend/vendor/laravel/sanctum/src/Http/Middleware/EnsureFrontendRequestsAreStateful.php(25): Illuminate/Pipeline/Pipeline->then(Object(Closure))
#12 E:/1KERJAAN/Telisik Studio/Dashboard HSE/hse-dashboard/hse-backend/vendor/laravel/framework/src/Illuminate/Pipeline/Pipeline.php(209): Laravel/Sanctum/Http/Middleware/EnsureFrontendRequestsAreStateful->handle(Object(Illuminate/Http/Request), Object(Closure))
#13 E:/1KERJAAN/Telisik Studio/Dashboard HSE/hse-dashboard/hse-backend/vendor/laravel/framework/src/Illuminate/Pipeline/Pipeline.php(127): Illuminate/Pipeline/Pipeline->Illuminate/Pipeline/{closure}(Object(Illuminate/Http/Request))
#14 E:/1KERJAAN/Telisik Studio/Dashboard HSE/hse-dashboard/hse-backend/vendor/laravel/framework/src/Illuminate/Routing/Router.php(807): Illuminate/Pipeline/Pipeline->then(Object(Closure))
#15 E:/1KERJAAN/Telisik Studio/Dashboard HSE/hse-dashboard/hse-backend/vendor/laravel/framework/src/Illuminate/Routing/Router.php(786): Illuminate/Routing/Router->runRouteWithinStack(Object(Illuminate/Routing/Route), Object(Illuminate/Http/Request))
#16 E:/1KERJAAN/Telisik Studio/Dashboard HSE/hse-dashboard/hse-backend/vendor/laravel/framework/src/Illuminate/Routing/Router.php(750): Illuminate/Routing/Router->runRoute(Object(Illuminate/Http/Request), Object(Illuminate/Routing/Route))
#17 E:/1KERJAAN/Telisik Studio/Dashboard HSE/hse-dashboard/hse-backend/vendor/laravel/framework/src/Illuminate/Routing/Router.php(739): Illuminate/Routing/Router->dispatchToRoute(Object(Illuminate/Http/Request))
#18 E:/1KERJAAN/Telisik Studio/Dashboard HSE/hse-dashboard/hse-backend/vendor/laravel/framework/src/Illuminate/Foundation/Http/Kernel.php(201): Illuminate/Routing/Router->dispatch(Object(Illuminate/Http/Request))
#19 E:/1KERJAAN/Telisik Studio/Dashboard HSE/hse-dashboard/hse-backend/vendor/laravel/framework/src/Illuminate/Pipeline/Pipeline.php(170): Illuminate/Foundation/Http/Kernel->Illuminate/Foundation/Http/{closure}(Object(Illuminate/Http/Request))
#20 E:/1KERJAAN/Telisik Studio/Dashboard HSE/hse-dashboard/hse-backend/vendor/laravel/framework/src/Illuminate/Foundation/Http/Middleware/TransformsRequest.php(21): Illuminate/Pipeline/Pipeline->Illuminate/Pipeline/{closure}(Object(Illuminate/Http/Request))
#21 E:/1KERJAAN/Telisik Studio/Dashboard HSE/hse-dashboard/hse-backend/vendor/laravel/framework/src/Illuminate/Foundation/Http/Middleware/ConvertEmptyStringsToNull.php(31): Illuminate/Foundation/Http/Middleware/TransformsRequest->handle(Object(Illuminate/Http/Request), Object(Closure))
#22 E:/1KERJAAN/Telisik Studio/Dashboard HSE/hse-dashboard/hse-backend/vendor/laravel/framework/src/Illuminate/Pipeline/Pipeline.php(209): Illuminate/Foundation/Http/Middleware/ConvertEmptyStringsToNull->handle(Object(Illuminate/Http/Request), Object(Closure))
#23 E:/1KERJAAN/Telisik Studio/Dashboard HSE/hse-dashboard/hse-backend/vendor/laravel/framework/src/Illuminate/Foundation/Http/Middleware/TransformsRequest.php(21): Illuminate/Pipeline/Pipeline->Illuminate/Pipeline/{closure}(Object(Illuminate/Http/Request))
#24 E:/1KERJAAN/Telisik Studio/Dashboard HSE/hse-dashboard/hse-backend/vendor/laravel/framework/src/Illuminate/Foundation/Http/Middleware/TrimStrings.php(51): Illuminate/Foundation/Http/Middleware/TransformsRequest->handle(Object(Illuminate/Http/Request), Object(Closure))
#25 E:/1KERJAAN/Telisik Studio/Dashboard HSE/hse-dashboard/hse-backend/vendor/laravel/framework/src/Illuminate/Pipeline/Pipeline.php(209): Illuminate/Foundation/Http/Middleware/TrimStrings->handle(Object(Illuminate/Http/Request), Object(Closure))
#26 E:/1KERJAAN/Telisik Studio/Dashboard HSE/hse-dashboard/hse-backend/vendor/laravel/framework/src/Illuminate/Http/Middleware/ValidatePostSize.php(27): Illuminate/Pipeline/Pipeline->Illuminate/Pipeline/{closure}(Object(Illuminate/Http/Request))
#27 E:/1KERJAAN/Telisik Studio/Dashboard HSE/hse-dashboard/hse-backend/vendor/laravel/framework/src/Illuminate/Pipeline/Pipeline.php(209): Illuminate/Http/Middleware/ValidatePostSize->handle(Object(Illuminate/Http/Request), Object(Closure))
#28 E:/1KERJAAN/Telisik Studio/Dashboard HSE/hse-dashboard/hse-backend/vendor/laravel/framework/src/Illuminate/Foundation/Http/Middleware/PreventRequestsDuringMaintenance.php(110): Illuminate/Pipeline/Pipeline->Illuminate/Pipeline/{closure}(Object(Illuminate/Http/Request))
#29 E:/1KERJAAN/Telisik Studio/Dashboard HSE/hse-dashboard/hse-backend/vendor/laravel/framework/src/Illuminate/Pipeline/Pipeline.php(209): Illuminate/Foundation/Http/Middleware/PreventRequestsDuringMaintenance->handle(Object(Illuminate/Http/Request), Object(Closure))
#30 E:/1KERJAAN/Telisik Studio/Dashboard HSE/hse-dashboard/hse-backend/vendor/laravel/framework/src/Illuminate/Http/Middleware/HandleCors.php(62): Illuminate/Pipeline/Pipeline->Illuminate/Pipeline/{closure}(Object(Illuminate/Http/Request))
#31 E:/1KERJAAN/Telisik Studio/Dashboard HSE/hse-dashboard/hse-backend/vendor/laravel/framework/src/Illuminate/Pipeline/Pipeline.php(209): Illuminate/Http/Middleware/HandleCors->handle(Object(Illuminate/Http/Request), Object(Closure))
#32 E:/1KERJAAN/Telisik Studio/Dashboard HSE/hse-dashboard/hse-backend/vendor/laravel/framework/src/Illuminate/Http/Middleware/TrustProxies.php(58): Illuminate/Pipeline/Pipeline->Illuminate/Pipeline/{closure}(Object(Illuminate/Http/Request))
#33 E:/1KERJAAN/Telisik Studio/Dashboard HSE/hse-dashboard/hse-backend/vendor/laravel/framework/src/Illuminate/Pipeline/Pipeline.php(209): Illuminate/Http/Middleware/TrustProxies->handle(Object(Illuminate/Http/Request), Object(Closure))
#34 E:/1KERJAAN/Telisik Studio/Dashboard HSE/hse-dashboard/hse-backend/vendor/laravel/framework/src/Illuminate/Foundation/Http/Middleware/InvokeDeferredCallbacks.php(22): Illuminate/Pipeline/Pipeline->Illuminate/Pipeline/{closure}(Object(Illuminate/Http/Request))
#35 E:/1KERJAAN/Telisik Studio/Dashboard HSE/hse-dashboard/hse-backend/vendor/laravel/framework/src/Illuminate/Pipeline/Pipeline.php(209): Illuminate/Foundation/Http/Middleware/InvokeDeferredCallbacks->handle(Object(Illuminate/Http/Request), Object(Closure))
#36 E:/1KERJAAN/Telisik Studio/Dashboard HSE/hse-dashboard/hse-backend/vendor/laravel/framework/src/Illuminate/Pipeline/Pipeline.php(127): Illuminate/Pipeline/Pipeline->Illuminate/Pipeline/{closure}(Object(Illuminate/Http/Request))
#37 E:/1KERJAAN/Telisik Studio/Dashboard HSE/hse-dashboard/hse-backend/vendor/laravel/framework/src/Illuminate/Foundation/Http/Kernel.php(176): Illuminate/Pipeline/Pipeline->then(Object(Closure))
#38 E:/1KERJAAN/Telisik Studio/Dashboard HSE/hse-dashboard/hse-backend/vendor/laravel/framework/src/Illuminate/Foundation/Http/Kernel.php(145): Illuminate/Foundation/Http/Kernel->sendRequestThroughRouter(Object(Illuminate/Http/Request))
#39 E:/1KERJAAN/Telisik Studio/Dashboard HSE/hse-dashboard/hse-backend/vendor/laravel/framework/src/Illuminate/Foundation/Application.php(1220): Illuminate/Foundation/Http/Kernel->handle(Object(Illuminate/Http/Request))
#40 E:/1KERJAAN/Telisik Studio/Dashboard HSE/hse-dashboard/hse-backend/public/index.php(17): Illuminate/Foundation/Application->handleRequest(Object(Illuminate/Http/Request))
#41 E:/1KERJAAN/Telisik Studio/Dashboard HSE/hse-dashboard/hse-backend/vendor/laravel/framework/src/Illuminate/Foundation/resources/server.php(23): require_once('E://1KERJAAN//Tel...')
#42 {main}
"} 
[2026-08-05 02:51:11] local.ERROR: SQLSTATE[42S02]: Base table or view not found: 1146 Table 'hse_dashboard.cache' doesn't exist (Connection: mysql, SQL: delete from `cache`) {"exception":"[object] (Illuminate\\Database\\QueryException(code: 42S02): SQLSTATE[42S02]: Base table or view not found: 1146 Table 'hse_dashboard.cache' doesn't exist (Connection: mysql, SQL: delete from `cache`) at E:/1KERJAAN/Telisik Studio/Dashboard HSE/hse-dashboard/hse-backend/vendor/laravel/framework/src/Illuminate/Database/Connection.php:825)
[stacktrace]
#0 E:/1KERJAAN/Telisik Studio/Dashboard HSE/hse-dashboard/hse-backend/vendor/laravel/framework/src/Illuminate/Database/Connection.php(779): Illuminate/Database/Connection->runQueryCallback('delete from `ca...', Array, Object(Closure))
#1 E:/1KERJAAN/Telisik Studio/Dashboard HSE/hse-dashboard/hse-backend/vendor/laravel/framework/src/Illuminate/Database/Connection.php(584): Illuminate/Database/Connection->run('delete from `ca...', Array, Object(Closure))
#2 E:/1KERJAAN/Telisik Studio/Dashboard HSE/hse-dashboard/hse-backend/vendor/laravel/framework/src/Illuminate/Database/Connection.php(548): Illuminate/Database/Connection->affectingStatement('delete from `ca...', Array)
#3 E:/1KERJAAN/Telisik Studio/Dashboard HSE/hse-dashboard/hse-backend/vendor/laravel/framework/src/Illuminate/Database/Query/Builder.php(4024): Illuminate/Database/Connection->delete('delete from `ca...', Array)
#4 E:/1KERJAAN/Telisik Studio/Dashboard HSE/hse-dashboard/hse-backend/vendor/laravel/framework/src/Illuminate/Cache/DatabaseStore.php(422): Illuminate/Database/Query/Builder->delete()
#5 E:/1KERJAAN/Telisik Studio/Dashboard HSE/hse-dashboard/hse-backend/vendor/laravel/framework/src/Illuminate/Cache/Repository.php(792): Illuminate/Cache/DatabaseStore->flush()
#6 E:/1KERJAAN/Telisik Studio/Dashboard HSE/hse-dashboard/hse-backend/vendor/laravel/framework/src/Illuminate/Cache/Console/ClearCommand.php(69): Illuminate/Cache/Repository->__call('flush', Array)
#7 E:/1KERJAAN/Telisik Studio/Dashboard HSE/hse-dashboard/hse-backend/vendor/laravel/framework/src/Illuminate/Container/BoundMethod.php(36): Illuminate/Cache/Console/ClearCommand->handle()
#8 E:/1KERJAAN/Telisik Studio/Dashboard HSE/hse-dashboard/hse-backend/vendor/laravel/framework/src/Illuminate/Container/Util.php(43): Illuminate/Container/BoundMethod::Illuminate/Container/{closure}()
#9 E:/1KERJAAN/Telisik Studio/Dashboard HSE/hse-dashboard/hse-backend/vendor/laravel/framework/src/Illuminate/Container/BoundMethod.php(95): Illuminate/Container/Util::unwrapIfClosure(Object(Closure))
#10 E:/1KERJAAN/Telisik Studio/Dashboard HSE/hse-dashboard/hse-backend/vendor/laravel/framework/src/Illuminate/Container/BoundMethod.php(35): Illuminate/Container/BoundMethod::callBoundMethod(Object(Illuminate/Foundation/Application), Array, Object(Closure))
#11 E:/1KERJAAN/Telisik Studio/Dashboard HSE/hse-dashboard/hse-backend/vendor/laravel/framework/src/Illuminate/Container/Container.php(696): Illuminate/Container/BoundMethod::call(Object(Illuminate/Foundation/Application), Array, Array, NULL)
#12 E:/1KERJAAN/Telisik Studio/Dashboard HSE/hse-dashboard/hse-backend/vendor/laravel/framework/src/Illuminate/Console/Command.php(213): Illuminate/Container/Container->call(Array)
#13 E:/1KERJAAN/Telisik Studio/Dashboard HSE/hse-dashboard/hse-backend/vendor/symfony/console/Command/Command.php(341): Illuminate/Console/Command->execute(Object(Symfony/Component/Console/Input/ArrayInput), Object(Illuminate/Console/OutputStyle))
#14 E:/1KERJAAN/Telisik Studio/Dashboard HSE/hse-dashboard/hse-backend/vendor/laravel/framework/src/Illuminate/Console/Command.php(182): Symfony/Component/Console/Command/Command->run(Object(Symfony/Component/Console/Input/ArrayInput), Object(Illuminate/Console/OutputStyle))
#15 E:/1KERJAAN/Telisik Studio/Dashboard HSE/hse-dashboard/hse-backend/vendor/laravel/framework/src/Illuminate/Console/Concerns/CallsCommands.php(68): Illuminate/Console/Command->run(Object(Symfony/Component/Console/Input/ArrayInput), Object(Symfony/Component/Console/Output/NullOutput))
#16 E:/1KERJAAN/Telisik Studio/Dashboard HSE/hse-dashboard/hse-backend/vendor/laravel/framework/src/Illuminate/Console/Concerns/CallsCommands.php(41): Illuminate/Console/Command->runCommand('cache:clear', Array, Object(Symfony/Component/Console/Output/NullOutput))
#17 E:/1KERJAAN/Telisik Studio/Dashboard HSE/hse-dashboard/hse-backend/vendor/laravel/framework/src/Illuminate/Console/Concerns/CallsCommands.php(53): Illuminate/Console/Command->callSilent('cache:clear', Array)
#18 E:/1KERJAAN/Telisik Studio/Dashboard HSE/hse-dashboard/hse-backend/vendor/laravel/framework/src/Illuminate/Foundation/Console/OptimizeClearCommand.php(48): Illuminate/Console/Command->callSilently('cache:clear')
#19 E:/1KERJAAN/Telisik Studio/Dashboard HSE/hse-dashboard/hse-backend/vendor/laravel/framework/src/Illuminate/Console/View/Components/Task.php(40): Illuminate/Foundation/Console/OptimizeClearCommand->Illuminate/Foundation/Console/{closure}()
#20 E:/1KERJAAN/Telisik Studio/Dashboard HSE/hse-dashboard/hse-backend/vendor/laravel/framework/src/Illuminate/Console/View/Components/Factory.php(60): Illuminate/Console/View/Components/Task->render('cache', Object(Closure))
#21 E:/1KERJAAN/Telisik Studio/Dashboard HSE/hse-dashboard/hse-backend/vendor/laravel/framework/src/Illuminate/Foundation/Console/OptimizeClearCommand.php(48): Illuminate/Console/View/Components/Factory->__call('task', Array)
#22 E:/1KERJAAN/Telisik Studio/Dashboard HSE/hse-dashboard/hse-backend/vendor/laravel/framework/src/Illuminate/Container/BoundMethod.php(36): Illuminate/Foundation/Console/OptimizeClearCommand->handle()
#23 E:/1KERJAAN/Telisik Studio/Dashboard HSE/hse-dashboard/hse-backend/vendor/laravel/framework/src/Illuminate/Container/Util.php(43): Illuminate/Container/BoundMethod::Illuminate/Container/{closure}()
#24 E:/1KERJAAN/Telisik Studio/Dashboard HSE/hse-dashboard/hse-backend/vendor/laravel/framework/src/Illuminate/Container/BoundMethod.php(95): Illuminate/Container/Util::unwrapIfClosure(Object(Closure))
#25 E:/1KERJAAN/Telisik Studio/Dashboard HSE/hse-dashboard/hse-backend/vendor/laravel/framework/src/Illuminate/Container/BoundMethod.php(35): Illuminate/Container/BoundMethod::callBoundMethod(Object(Illuminate/Foundation/Application), Array, Object(Closure))
#26 E:/1KERJAAN/Telisik Studio/Dashboard HSE/hse-dashboard/hse-backend/vendor/laravel/framework/src/Illuminate/Container/Container.php(696): Illuminate/Container/BoundMethod::call(Object(Illuminate/Foundation/Application), Array, Array, NULL)
#27 E:/1KERJAAN/Telisik Studio/Dashboard HSE/hse-dashboard/hse-backend/vendor/laravel/framework/src/Illuminate/Console/Command.php(213): Illuminate/Container/Container->call(Array)
#28 E:/1KERJAAN/Telisik Studio/Dashboard HSE/hse-dashboard/hse-backend/vendor/symfony/console/Command/Command.php(341): Illuminate/Console/Command->execute(Object(Symfony/Component/Console/Input/ArgvInput), Object(Illuminate/Console/OutputStyle))
#29 E:/1KERJAAN/Telisik Studio/Dashboard HSE/hse-dashboard/hse-backend/vendor/laravel/framework/src/Illuminate/Console/Command.php(182): Symfony/Component/Console/Command/Command->run(Object(Symfony/Component/Console/Input/ArgvInput), Object(Illuminate/Console/OutputStyle))
#30 E:/1KERJAAN/Telisik Studio/Dashboard HSE/hse-dashboard/hse-backend/vendor/symfony/console/Application.php(1117): Illuminate/Console/Command->run(Object(Symfony/Component/Console/Input/ArgvInput), Object(Symfony/Component/Console/Output/ConsoleOutput))
#31 E:/1KERJAAN/Telisik Studio/Dashboard HSE/hse-dashboard/hse-backend/vendor/symfony/console/Application.php(356): Symfony/Component/Console/Application->doRunCommand(Object(Illuminate/Foundation/Console/OptimizeClearCommand), Object(Symfony/Component/Console/Input/ArgvInput), Object(Symfony/Component/Console/Output/ConsoleOutput))
#32 E:/1KERJAAN/Telisik Studio/Dashboard HSE/hse-dashboard/hse-backend/vendor/symfony/console/Application.php(195): Symfony/Component/Console/Application->doRun(Object(Symfony/Component/Console/Input/ArgvInput), Object(Symfony/Component/Console/Output/ConsoleOutput))
#33 E:/1KERJAAN/Telisik Studio/Dashboard HSE/hse-dashboard/hse-backend/vendor/laravel/framework/src/Illuminate/Foundation/Console/Kernel.php(198): Symfony/Component/Console/Application->run(Object(Symfony/Component/Console/Input/ArgvInput), Object(Symfony/Component/Console/Output/ConsoleOutput))
#34 E:/1KERJAAN/Telisik Studio/Dashboard HSE/hse-dashboard/hse-backend/vendor/laravel/framework/src/Illuminate/Foundation/Application.php(1235): Illuminate/Foundation/Console/Kernel->handle(Object(Symfony/Component/Console/Input/ArgvInput), Object(Symfony/Component/Console/Output/ConsoleOutput))
#35 E:/1KERJAAN/Telisik Studio/Dashboard HSE/hse-dashboard/hse-backend/artisan(14): Illuminate/Foundation/Application->handleCommand(Object(Symfony/Component/Console/Input/ArgvInput))
#36 {main}

[previous exception] [object] (PDOException(code: 42S02): SQLSTATE[42S02]: Base table or view not found: 1146 Table 'hse_dashboard.cache' doesn't exist at E:/1KERJAAN/Telisik Studio/Dashboard HSE/hse-dashboard/hse-backend/vendor/laravel/framework/src/Illuminate/Database/Connection.php:592)
[stacktrace]
#0 E:/1KERJAAN/Telisik Studio/Dashboard HSE/hse-dashboard/hse-backend/vendor/laravel/framework/src/Illuminate/Database/Connection.php(592): PDO->prepare('delete from `ca...')
#1 E:/1KERJAAN/Telisik Studio/Dashboard HSE/hse-dashboard/hse-backend/vendor/laravel/framework/src/Illuminate/Database/Connection.php(812): Illuminate/Database/Connection->Illuminate/Database/{closure}('delete from `ca...', Array)
#2 E:/1KERJAAN/Telisik Studio/Dashboard HSE/hse-dashboard/hse-backend/vendor/laravel/framework/src/Illuminate/Database/Connection.php(779): Illuminate/Database/Connection->runQueryCallback('delete from `ca...', Array, Object(Closure))
#3 E:/1KERJAAN/Telisik Studio/Dashboard HSE/hse-dashboard/hse-backend/vendor/laravel/framework/src/Illuminate/Database/Connection.php(584): Illuminate/Database/Connection->run('delete from `ca...', Array, Object(Closure))
#4 E:/1KERJAAN/Telisik Studio/Dashboard HSE/hse-dashboard/hse-backend/vendor/laravel/framework/src/Illuminate/Database/Connection.php(548): Illuminate/Database/Connection->affectingStatement('delete from `ca...', Array)
#5 E:/1KERJAAN/Telisik Studio/Dashboard HSE/hse-dashboard/hse-backend/vendor/laravel/framework/src/Illuminate/Database/Query/Builder.php(4024): Illuminate/Database/Connection->delete('delete from `ca...', Array)
#6 E:/1KERJAAN/Telisik Studio/Dashboard HSE/hse-dashboard/hse-backend/vendor/laravel/framework/src/Illuminate/Cache/DatabaseStore.php(422): Illuminate/Database/Query/Builder->delete()
#7 E:/1KERJAAN/Telisik Studio/Dashboard HSE/hse-dashboard/hse-backend/vendor/laravel/framework/src/Illuminate/Cache/Repository.php(792): Illuminate/Cache/DatabaseStore->flush()
#8 E:/1KERJAAN/Telisik Studio/Dashboard HSE/hse-dashboard/hse-backend/vendor/laravel/framework/src/Illuminate/Cache/Console/ClearCommand.php(69): Illuminate/Cache/Repository->__call('flush', Array)
#9 E:/1KERJAAN/Telisik Studio/Dashboard HSE/hse-dashboard/hse-backend/vendor/laravel/framework/src/Illuminate/Container/BoundMethod.php(36): Illuminate/Cache/Console/ClearCommand->handle()
#10 E:/1KERJAAN/Telisik Studio/Dashboard HSE/hse-dashboard/hse-backend/vendor/laravel/framework/src/Illuminate/Container/Util.php(43): Illuminate/Container/BoundMethod::Illuminate/Container/{closure}()
#11 E:/1KERJAAN/Telisik Studio/Dashboard HSE/hse-dashboard/hse-backend/vendor/laravel/framework/src/Illuminate/Container/BoundMethod.php(95): Illuminate/Container/Util::unwrapIfClosure(Object(Closure))
#12 E:/1KERJAAN/Telisik Studio/Dashboard HSE/hse-dashboard/hse-backend/vendor/laravel/framework/src/Illuminate/Container/BoundMethod.php(35): Illuminate/Container/BoundMethod::callBoundMethod(Object(Illuminate/Foundation/Application), Array, Object(Closure))
#13 E:/1KERJAAN/Telisik Studio/Dashboard HSE/hse-dashboard/hse-backend/vendor/laravel/framework/src/Illuminate/Container/Container.php(696): Illuminate/Container/BoundMethod::call(Object(Illuminate/Foundation/Application), Array, Array, NULL)
#14 E:/1KERJAAN/Telisik Studio/Dashboard HSE/hse-dashboard/hse-backend/vendor/laravel/framework/src/Illuminate/Console/Command.php(213): Illuminate/Container/Container->call(Array)
#15 E:/1KERJAAN/Telisik Studio/Dashboard HSE/hse-dashboard/hse-backend/vendor/symfony/console/Command/Command.php(341): Illuminate/Console/Command->execute(Object(Symfony/Component/Console/Input/ArrayInput), Object(Illuminate/Console/OutputStyle))
#16 E:/1KERJAAN/Telisik Studio/Dashboard HSE/hse-dashboard/hse-backend/vendor/laravel/framework/src/Illuminate/Console/Command.php(182): Symfony/Component/Console/Command/Command->run(Object(Symfony/Component/Console/Input/ArrayInput), Object(Illuminate/Console/OutputStyle))
#17 E:/1KERJAAN/Telisik Studio/Dashboard HSE/hse-dashboard/hse-backend/vendor/laravel/framework/src/Illuminate/Console/Concerns/CallsCommands.php(68): Illuminate/Console/Command->run(Object(Symfony/Component/Console/Input/ArrayInput), Object(Symfony/Component/Console/Output/NullOutput))
#18 E:/1KERJAAN/Telisik Studio/Dashboard HSE/hse-dashboard/hse-backend/vendor/laravel/framework/src/Illuminate/Console/Concerns/CallsCommands.php(41): Illuminate/Console/Command->runCommand('cache:clear', Array, Object(Symfony/Component/Console/Output/NullOutput))
#19 E:/1KERJAAN/Telisik Studio/Dashboard HSE/hse-dashboard/hse-backend/vendor/laravel/framework/src/Illuminate/Console/Concerns/CallsCommands.php(53): Illuminate/Console/Command->callSilent('cache:clear', Array)
#20 E:/1KERJAAN/Telisik Studio/Dashboard HSE/hse-dashboard/hse-backend/vendor/laravel/framework/src/Illuminate/Foundation/Console/OptimizeClearCommand.php(48): Illuminate/Console/Command->callSilently('cache:clear')
#21 E:/1KERJAAN/Telisik Studio/Dashboard HSE/hse-dashboard/hse-backend/vendor/laravel/framework/src/Illuminate/Console/View/Components/Task.php(40): Illuminate/Foundation/Console/OptimizeClearCommand->Illuminate/Foundation/Console/{closure}()
#22 E:/1KERJAAN/Telisik Studio/Dashboard HSE/hse-dashboard/hse-backend/vendor/laravel/framework/src/Illuminate/Console/View/Components/Factory.php(60): Illuminate/Console/View/Components/Task->render('cache', Object(Closure))
#23 E:/1KERJAAN/Telisik Studio/Dashboard HSE/hse-dashboard/hse-backend/vendor/laravel/framework/src/Illuminate/Foundation/Console/OptimizeClearCommand.php(48): Illuminate/Console/View/Components/Factory->__call('task', Array)
#24 E:/1KERJAAN/Telisik Studio/Dashboard HSE/hse-dashboard/hse-backend/vendor/laravel/framework/src/Illuminate/Container/BoundMethod.php(36): Illuminate/Foundation/Console/OptimizeClearCommand->handle()
#25 E:/1KERJAAN/Telisik Studio/Dashboard HSE/hse-dashboard/hse-backend/vendor/laravel/framework/src/Illuminate/Container/Util.php(43): Illuminate/Container/BoundMethod::Illuminate/Container/{closure}()
#26 E:/1KERJAAN/Telisik Studio/Dashboard HSE/hse-dashboard/hse-backend/vendor/laravel/framework/src/Illuminate/Container/BoundMethod.php(95): Illuminate/Container/Util::unwrapIfClosure(Object(Closure))
#27 E:/1KERJAAN/Telisik Studio/Dashboard HSE/hse-dashboard/hse-backend/vendor/laravel/framework/src/Illuminate/Container/BoundMethod.php(35): Illuminate/Container/BoundMethod::callBoundMethod(Object(Illuminate/Foundation/Application), Array, Object(Closure))
#28 E:/1KERJAAN/Telisik Studio/Dashboard HSE/hse-dashboard/hse-backend/vendor/laravel/framework/src/Illuminate/Container/Container.php(696): Illuminate/Container/BoundMethod::call(Object(Illuminate/Foundation/Application), Array, Array, NULL)
#29 E:/1KERJAAN/Telisik Studio/Dashboard HSE/hse-dashboard/hse-backend/vendor/laravel/framework/src/Illuminate/Console/Command.php(213): Illuminate/Container/Container->call(Array)
#30 E:/1KERJAAN/Telisik Studio/Dashboard HSE/hse-dashboard/hse-backend/vendor/symfony/console/Command/Command.php(341): Illuminate/Console/Command->execute(Object(Symfony/Component/Console/Input/ArgvInput), Object(Illuminate/Console/OutputStyle))
#31 E:/1KERJAAN/Telisik Studio/Dashboard HSE/hse-dashboard/hse-backend/vendor/laravel/framework/src/Illuminate/Console/Command.php(182): Symfony/Component/Console/Command/Command->run(Object(Symfony/Component/Console/Input/ArgvInput), Object(Illuminate/Console/OutputStyle))
#32 E:/1KERJAAN/Telisik Studio/Dashboard HSE/hse-dashboard/hse-backend/vendor/symfony/console/Application.php(1117): Illuminate/Console/Command->run(Object(Symfony/Component/Console/Input/ArgvInput), Object(Symfony/Component/Console/Output/ConsoleOutput))
#33 E:/1KERJAAN/Telisik Studio/Dashboard HSE/hse-dashboard/hse-backend/vendor/symfony/console/Application.php(356): Symfony/Component/Console/Application->doRunCommand(Object(Illuminate/Foundation/Console/OptimizeClearCommand), Object(Symfony/Component/Console/Input/ArgvInput), Object(Symfony/Component/Console/Output/ConsoleOutput))
#34 E:/1KERJAAN/Telisik Studio/Dashboard HSE/hse-dashboard/hse-backend/vendor/symfony/console/Application.php(195): Symfony/Component/Console/Application->doRun(Object(Symfony/Component/Console/Input/ArgvInput), Object(Symfony/Component/Console/Output/ConsoleOutput))
#35 E:/1KERJAAN/Telisik Studio/Dashboard HSE/hse-dashboard/hse-backend/vendor/laravel/framework/src/Illuminate/Foundation/Console/Kernel.php(198): Symfony/Component/Console/Application->run(Object(Symfony/Component/Console/Input/ArgvInput), Object(Symfony/Component/Console/Output/ConsoleOutput))
#36 E:/1KERJAAN/Telisik Studio/Dashboard HSE/hse-dashboard/hse-backend/vendor/laravel/framework/src/Illuminate/Foundation/Application.php(1235): Illuminate/Foundation/Console/Kernel->handle(Object(Symfony/Component/Console/Input/ArgvInput), Object(Symfony/Component/Console/Output/ConsoleOutput))
#37 E:/1KERJAAN/Telisik Studio/Dashboard HSE/hse-dashboard/hse-backend/artisan(14): Illuminate/Foundation/Application->handleCommand(Object(Symfony/Component/Console/Input/ArgvInput))
#38 {main}
"} 
[2026-08-05 04:16:45] local.ERROR: Class "Barryvdh\DomPDF\Facade\Pdf" not found {"userId":1,"exception":"[object] (Error(code: 0): Class \"Barryvdh\\DomPDF\\Facade\\Pdf\" not found at E:/1KERJAAN/Telisik Studio/Dashboard HSE/hse-dashboard/hse-backend/app/Http/Controllers/Api/DashboardController.php:68)
[stacktrace]
#0 E:/1KERJAAN/Telisik Studio/Dashboard HSE/hse-dashboard/hse-backend/vendor/laravel/framework/src/Illuminate/Routing/ControllerDispatcher.php(47): App/Http/Controllers/Api/DashboardController->export(Object(Illuminate/Http/Request))
#1 E:/1KERJAAN/Telisik Studio/Dashboard HSE/hse-dashboard/hse-backend/vendor/laravel/framework/src/Illuminate/Routing/Route.php(266): Illuminate/Routing/ControllerDispatcher->dispatch(Object(Illuminate/Routing/Route), Object(App/Http/Controllers/Api/DashboardController), 'export')
#2 E:/1KERJAAN/Telisik Studio/Dashboard HSE/hse-dashboard/hse-backend/vendor/laravel/framework/src/Illuminate/Routing/Route.php(212): Illuminate/Routing/Route->runController()
#3 E:/1KERJAAN/Telisik Studio/Dashboard HSE/hse-dashboard/hse-backend/vendor/laravel/framework/src/Illuminate/Routing/Router.php(808): Illuminate/Routing/Route->run()
#4 E:/1KERJAAN/Telisik Studio/Dashboard HSE/hse-dashboard/hse-backend/vendor/laravel/framework/src/Illuminate/Pipeline/Pipeline.php(170): Illuminate/Routing/Router->Illuminate/Routing/{closure}(Object(Illuminate/Http/Request))
#5 E:/1KERJAAN/Telisik Studio/Dashboard HSE/hse-dashboard/hse-backend/vendor/laravel/framework/src/Illuminate/Routing/Middleware/SubstituteBindings.php(51): Illuminate/Pipeline/Pipeline->Illuminate/Pipeline/{closure}(Object(Illuminate/Http/Request))
#6 E:/1KERJAAN/Telisik Studio/Dashboard HSE/hse-dashboard/hse-backend/vendor/laravel/framework/src/Illuminate/Pipeline/Pipeline.php(209): Illuminate/Routing/Middleware/SubstituteBindings->handle(Object(Illuminate/Http/Request), Object(Closure))
#7 E:/1KERJAAN/Telisik Studio/Dashboard HSE/hse-dashboard/hse-backend/vendor/laravel/framework/src/Illuminate/Auth/Middleware/Authenticate.php(64): Illuminate/Pipeline/Pipeline->Illuminate/Pipeline/{closure}(Object(Illuminate/Http/Request))
#8 E:/1KERJAAN/Telisik Studio/Dashboard HSE/hse-dashboard/hse-backend/vendor/laravel/framework/src/Illuminate/Pipeline/Pipeline.php(209): Illuminate/Auth/Middleware/Authenticate->handle(Object(Illuminate/Http/Request), Object(Closure), 'sanctum')
#9 E:/1KERJAAN/Telisik Studio/Dashboard HSE/hse-dashboard/hse-backend/vendor/laravel/sanctum/src/Http/Middleware/EnsureFrontendRequestsAreStateful.php(26): Illuminate/Pipeline/Pipeline->Illuminate/Pipeline/{closure}(Object(Illuminate/Http/Request))
#10 E:/1KERJAAN/Telisik Studio/Dashboard HSE/hse-dashboard/hse-backend/vendor/laravel/framework/src/Illuminate/Pipeline/Pipeline.php(170): Laravel/Sanctum/Http/Middleware/EnsureFrontendRequestsAreStateful->Laravel/Sanctum/Http/Middleware/{closure}(Object(Illuminate/Http/Request))
#11 E:/1KERJAAN/Telisik Studio/Dashboard HSE/hse-dashboard/hse-backend/vendor/laravel/sanctum/src/Http/Middleware/AuthenticateSession.php(60): Illuminate/Pipeline/Pipeline->Illuminate/Pipeline/{closure}(Object(Illuminate/Http/Request))
#12 E:/1KERJAAN/Telisik Studio/Dashboard HSE/hse-dashboard/hse-backend/vendor/laravel/framework/src/Illuminate/Pipeline/Pipeline.php(209): Laravel/Sanctum/Http/Middleware/AuthenticateSession->handle(Object(Illuminate/Http/Request), Object(Closure))
#13 E:/1KERJAAN/Telisik Studio/Dashboard HSE/hse-dashboard/hse-backend/vendor/laravel/framework/src/Illuminate/Foundation/Http/Middleware/VerifyCsrfToken.php(88): Illuminate/Pipeline/Pipeline->Illuminate/Pipeline/{closure}(Object(Illuminate/Http/Request))
#14 E:/1KERJAAN/Telisik Studio/Dashboard HSE/hse-dashboard/hse-backend/vendor/laravel/framework/src/Illuminate/Pipeline/Pipeline.php(209): Illuminate/Foundation/Http/Middleware/VerifyCsrfToken->handle(Object(Illuminate/Http/Request), Object(Closure))
#15 E:/1KERJAAN/Telisik Studio/Dashboard HSE/hse-dashboard/hse-backend/vendor/laravel/framework/src/Illuminate/Session/Middleware/StartSession.php(121): Illuminate/Pipeline/Pipeline->Illuminate/Pipeline/{closure}(Object(Illuminate/Http/Request))
#16 E:/1KERJAAN/Telisik Studio/Dashboard HSE/hse-dashboard/hse-backend/vendor/laravel/framework/src/Illuminate/Session/Middleware/StartSession.php(64): Illuminate/Session/Middleware/StartSession->handleStatefulRequest(Object(Illuminate/Http/Request), Object(Illuminate/Session/Store), Object(Closure))
#17 E:/1KERJAAN/Telisik Studio/Dashboard HSE/hse-dashboard/hse-backend/vendor/laravel/framework/src/Illuminate/Pipeline/Pipeline.php(209): Illuminate/Session/Middleware/StartSession->handle(Object(Illuminate/Http/Request), Object(Closure))
#18 E:/1KERJAAN/Telisik Studio/Dashboard HSE/hse-dashboard/hse-backend/vendor/laravel/framework/src/Illuminate/Cookie/Middleware/AddQueuedCookiesToResponse.php(37): Illuminate/Pipeline/Pipeline->Illuminate/Pipeline/{closure}(Object(Illuminate/Http/Request))
#19 E:/1KERJAAN/Telisik Studio/Dashboard HSE/hse-dashboard/hse-backend/vendor/laravel/framework/src/Illuminate/Pipeline/Pipeline.php(209): Illuminate/Cookie/Middleware/AddQueuedCookiesToResponse->handle(Object(Illuminate/Http/Request), Object(Closure))
#20 E:/1KERJAAN/Telisik Studio/Dashboard HSE/hse-dashboard/hse-backend/vendor/laravel/framework/src/Illuminate/Cookie/Middleware/EncryptCookies.php(75): Illuminate/Pipeline/Pipeline->Illuminate/Pipeline/{closure}(Object(Illuminate/Http/Request))
#21 E:/1KERJAAN/Telisik Studio/Dashboard HSE/hse-dashboard/hse-backend/vendor/laravel/framework/src/Illuminate/Pipeline/Pipeline.php(209): Illuminate/Cookie/Middleware/EncryptCookies->handle(Object(Illuminate/Http/Request), Object(Closure))
#22 E:/1KERJAAN/Telisik Studio/Dashboard HSE/hse-dashboard/hse-backend/vendor/laravel/sanctum/src/Http/Middleware/EnsureFrontendRequestsAreStateful.php(61): Illuminate/Pipeline/Pipeline->Illuminate/Pipeline/{closure}(Object(Illuminate/Http/Request))
#23 E:/1KERJAAN/Telisik Studio/Dashboard HSE/hse-dashboard/hse-backend/vendor/laravel/framework/src/Illuminate/Pipeline/Pipeline.php(191): Laravel/Sanctum/Http/Middleware/EnsureFrontendRequestsAreStateful->Laravel/Sanctum/Http/Middleware/{closure}(Object(Illuminate/Http/Request), Object(Closure))
#24 E:/1KERJAAN/Telisik Studio/Dashboard HSE/hse-dashboard/hse-backend/vendor/laravel/framework/src/Illuminate/Pipeline/Pipeline.php(127): Illuminate/Pipeline/Pipeline->Illuminate/Pipeline/{closure}(Object(Illuminate/Http/Request))
#25 E:/1KERJAAN/Telisik Studio/Dashboard HSE/hse-dashboard/hse-backend/vendor/laravel/sanctum/src/Http/Middleware/EnsureFrontendRequestsAreStateful.php(25): Illuminate/Pipeline/Pipeline->then(Object(Closure))
#26 E:/1KERJAAN/Telisik Studio/Dashboard HSE/hse-dashboard/hse-backend/vendor/laravel/framework/src/Illuminate/Pipeline/Pipeline.php(209): Laravel/Sanctum/Http/Middleware/EnsureFrontendRequestsAreStateful->handle(Object(Illuminate/Http/Request), Object(Closure))
#27 E:/1KERJAAN/Telisik Studio/Dashboard HSE/hse-dashboard/hse-backend/vendor/laravel/framework/src/Illuminate/Pipeline/Pipeline.php(127): Illuminate/Pipeline/Pipeline->Illuminate/Pipeline/{closure}(Object(Illuminate/Http/Request))
#28 E:/1KERJAAN/Telisik Studio/Dashboard HSE/hse-dashboard/hse-backend/vendor/laravel/framework/src/Illuminate/Routing/Router.php(807): Illuminate/Pipeline/Pipeline->then(Object(Closure))
#29 E:/1KERJAAN/Telisik Studio/Dashboard HSE/hse-dashboard/hse-backend/vendor/laravel/framework/src/Illuminate/Routing/Router.php(786): Illuminate/Routing/Router->runRouteWithinStack(Object(Illuminate/Routing/Route), Object(Illuminate/Http/Request))
#30 E:/1KERJAAN/Telisik Studio/Dashboard HSE/hse-dashboard/hse-backend/vendor/laravel/framework/src/Illuminate/Routing/Router.php(750): Illuminate/Routing/Router->runRoute(Object(Illuminate/Http/Request), Object(Illuminate/Routing/Route))
#31 E:/1KERJAAN/Telisik Studio/Dashboard HSE/hse-dashboard/hse-backend/vendor/laravel/framework/src/Illuminate/Routing/Router.php(739): Illuminate/Routing/Router->dispatchToRoute(Object(Illuminate/Http/Request))
#32 E:/1KERJAAN/Telisik Studio/Dashboard HSE/hse-dashboard/hse-backend/vendor/laravel/framework/src/Illuminate/Foundation/Http/Kernel.php(201): Illuminate/Routing/Router->dispatch(Object(Illuminate/Http/Request))
#33 E:/1KERJAAN/Telisik Studio/Dashboard HSE/hse-dashboard/hse-backend/vendor/laravel/framework/src/Illuminate/Pipeline/Pipeline.php(170): Illuminate/Foundation/Http/Kernel->Illuminate/Foundation/Http/{closure}(Object(Illuminate/Http/Request))
#34 E:/1KERJAAN/Telisik Studio/Dashboard HSE/hse-dashboard/hse-backend/vendor/laravel/framework/src/Illuminate/Foundation/Http/Middleware/TransformsRequest.php(21): Illuminate/Pipeline/Pipeline->Illuminate/Pipeline/{closure}(Object(Illuminate/Http/Request))
#35 E:/1KERJAAN/Telisik Studio/Dashboard HSE/hse-dashboard/hse-backend/vendor/laravel/framework/src/Illuminate/Foundation/Http/Middleware/ConvertEmptyStringsToNull.php(31): Illuminate/Foundation/Http/Middleware/TransformsRequest->handle(Object(Illuminate/Http/Request), Object(Closure))
#36 E:/1KERJAAN/Telisik Studio/Dashboard HSE/hse-dashboard/hse-backend/vendor/laravel/framework/src/Illuminate/Pipeline/Pipeline.php(209): Illuminate/Foundation/Http/Middleware/ConvertEmptyStringsToNull->handle(Object(Illuminate/Http/Request), Object(Closure))
#37 E:/1KERJAAN/Telisik Studio/Dashboard HSE/hse-dashboard/hse-backend/vendor/laravel/framework/src/Illuminate/Foundation/Http/Middleware/TransformsRequest.php(21): Illuminate/Pipeline/Pipeline->Illuminate/Pipeline/{closure}(Object(Illuminate/Http/Request))
#38 E:/1KERJAAN/Telisik Studio/Dashboard HSE/hse-dashboard/hse-backend/vendor/laravel/framework/src/Illuminate/Foundation/Http/Middleware/TrimStrings.php(51): Illuminate/Foundation/Http/Middleware/TransformsRequest->handle(Object(Illuminate/Http/Request), Object(Closure))
#39 E:/1KERJAAN/Telisik Studio/Dashboard HSE/hse-dashboard/hse-backend/vendor/laravel/framework/src/Illuminate/Pipeline/Pipeline.php(209): Illuminate/Foundation/Http/Middleware/TrimStrings->handle(Object(Illuminate/Http/Request), Object(Closure))
#40 E:/1KERJAAN/Telisik Studio/Dashboard HSE/hse-dashboard/hse-backend/vendor/laravel/framework/src/Illuminate/Http/Middleware/ValidatePostSize.php(27): Illuminate/Pipeline/Pipeline->Illuminate/Pipeline/{closure}(Object(Illuminate/Http/Request))
#41 E:/1KERJAAN/Telisik Studio/Dashboard HSE/hse-dashboard/hse-backend/vendor/laravel/framework/src/Illuminate/Pipeline/Pipeline.php(209): Illuminate/Http/Middleware/ValidatePostSize->handle(Object(Illuminate/Http/Request), Object(Closure))
#42 E:/1KERJAAN/Telisik Studio/Dashboard HSE/hse-dashboard/hse-backend/vendor/laravel/framework/src/Illuminate/Foundation/Http/Middleware/PreventRequestsDuringMaintenance.php(110): Illuminate/Pipeline/Pipeline->Illuminate/Pipeline/{closure}(Object(Illuminate/Http/Request))
#43 E:/1KERJAAN/Telisik Studio/Dashboard HSE/hse-dashboard/hse-backend/vendor/laravel/framework/src/Illuminate/Pipeline/Pipeline.php(209): Illuminate/Foundation/Http/Middleware/PreventRequestsDuringMaintenance->handle(Object(Illuminate/Http/Request), Object(Closure))
#44 E:/1KERJAAN/Telisik Studio/Dashboard HSE/hse-dashboard/hse-backend/vendor/laravel/framework/src/Illuminate/Http/Middleware/HandleCors.php(62): Illuminate/Pipeline/Pipeline->Illuminate/Pipeline/{closure}(Object(Illuminate/Http/Request))
#45 E:/1KERJAAN/Telisik Studio/Dashboard HSE/hse-dashboard/hse-backend/vendor/laravel/framework/src/Illuminate/Pipeline/Pipeline.php(209): Illuminate/Http/Middleware/HandleCors->handle(Object(Illuminate/Http/Request), Object(Closure))
#46 E:/1KERJAAN/Telisik Studio/Dashboard HSE/hse-dashboard/hse-backend/vendor/laravel/framework/src/Illuminate/Http/Middleware/TrustProxies.php(58): Illuminate/Pipeline/Pipeline->Illuminate/Pipeline/{closure}(Object(Illuminate/Http/Request))
#47 E:/1KERJAAN/Telisik Studio/Dashboard HSE/hse-dashboard/hse-backend/vendor/laravel/framework/src/Illuminate/Pipeline/Pipeline.php(209): Illuminate/Http/Middleware/TrustProxies->handle(Object(Illuminate/Http/Request), Object(Closure))
#48 E:/1KERJAAN/Telisik Studio/Dashboard HSE/hse-dashboard/hse-backend/vendor/laravel/framework/src/Illuminate/Foundation/Http/Middleware/InvokeDeferredCallbacks.php(22): Illuminate/Pipeline/Pipeline->Illuminate/Pipeline/{closure}(Object(Illuminate/Http/Request))
#49 E:/1KERJAAN/Telisik Studio/Dashboard HSE/hse-dashboard/hse-backend/vendor/laravel/framework/src/Illuminate/Pipeline/Pipeline.php(209): Illuminate/Foundation/Http/Middleware/InvokeDeferredCallbacks->handle(Object(Illuminate/Http/Request), Object(Closure))
#50 E:/1KERJAAN/Telisik Studio/Dashboard HSE/hse-dashboard/hse-backend/vendor/laravel/framework/src/Illuminate/Pipeline/Pipeline.php(127): Illuminate/Pipeline/Pipeline->Illuminate/Pipeline/{closure}(Object(Illuminate/Http/Request))
#51 E:/1KERJAAN/Telisik Studio/Dashboard HSE/hse-dashboard/hse-backend/vendor/laravel/framework/src/Illuminate/Foundation/Http/Kernel.php(176): Illuminate/Pipeline/Pipeline->then(Object(Closure))
#52 E:/1KERJAAN/Telisik Studio/Dashboard HSE/hse-dashboard/hse-backend/vendor/laravel/framework/src/Illuminate/Foundation/Http/Kernel.php(145): Illuminate/Foundation/Http/Kernel->sendRequestThroughRouter(Object(Illuminate/Http/Request))
#53 E:/1KERJAAN/Telisik Studio/Dashboard HSE/hse-dashboard/hse-backend/vendor/laravel/framework/src/Illuminate/Foundation/Application.php(1220): Illuminate/Foundation/Http/Kernel->handle(Object(Illuminate/Http/Request))
#54 E:/1KERJAAN/Telisik Studio/Dashboard HSE/hse-dashboard/hse-backend/public/index.php(17): Illuminate/Foundation/Application->handleRequest(Object(Illuminate/Http/Request))
#55 E:/1KERJAAN/Telisik Studio/Dashboard HSE/hse-dashboard/hse-backend/vendor/laravel/framework/src/Illuminate/Foundation/resources/server.php(23): require_once('E://1KERJAAN//Tel...')
#56 {main}
"} 
[2026-08-05 04:18:32] local.ERROR: Interface "Maatwebsite\Excel\Concerns\FromArray" not found {"userId":1,"exception":"[object] (Error(code: 0): Interface \"Maatwebsite\\Excel\\Concerns\\FromArray\" not found at E:/1KERJAAN/Telisik Studio/Dashboard HSE/hse-dashboard/hse-backend/app/Exports/DashboardSummaryExport.php:15)
[stacktrace]
#0 E:/1KERJAAN/Telisik Studio/Dashboard HSE/hse-dashboard/hse-backend/vendor/composer/ClassLoader.php(576): include()
#1 E:/1KERJAAN/Telisik Studio/Dashboard HSE/hse-dashboard/hse-backend/vendor/composer/ClassLoader.php(427): Composer/Autoload/{closure}('E://1KERJAAN//Tel...')
#2 E:/1KERJAAN/Telisik Studio/Dashboard HSE/hse-dashboard/hse-backend/app/Http/Controllers/Api/DashboardController.php(75): Composer/Autoload/ClassLoader->loadClass('App//Exports//Das...')
#3 E:/1KERJAAN/Telisik Studio/Dashboard HSE/hse-dashboard/hse-backend/vendor/laravel/framework/src/Illuminate/Routing/ControllerDispatcher.php(47): App/Http/Controllers/Api/DashboardController->export(Object(Illuminate/Http/Request))
#4 E:/1KERJAAN/Telisik Studio/Dashboard HSE/hse-dashboard/hse-backend/vendor/laravel/framework/src/Illuminate/Routing/Route.php(266): Illuminate/Routing/ControllerDispatcher->dispatch(Object(Illuminate/Routing/Route), Object(App/Http/Controllers/Api/DashboardController), 'export')
#5 E:/1KERJAAN/Telisik Studio/Dashboard HSE/hse-dashboard/hse-backend/vendor/laravel/framework/src/Illuminate/Routing/Route.php(212): Illuminate/Routing/Route->runController()
#6 E:/1KERJAAN/Telisik Studio/Dashboard HSE/hse-dashboard/hse-backend/vendor/laravel/framework/src/Illuminate/Routing/Router.php(808): Illuminate/Routing/Route->run()
#7 E:/1KERJAAN/Telisik Studio/Dashboard HSE/hse-dashboard/hse-backend/vendor/laravel/framework/src/Illuminate/Pipeline/Pipeline.php(170): Illuminate/Routing/Router->Illuminate/Routing/{closure}(Object(Illuminate/Http/Request))
#8 E:/1KERJAAN/Telisik Studio/Dashboard HSE/hse-dashboard/hse-backend/vendor/laravel/framework/src/Illuminate/Routing/Middleware/SubstituteBindings.php(51): Illuminate/Pipeline/Pipeline->Illuminate/Pipeline/{closure}(Object(Illuminate/Http/Request))
#9 E:/1KERJAAN/Telisik Studio/Dashboard HSE/hse-dashboard/hse-backend/vendor/laravel/framework/src/Illuminate/Pipeline/Pipeline.php(209): Illuminate/Routing/Middleware/SubstituteBindings->handle(Object(Illuminate/Http/Request), Object(Closure))
#10 E:/1KERJAAN/Telisik Studio/Dashboard HSE/hse-dashboard/hse-backend/vendor/laravel/framework/src/Illuminate/Auth/Middleware/Authenticate.php(64): Illuminate/Pipeline/Pipeline->Illuminate/Pipeline/{closure}(Object(Illuminate/Http/Request))
#11 E:/1KERJAAN/Telisik Studio/Dashboard HSE/hse-dashboard/hse-backend/vendor/laravel/framework/src/Illuminate/Pipeline/Pipeline.php(209): Illuminate/Auth/Middleware/Authenticate->handle(Object(Illuminate/Http/Request), Object(Closure), 'sanctum')
#12 E:/1KERJAAN/Telisik Studio/Dashboard HSE/hse-dashboard/hse-backend/vendor/laravel/sanctum/src/Http/Middleware/EnsureFrontendRequestsAreStateful.php(26): Illuminate/Pipeline/Pipeline->Illuminate/Pipeline/{closure}(Object(Illuminate/Http/Request))
#13 E:/1KERJAAN/Telisik Studio/Dashboard HSE/hse-dashboard/hse-backend/vendor/laravel/framework/src/Illuminate/Pipeline/Pipeline.php(170): Laravel/Sanctum/Http/Middleware/EnsureFrontendRequestsAreStateful->Laravel/Sanctum/Http/Middleware/{closure}(Object(Illuminate/Http/Request))
#14 E:/1KERJAAN/Telisik Studio/Dashboard HSE/hse-dashboard/hse-backend/vendor/laravel/sanctum/src/Http/Middleware/AuthenticateSession.php(60): Illuminate/Pipeline/Pipeline->Illuminate/Pipeline/{closure}(Object(Illuminate/Http/Request))
#15 E:/1KERJAAN/Telisik Studio/Dashboard HSE/hse-dashboard/hse-backend/vendor/laravel/framework/src/Illuminate/Pipeline/Pipeline.php(209): Laravel/Sanctum/Http/Middleware/AuthenticateSession->handle(Object(Illuminate/Http/Request), Object(Closure))
#16 E:/1KERJAAN/Telisik Studio/Dashboard HSE/hse-dashboard/hse-backend/vendor/laravel/framework/src/Illuminate/Foundation/Http/Middleware/VerifyCsrfToken.php(88): Illuminate/Pipeline/Pipeline->Illuminate/Pipeline/{closure}(Object(Illuminate/Http/Request))
#17 E:/1KERJAAN/Telisik Studio/Dashboard HSE/hse-dashboard/hse-backend/vendor/laravel/framework/src/Illuminate/Pipeline/Pipeline.php(209): Illuminate/Foundation/Http/Middleware/VerifyCsrfToken->handle(Object(Illuminate/Http/Request), Object(Closure))
#18 E:/1KERJAAN/Telisik Studio/Dashboard HSE/hse-dashboard/hse-backend/vendor/laravel/framework/src/Illuminate/Session/Middleware/StartSession.php(121): Illuminate/Pipeline/Pipeline->Illuminate/Pipeline/{closure}(Object(Illuminate/Http/Request))
#19 E:/1KERJAAN/Telisik Studio/Dashboard HSE/hse-dashboard/hse-backend/vendor/laravel/framework/src/Illuminate/Session/Middleware/StartSession.php(64): Illuminate/Session/Middleware/StartSession->handleStatefulRequest(Object(Illuminate/Http/Request), Object(Illuminate/Session/Store), Object(Closure))
#20 E:/1KERJAAN/Telisik Studio/Dashboard HSE/hse-dashboard/hse-backend/vendor/laravel/framework/src/Illuminate/Pipeline/Pipeline.php(209): Illuminate/Session/Middleware/StartSession->handle(Object(Illuminate/Http/Request), Object(Closure))
#21 E:/1KERJAAN/Telisik Studio/Dashboard HSE/hse-dashboard/hse-backend/vendor/laravel/framework/src/Illuminate/Cookie/Middleware/AddQueuedCookiesToResponse.php(37): Illuminate/Pipeline/Pipeline->Illuminate/Pipeline/{closure}(Object(Illuminate/Http/Request))
#22 E:/1KERJAAN/Telisik Studio/Dashboard HSE/hse-dashboard/hse-backend/vendor/laravel/framework/src/Illuminate/Pipeline/Pipeline.php(209): Illuminate/Cookie/Middleware/AddQueuedCookiesToResponse->handle(Object(Illuminate/Http/Request), Object(Closure))
#23 E:/1KERJAAN/Telisik Studio/Dashboard HSE/hse-dashboard/hse-backend/vendor/laravel/framework/src/Illuminate/Cookie/Middleware/EncryptCookies.php(75): Illuminate/Pipeline/Pipeline->Illuminate/Pipeline/{closure}(Object(Illuminate/Http/Request))
#24 E:/1KERJAAN/Telisik Studio/Dashboard HSE/hse-dashboard/hse-backend/vendor/laravel/framework/src/Illuminate/Pipeline/Pipeline.php(209): Illuminate/Cookie/Middleware/EncryptCookies->handle(Object(Illuminate/Http/Request), Object(Closure))
#25 E:/1KERJAAN/Telisik Studio/Dashboard HSE/hse-dashboard/hse-backend/vendor/laravel/sanctum/src/Http/Middleware/EnsureFrontendRequestsAreStateful.php(61): Illuminate/Pipeline/Pipeline->Illuminate/Pipeline/{closure}(Object(Illuminate/Http/Request))
#26 E:/1KERJAAN/Telisik Studio/Dashboard HSE/hse-dashboard/hse-backend/vendor/laravel/framework/src/Illuminate/Pipeline/Pipeline.php(191): Laravel/Sanctum/Http/Middleware/EnsureFrontendRequestsAreStateful->Laravel/Sanctum/Http/Middleware/{closure}(Object(Illuminate/Http/Request), Object(Closure))
#27 E:/1KERJAAN/Telisik Studio/Dashboard HSE/hse-dashboard/hse-backend/vendor/laravel/framework/src/Illuminate/Pipeline/Pipeline.php(127): Illuminate/Pipeline/Pipeline->Illuminate/Pipeline/{closure}(Object(Illuminate/Http/Request))
#28 E:/1KERJAAN/Telisik Studio/Dashboard HSE/hse-dashboard/hse-backend/vendor/laravel/sanctum/src/Http/Middleware/EnsureFrontendRequestsAreStateful.php(25): Illuminate/Pipeline/Pipeline->then(Object(Closure))
#29 E:/1KERJAAN/Telisik Studio/Dashboard HSE/hse-dashboard/hse-backend/vendor/laravel/framework/src/Illuminate/Pipeline/Pipeline.php(209): Laravel/Sanctum/Http/Middleware/EnsureFrontendRequestsAreStateful->handle(Object(Illuminate/Http/Request), Object(Closure))
#30 E:/1KERJAAN/Telisik Studio/Dashboard HSE/hse-dashboard/hse-backend/vendor/laravel/framework/src/Illuminate/Pipeline/Pipeline.php(127): Illuminate/Pipeline/Pipeline->Illuminate/Pipeline/{closure}(Object(Illuminate/Http/Request))
#31 E:/1KERJAAN/Telisik Studio/Dashboard HSE/hse-dashboard/hse-backend/vendor/laravel/framework/src/Illuminate/Routing/Router.php(807): Illuminate/Pipeline/Pipeline->then(Object(Closure))
#32 E:/1KERJAAN/Telisik Studio/Dashboard HSE/hse-dashboard/hse-backend/vendor/laravel/framework/src/Illuminate/Routing/Router.php(786): Illuminate/Routing/Router->runRouteWithinStack(Object(Illuminate/Routing/Route), Object(Illuminate/Http/Request))
#33 E:/1KERJAAN/Telisik Studio/Dashboard HSE/hse-dashboard/hse-backend/vendor/laravel/framework/src/Illuminate/Routing/Router.php(750): Illuminate/Routing/Router->runRoute(Object(Illuminate/Http/Request), Object(Illuminate/Routing/Route))
#34 E:/1KERJAAN/Telisik Studio/Dashboard HSE/hse-dashboard/hse-backend/vendor/laravel/framework/src/Illuminate/Routing/Router.php(739): Illuminate/Routing/Router->dispatchToRoute(Object(Illuminate/Http/Request))
#35 E:/1KERJAAN/Telisik Studio/Dashboard HSE/hse-dashboard/hse-backend/vendor/laravel/framework/src/Illuminate/Foundation/Http/Kernel.php(201): Illuminate/Routing/Router->dispatch(Object(Illuminate/Http/Request))
#36 E:/1KERJAAN/Telisik Studio/Dashboard HSE/hse-dashboard/hse-backend/vendor/laravel/framework/src/Illuminate/Pipeline/Pipeline.php(170): Illuminate/Foundation/Http/Kernel->Illuminate/Foundation/Http/{closure}(Object(Illuminate/Http/Request))
#37 E:/1KERJAAN/Telisik Studio/Dashboard HSE/hse-dashboard/hse-backend/vendor/laravel/framework/src/Illuminate/Foundation/Http/Middleware/TransformsRequest.php(21): Illuminate/Pipeline/Pipeline->Illuminate/Pipeline/{closure}(Object(Illuminate/Http/Request))
#38 E:/1KERJAAN/Telisik Studio/Dashboard HSE/hse-dashboard/hse-backend/vendor/laravel/framework/src/Illuminate/Foundation/Http/Middleware/ConvertEmptyStringsToNull.php(31): Illuminate/Foundation/Http/Middleware/TransformsRequest->handle(Object(Illuminate/Http/Request), Object(Closure))
#39 E:/1KERJAAN/Telisik Studio/Dashboard HSE/hse-dashboard/hse-backend/vendor/laravel/framework/src/Illuminate/Pipeline/Pipeline.php(209): Illuminate/Foundation/Http/Middleware/ConvertEmptyStringsToNull->handle(Object(Illuminate/Http/Request), Object(Closure))
#40 E:/1KERJAAN/Telisik Studio/Dashboard HSE/hse-dashboard/hse-backend/vendor/laravel/framework/src/Illuminate/Foundation/Http/Middleware/TransformsRequest.php(21): Illuminate/Pipeline/Pipeline->Illuminate/Pipeline/{closure}(Object(Illuminate/Http/Request))
#41 E:/1KERJAAN/Telisik Studio/Dashboard HSE/hse-dashboard/hse-backend/vendor/laravel/framework/src/Illuminate/Foundation/Http/Middleware/TrimStrings.php(51): Illuminate/Foundation/Http/Middleware/TransformsRequest->handle(Object(Illuminate/Http/Request), Object(Closure))
#42 E:/1KERJAAN/Telisik Studio/Dashboard HSE/hse-dashboard/hse-backend/vendor/laravel/framework/src/Illuminate/Pipeline/Pipeline.php(209): Illuminate/Foundation/Http/Middleware/TrimStrings->handle(Object(Illuminate/Http/Request), Object(Closure))
#43 E:/1KERJAAN/Telisik Studio/Dashboard HSE/hse-dashboard/hse-backend/vendor/laravel/framework/src/Illuminate/Http/Middleware/ValidatePostSize.php(27): Illuminate/Pipeline/Pipeline->Illuminate/Pipeline/{closure}(Object(Illuminate/Http/Request))
#44 E:/1KERJAAN/Telisik Studio/Dashboard HSE/hse-dashboard/hse-backend/vendor/laravel/framework/src/Illuminate/Pipeline/Pipeline.php(209): Illuminate/Http/Middleware/ValidatePostSize->handle(Object(Illuminate/Http/Request), Object(Closure))
#45 E:/1KERJAAN/Telisik Studio/Dashboard HSE/hse-dashboard/hse-backend/vendor/laravel/framework/src/Illuminate/Foundation/Http/Middleware/PreventRequestsDuringMaintenance.php(110): Illuminate/Pipeline/Pipeline->Illuminate/Pipeline/{closure}(Object(Illuminate/Http/Request))
#46 E:/1KERJAAN/Telisik Studio/Dashboard HSE/hse-dashboard/hse-backend/vendor/laravel/framework/src/Illuminate/Pipeline/Pipeline.php(209): Illuminate/Foundation/Http/Middleware/PreventRequestsDuringMaintenance->handle(Object(Illuminate/Http/Request), Object(Closure))
#47 E:/1KERJAAN/Telisik Studio/Dashboard HSE/hse-dashboard/hse-backend/vendor/laravel/framework/src/Illuminate/Http/Middleware/HandleCors.php(62): Illuminate/Pipeline/Pipeline->Illuminate/Pipeline/{closure}(Object(Illuminate/Http/Request))
#48 E:/1KERJAAN/Telisik Studio/Dashboard HSE/hse-dashboard/hse-backend/vendor/laravel/framework/src/Illuminate/Pipeline/Pipeline.php(209): Illuminate/Http/Middleware/HandleCors->handle(Object(Illuminate/Http/Request), Object(Closure))
#49 E:/1KERJAAN/Telisik Studio/Dashboard HSE/hse-dashboard/hse-backend/vendor/laravel/framework/src/Illuminate/Http/Middleware/TrustProxies.php(58): Illuminate/Pipeline/Pipeline->Illuminate/Pipeline/{closure}(Object(Illuminate/Http/Request))
#50 E:/1KERJAAN/Telisik Studio/Dashboard HSE/hse-dashboard/hse-backend/vendor/laravel/framework/src/Illuminate/Pipeline/Pipeline.php(209): Illuminate/Http/Middleware/TrustProxies->handle(Object(Illuminate/Http/Request), Object(Closure))
#51 E:/1KERJAAN/Telisik Studio/Dashboard HSE/hse-dashboard/hse-backend/vendor/laravel/framework/src/Illuminate/Foundation/Http/Middleware/InvokeDeferredCallbacks.php(22): Illuminate/Pipeline/Pipeline->Illuminate/Pipeline/{closure}(Object(Illuminate/Http/Request))
#52 E:/1KERJAAN/Telisik Studio/Dashboard HSE/hse-dashboard/hse-backend/vendor/laravel/framework/src/Illuminate/Pipeline/Pipeline.php(209): Illuminate/Foundation/Http/Middleware/InvokeDeferredCallbacks->handle(Object(Illuminate/Http/Request), Object(Closure))
#53 E:/1KERJAAN/Telisik Studio/Dashboard HSE/hse-dashboard/hse-backend/vendor/laravel/framework/src/Illuminate/Pipeline/Pipeline.php(127): Illuminate/Pipeline/Pipeline->Illuminate/Pipeline/{closure}(Object(Illuminate/Http/Request))
#54 E:/1KERJAAN/Telisik Studio/Dashboard HSE/hse-dashboard/hse-backend/vendor/laravel/framework/src/Illuminate/Foundation/Http/Kernel.php(176): Illuminate/Pipeline/Pipeline->then(Object(Closure))
#55 E:/1KERJAAN/Telisik Studio/Dashboard HSE/hse-dashboard/hse-backend/vendor/laravel/framework/src/Illuminate/Foundation/Http/Kernel.php(145): Illuminate/Foundation/Http/Kernel->sendRequestThroughRouter(Object(Illuminate/Http/Request))
#56 E:/1KERJAAN/Telisik Studio/Dashboard HSE/hse-dashboard/hse-backend/vendor/laravel/framework/src/Illuminate/Foundation/Application.php(1220): Illuminate/Foundation/Http/Kernel->handle(Object(Illuminate/Http/Request))
#57 E:/1KERJAAN/Telisik Studio/Dashboard HSE/hse-dashboard/hse-backend/public/index.php(17): Illuminate/Foundation/Application->handleRequest(Object(Illuminate/Http/Request))
#58 E:/1KERJAAN/Telisik Studio/Dashboard HSE/hse-dashboard/hse-backend/vendor/laravel/framework/src/Illuminate/Foundation/resources/server.php(23): require_once('E://1KERJAAN//Tel...')
#59 {main}
"} 
[2026-08-05 04:18:38] local.ERROR: Interface "Maatwebsite\Excel\Concerns\FromArray" not found {"userId":1,"exception":"[object] (Error(code: 0): Interface \"Maatwebsite\\Excel\\Concerns\\FromArray\" not found at E:/1KERJAAN/Telisik Studio/Dashboard HSE/hse-dashboard/hse-backend/app/Exports/DashboardSummaryExport.php:15)
[stacktrace]
#0 E:/1KERJAAN/Telisik Studio/Dashboard HSE/hse-dashboard/hse-backend/vendor/composer/ClassLoader.php(576): include()
#1 E:/1KERJAAN/Telisik Studio/Dashboard HSE/hse-dashboard/hse-backend/vendor/composer/ClassLoader.php(427): Composer/Autoload/{closure}('E://1KERJAAN//Tel...')
#2 E:/1KERJAAN/Telisik Studio/Dashboard HSE/hse-dashboard/hse-backend/app/Http/Controllers/Api/DashboardController.php(75): Composer/Autoload/ClassLoader->loadClass('App//Exports//Das...')
#3 E:/1KERJAAN/Telisik Studio/Dashboard HSE/hse-dashboard/hse-backend/vendor/laravel/framework/src/Illuminate/Routing/ControllerDispatcher.php(47): App/Http/Controllers/Api/DashboardController->export(Object(Illuminate/Http/Request))
#4 E:/1KERJAAN/Telisik Studio/Dashboard HSE/hse-dashboard/hse-backend/vendor/laravel/framework/src/Illuminate/Routing/Route.php(266): Illuminate/Routing/ControllerDispatcher->dispatch(Object(Illuminate/Routing/Route), Object(App/Http/Controllers/Api/DashboardController), 'export')
#5 E:/1KERJAAN/Telisik Studio/Dashboard HSE/hse-dashboard/hse-backend/vendor/laravel/framework/src/Illuminate/Routing/Route.php(212): Illuminate/Routing/Route->runController()
#6 E:/1KERJAAN/Telisik Studio/Dashboard HSE/hse-dashboard/hse-backend/vendor/laravel/framework/src/Illuminate/Routing/Router.php(808): Illuminate/Routing/Route->run()
#7 E:/1KERJAAN/Telisik Studio/Dashboard HSE/hse-dashboard/hse-backend/vendor/laravel/framework/src/Illuminate/Pipeline/Pipeline.php(170): Illuminate/Routing/Router->Illuminate/Routing/{closure}(Object(Illuminate/Http/Request))
#8 E:/1KERJAAN/Telisik Studio/Dashboard HSE/hse-dashboard/hse-backend/vendor/laravel/framework/src/Illuminate/Routing/Middleware/SubstituteBindings.php(51): Illuminate/Pipeline/Pipeline->Illuminate/Pipeline/{closure}(Object(Illuminate/Http/Request))
#9 E:/1KERJAAN/Telisik Studio/Dashboard HSE/hse-dashboard/hse-backend/vendor/laravel/framework/src/Illuminate/Pipeline/Pipeline.php(209): Illuminate/Routing/Middleware/SubstituteBindings->handle(Object(Illuminate/Http/Request), Object(Closure))
#10 E:/1KERJAAN/Telisik Studio/Dashboard HSE/hse-dashboard/hse-backend/vendor/laravel/framework/src/Illuminate/Auth/Middleware/Authenticate.php(64): Illuminate/Pipeline/Pipeline->Illuminate/Pipeline/{closure}(Object(Illuminate/Http/Request))
#11 E:/1KERJAAN/Telisik Studio/Dashboard HSE/hse-dashboard/hse-backend/vendor/laravel/framework/src/Illuminate/Pipeline/Pipeline.php(209): Illuminate/Auth/Middleware/Authenticate->handle(Object(Illuminate/Http/Request), Object(Closure), 'sanctum')
#12 E:/1KERJAAN/Telisik Studio/Dashboard HSE/hse-dashboard/hse-backend/vendor/laravel/sanctum/src/Http/Middleware/EnsureFrontendRequestsAreStateful.php(26): Illuminate/Pipeline/Pipeline->Illuminate/Pipeline/{closure}(Object(Illuminate/Http/Request))
#13 E:/1KERJAAN/Telisik Studio/Dashboard HSE/hse-dashboard/hse-backend/vendor/laravel/framework/src/Illuminate/Pipeline/Pipeline.php(170): Laravel/Sanctum/Http/Middleware/EnsureFrontendRequestsAreStateful->Laravel/Sanctum/Http/Middleware/{closure}(Object(Illuminate/Http/Request))
#14 E:/1KERJAAN/Telisik Studio/Dashboard HSE/hse-dashboard/hse-backend/vendor/laravel/sanctum/src/Http/Middleware/AuthenticateSession.php(60): Illuminate/Pipeline/Pipeline->Illuminate/Pipeline/{closure}(Object(Illuminate/Http/Request))
#15 E:/1KERJAAN/Telisik Studio/Dashboard HSE/hse-dashboard/hse-backend/vendor/laravel/framework/src/Illuminate/Pipeline/Pipeline.php(209): Laravel/Sanctum/Http/Middleware/AuthenticateSession->handle(Object(Illuminate/Http/Request), Object(Closure))
#16 E:/1KERJAAN/Telisik Studio/Dashboard HSE/hse-dashboard/hse-backend/vendor/laravel/framework/src/Illuminate/Foundation/Http/Middleware/VerifyCsrfToken.php(88): Illuminate/Pipeline/Pipeline->Illuminate/Pipeline/{closure}(Object(Illuminate/Http/Request))
#17 E:/1KERJAAN/Telisik Studio/Dashboard HSE/hse-dashboard/hse-backend/vendor/laravel/framework/src/Illuminate/Pipeline/Pipeline.php(209): Illuminate/Foundation/Http/Middleware/VerifyCsrfToken->handle(Object(Illuminate/Http/Request), Object(Closure))
#18 E:/1KERJAAN/Telisik Studio/Dashboard HSE/hse-dashboard/hse-backend/vendor/laravel/framework/src/Illuminate/Session/Middleware/StartSession.php(121): Illuminate/Pipeline/Pipeline->Illuminate/Pipeline/{closure}(Object(Illuminate/Http/Request))
#19 E:/1KERJAAN/Telisik Studio/Dashboard HSE/hse-dashboard/hse-backend/vendor/laravel/framework/src/Illuminate/Session/Middleware/StartSession.php(64): Illuminate/Session/Middleware/StartSession->handleStatefulRequest(Object(Illuminate/Http/Request), Object(Illuminate/Session/Store), Object(Closure))
#20 E:/1KERJAAN/Telisik Studio/Dashboard HSE/hse-dashboard/hse-backend/vendor/laravel/framework/src/Illuminate/Pipeline/Pipeline.php(209): Illuminate/Session/Middleware/StartSession->handle(Object(Illuminate/Http/Request), Object(Closure))
#21 E:/1KERJAAN/Telisik Studio/Dashboard HSE/hse-dashboard/hse-backend/vendor/laravel/framework/src/Illuminate/Cookie/Middleware/AddQueuedCookiesToResponse.php(37): Illuminate/Pipeline/Pipeline->Illuminate/Pipeline/{closure}(Object(Illuminate/Http/Request))
#22 E:/1KERJAAN/Telisik Studio/Dashboard HSE/hse-dashboard/hse-backend/vendor/laravel/framework/src/Illuminate/Pipeline/Pipeline.php(209): Illuminate/Cookie/Middleware/AddQueuedCookiesToResponse->handle(Object(Illuminate/Http/Request), Object(Closure))
#23 E:/1KERJAAN/Telisik Studio/Dashboard HSE/hse-dashboard/hse-backend/vendor/laravel/framework/src/Illuminate/Cookie/Middleware/EncryptCookies.php(75): Illuminate/Pipeline/Pipeline->Illuminate/Pipeline/{closure}(Object(Illuminate/Http/Request))
#24 E:/1KERJAAN/Telisik Studio/Dashboard HSE/hse-dashboard/hse-backend/vendor/laravel/framework/src/Illuminate/Pipeline/Pipeline.php(209): Illuminate/Cookie/Middleware/EncryptCookies->handle(Object(Illuminate/Http/Request), Object(Closure))
#25 E:/1KERJAAN/Telisik Studio/Dashboard HSE/hse-dashboard/hse-backend/vendor/laravel/sanctum/src/Http/Middleware/EnsureFrontendRequestsAreStateful.php(61): Illuminate/Pipeline/Pipeline->Illuminate/Pipeline/{closure}(Object(Illuminate/Http/Request))
#26 E:/1KERJAAN/Telisik Studio/Dashboard HSE/hse-dashboard/hse-backend/vendor/laravel/framework/src/Illuminate/Pipeline/Pipeline.php(191): Laravel/Sanctum/Http/Middleware/EnsureFrontendRequestsAreStateful->Laravel/Sanctum/Http/Middleware/{closure}(Object(Illuminate/Http/Request), Object(Closure))
#27 E:/1KERJAAN/Telisik Studio/Dashboard HSE/hse-dashboard/hse-backend/vendor/laravel/framework/src/Illuminate/Pipeline/Pipeline.php(127): Illuminate/Pipeline/Pipeline->Illuminate/Pipeline/{closure}(Object(Illuminate/Http/Request))
#28 E:/1KERJAAN/Telisik Studio/Dashboard HSE/hse-dashboard/hse-backend/vendor/laravel/sanctum/src/Http/Middleware/EnsureFrontendRequestsAreStateful.php(25): Illuminate/Pipeline/Pipeline->then(Object(Closure))
#29 E:/1KERJAAN/Telisik Studio/Dashboard HSE/hse-dashboard/hse-backend/vendor/laravel/framework/src/Illuminate/Pipeline/Pipeline.php(209): Laravel/Sanctum/Http/Middleware/EnsureFrontendRequestsAreStateful->handle(Object(Illuminate/Http/Request), Object(Closure))
#30 E:/1KERJAAN/Telisik Studio/Dashboard HSE/hse-dashboard/hse-backend/vendor/laravel/framework/src/Illuminate/Pipeline/Pipeline.php(127): Illuminate/Pipeline/Pipeline->Illuminate/Pipeline/{closure}(Object(Illuminate/Http/Request))
#31 E:/1KERJAAN/Telisik Studio/Dashboard HSE/hse-dashboard/hse-backend/vendor/laravel/framework/src/Illuminate/Routing/Router.php(807): Illuminate/Pipeline/Pipeline->then(Object(Closure))
#32 E:/1KERJAAN/Telisik Studio/Dashboard HSE/hse-dashboard/hse-backend/vendor/laravel/framework/src/Illuminate/Routing/Router.php(786): Illuminate/Routing/Router->runRouteWithinStack(Object(Illuminate/Routing/Route), Object(Illuminate/Http/Request))
#33 E:/1KERJAAN/Telisik Studio/Dashboard HSE/hse-dashboard/hse-backend/vendor/laravel/framework/src/Illuminate/Routing/Router.php(750): Illuminate/Routing/Router->runRoute(Object(Illuminate/Http/Request), Object(Illuminate/Routing/Route))
#34 E:/1KERJAAN/Telisik Studio/Dashboard HSE/hse-dashboard/hse-backend/vendor/laravel/framework/src/Illuminate/Routing/Router.php(739): Illuminate/Routing/Router->dispatchToRoute(Object(Illuminate/Http/Request))
#35 E:/1KERJAAN/Telisik Studio/Dashboard HSE/hse-dashboard/hse-backend/vendor/laravel/framework/src/Illuminate/Foundation/Http/Kernel.php(201): Illuminate/Routing/Router->dispatch(Object(Illuminate/Http/Request))
#36 E:/1KERJAAN/Telisik Studio/Dashboard HSE/hse-dashboard/hse-backend/vendor/laravel/framework/src/Illuminate/Pipeline/Pipeline.php(170): Illuminate/Foundation/Http/Kernel->Illuminate/Foundation/Http/{closure}(Object(Illuminate/Http/Request))
#37 E:/1KERJAAN/Telisik Studio/Dashboard HSE/hse-dashboard/hse-backend/vendor/laravel/framework/src/Illuminate/Foundation/Http/Middleware/TransformsRequest.php(21): Illuminate/Pipeline/Pipeline->Illuminate/Pipeline/{closure}(Object(Illuminate/Http/Request))
#38 E:/1KERJAAN/Telisik Studio/Dashboard HSE/hse-dashboard/hse-backend/vendor/laravel/framework/src/Illuminate/Foundation/Http/Middleware/ConvertEmptyStringsToNull.php(31): Illuminate/Foundation/Http/Middleware/TransformsRequest->handle(Object(Illuminate/Http/Request), Object(Closure))
#39 E:/1KERJAAN/Telisik Studio/Dashboard HSE/hse-dashboard/hse-backend/vendor/laravel/framework/src/Illuminate/Pipeline/Pipeline.php(209): Illuminate/Foundation/Http/Middleware/ConvertEmptyStringsToNull->handle(Object(Illuminate/Http/Request), Object(Closure))
#40 E:/1KERJAAN/Telisik Studio/Dashboard HSE/hse-dashboard/hse-backend/vendor/laravel/framework/src/Illuminate/Foundation/Http/Middleware/TransformsRequest.php(21): Illuminate/Pipeline/Pipeline->Illuminate/Pipeline/{closure}(Object(Illuminate/Http/Request))
#41 E:/1KERJAAN/Telisik Studio/Dashboard HSE/hse-dashboard/hse-backend/vendor/laravel/framework/src/Illuminate/Foundation/Http/Middleware/TrimStrings.php(51): Illuminate/Foundation/Http/Middleware/TransformsRequest->handle(Object(Illuminate/Http/Request), Object(Closure))
#42 E:/1KERJAAN/Telisik Studio/Dashboard HSE/hse-dashboard/hse-backend/vendor/laravel/framework/src/Illuminate/Pipeline/Pipeline.php(209): Illuminate/Foundation/Http/Middleware/TrimStrings->handle(Object(Illuminate/Http/Request), Object(Closure))
#43 E:/1KERJAAN/Telisik Studio/Dashboard HSE/hse-dashboard/hse-backend/vendor/laravel/framework/src/Illuminate/Http/Middleware/ValidatePostSize.php(27): Illuminate/Pipeline/Pipeline->Illuminate/Pipeline/{closure}(Object(Illuminate/Http/Request))
#44 E:/1KERJAAN/Telisik Studio/Dashboard HSE/hse-dashboard/hse-backend/vendor/laravel/framework/src/Illuminate/Pipeline/Pipeline.php(209): Illuminate/Http/Middleware/ValidatePostSize->handle(Object(Illuminate/Http/Request), Object(Closure))
#45 E:/1KERJAAN/Telisik Studio/Dashboard HSE/hse-dashboard/hse-backend/vendor/laravel/framework/src/Illuminate/Foundation/Http/Middleware/PreventRequestsDuringMaintenance.php(110): Illuminate/Pipeline/Pipeline->Illuminate/Pipeline/{closure}(Object(Illuminate/Http/Request))
#46 E:/1KERJAAN/Telisik Studio/Dashboard HSE/hse-dashboard/hse-backend/vendor/laravel/framework/src/Illuminate/Pipeline/Pipeline.php(209): Illuminate/Foundation/Http/Middleware/PreventRequestsDuringMaintenance->handle(Object(Illuminate/Http/Request), Object(Closure))
#47 E:/1KERJAAN/Telisik Studio/Dashboard HSE/hse-dashboard/hse-backend/vendor/laravel/framework/src/Illuminate/Http/Middleware/HandleCors.php(62): Illuminate/Pipeline/Pipeline->Illuminate/Pipeline/{closure}(Object(Illuminate/Http/Request))
#48 E:/1KERJAAN/Telisik Studio/Dashboard HSE/hse-dashboard/hse-backend/vendor/laravel/framework/src/Illuminate/Pipeline/Pipeline.php(209): Illuminate/Http/Middleware/HandleCors->handle(Object(Illuminate/Http/Request), Object(Closure))
#49 E:/1KERJAAN/Telisik Studio/Dashboard HSE/hse-dashboard/hse-backend/vendor/laravel/framework/src/Illuminate/Http/Middleware/TrustProxies.php(58): Illuminate/Pipeline/Pipeline->Illuminate/Pipeline/{closure}(Object(Illuminate/Http/Request))
#50 E:/1KERJAAN/Telisik Studio/Dashboard HSE/hse-dashboard/hse-backend/vendor/laravel/framework/src/Illuminate/Pipeline/Pipeline.php(209): Illuminate/Http/Middleware/TrustProxies->handle(Object(Illuminate/Http/Request), Object(Closure))
#51 E:/1KERJAAN/Telisik Studio/Dashboard HSE/hse-dashboard/hse-backend/vendor/laravel/framework/src/Illuminate/Foundation/Http/Middleware/InvokeDeferredCallbacks.php(22): Illuminate/Pipeline/Pipeline->Illuminate/Pipeline/{closure}(Object(Illuminate/Http/Request))
#52 E:/1KERJAAN/Telisik Studio/Dashboard HSE/hse-dashboard/hse-backend/vendor/laravel/framework/src/Illuminate/Pipeline/Pipeline.php(209): Illuminate/Foundation/Http/Middleware/InvokeDeferredCallbacks->handle(Object(Illuminate/Http/Request), Object(Closure))
#53 E:/1KERJAAN/Telisik Studio/Dashboard HSE/hse-dashboard/hse-backend/vendor/laravel/framework/src/Illuminate/Pipeline/Pipeline.php(127): Illuminate/Pipeline/Pipeline->Illuminate/Pipeline/{closure}(Object(Illuminate/Http/Request))
#54 E:/1KERJAAN/Telisik Studio/Dashboard HSE/hse-dashboard/hse-backend/vendor/laravel/framework/src/Illuminate/Foundation/Http/Kernel.php(176): Illuminate/Pipeline/Pipeline->then(Object(Closure))
#55 E:/1KERJAAN/Telisik Studio/Dashboard HSE/hse-dashboard/hse-backend/vendor/laravel/framework/src/Illuminate/Foundation/Http/Kernel.php(145): Illuminate/Foundation/Http/Kernel->sendRequestThroughRouter(Object(Illuminate/Http/Request))
#56 E:/1KERJAAN/Telisik Studio/Dashboard HSE/hse-dashboard/hse-backend/vendor/laravel/framework/src/Illuminate/Foundation/Application.php(1220): Illuminate/Foundation/Http/Kernel->handle(Object(Illuminate/Http/Request))
#57 E:/1KERJAAN/Telisik Studio/Dashboard HSE/hse-dashboard/hse-backend/public/index.php(17): Illuminate/Foundation/Application->handleRequest(Object(Illuminate/Http/Request))
#58 E:/1KERJAAN/Telisik Studio/Dashboard HSE/hse-dashboard/hse-backend/vendor/laravel/framework/src/Illuminate/Foundation/resources/server.php(23): require_once('E://1KERJAAN//Tel...')
#59 {main}
"} 
[2026-08-05 04:19:09] local.ERROR: Interface "Maatwebsite\Excel\Concerns\FromArray" not found {"userId":1,"exception":"[object] (Error(code: 0): Interface \"Maatwebsite\\Excel\\Concerns\\FromArray\" not found at E:/1KERJAAN/Telisik Studio/Dashboard HSE/hse-dashboard/hse-backend/app/Exports/DashboardSummaryExport.php:15)
[stacktrace]
#0 E:/1KERJAAN/Telisik Studio/Dashboard HSE/hse-dashboard/hse-backend/vendor/composer/ClassLoader.php(576): include()
#1 E:/1KERJAAN/Telisik Studio/Dashboard HSE/hse-dashboard/hse-backend/vendor/composer/ClassLoader.php(427): Composer/Autoload/{closure}('E://1KERJAAN//Tel...')
#2 E:/1KERJAAN/Telisik Studio/Dashboard HSE/hse-dashboard/hse-backend/app/Http/Controllers/Api/DashboardController.php(75): Composer/Autoload/ClassLoader->loadClass('App//Exports//Das...')
#3 E:/1KERJAAN/Telisik Studio/Dashboard HSE/hse-dashboard/hse-backend/vendor/laravel/framework/src/Illuminate/Routing/ControllerDispatcher.php(47): App/Http/Controllers/Api/DashboardController->export(Object(Illuminate/Http/Request))
#4 E:/1KERJAAN/Telisik Studio/Dashboard HSE/hse-dashboard/hse-backend/vendor/laravel/framework/src/Illuminate/Routing/Route.php(266): Illuminate/Routing/ControllerDispatcher->dispatch(Object(Illuminate/Routing/Route), Object(App/Http/Controllers/Api/DashboardController), 'export')
#5 E:/1KERJAAN/Telisik Studio/Dashboard HSE/hse-dashboard/hse-backend/vendor/laravel/framework/src/Illuminate/Routing/Route.php(212): Illuminate/Routing/Route->runController()
#6 E:/1KERJAAN/Telisik Studio/Dashboard HSE/hse-dashboard/hse-backend/vendor/laravel/framework/src/Illuminate/Routing/Router.php(808): Illuminate/Routing/Route->run()
#7 E:/1KERJAAN/Telisik Studio/Dashboard HSE/hse-dashboard/hse-backend/vendor/laravel/framework/src/Illuminate/Pipeline/Pipeline.php(170): Illuminate/Routing/Router->Illuminate/Routing/{closure}(Object(Illuminate/Http/Request))
#8 E:/1KERJAAN/Telisik Studio/Dashboard HSE/hse-dashboard/hse-backend/vendor/laravel/framework/src/Illuminate/Routing/Middleware/SubstituteBindings.php(51): Illuminate/Pipeline/Pipeline->Illuminate/Pipeline/{closure}(Object(Illuminate/Http/Request))
#9 E:/1KERJAAN/Telisik Studio/Dashboard HSE/hse-dashboard/hse-backend/vendor/laravel/framework/src/Illuminate/Pipeline/Pipeline.php(209): Illuminate/Routing/Middleware/SubstituteBindings->handle(Object(Illuminate/Http/Request), Object(Closure))
#10 E:/1KERJAAN/Telisik Studio/Dashboard HSE/hse-dashboard/hse-backend/vendor/laravel/framework/src/Illuminate/Auth/Middleware/Authenticate.php(64): Illuminate/Pipeline/Pipeline->Illuminate/Pipeline/{closure}(Object(Illuminate/Http/Request))
#11 E:/1KERJAAN/Telisik Studio/Dashboard HSE/hse-dashboard/hse-backend/vendor/laravel/framework/src/Illuminate/Pipeline/Pipeline.php(209): Illuminate/Auth/Middleware/Authenticate->handle(Object(Illuminate/Http/Request), Object(Closure), 'sanctum')
#12 E:/1KERJAAN/Telisik Studio/Dashboard HSE/hse-dashboard/hse-backend/vendor/laravel/sanctum/src/Http/Middleware/EnsureFrontendRequestsAreStateful.php(26): Illuminate/Pipeline/Pipeline->Illuminate/Pipeline/{closure}(Object(Illuminate/Http/Request))
#13 E:/1KERJAAN/Telisik Studio/Dashboard HSE/hse-dashboard/hse-backend/vendor/laravel/framework/src/Illuminate/Pipeline/Pipeline.php(170): Laravel/Sanctum/Http/Middleware/EnsureFrontendRequestsAreStateful->Laravel/Sanctum/Http/Middleware/{closure}(Object(Illuminate/Http/Request))
#14 E:/1KERJAAN/Telisik Studio/Dashboard HSE/hse-dashboard/hse-backend/vendor/laravel/sanctum/src/Http/Middleware/AuthenticateSession.php(60): Illuminate/Pipeline/Pipeline->Illuminate/Pipeline/{closure}(Object(Illuminate/Http/Request))
#15 E:/1KERJAAN/Telisik Studio/Dashboard HSE/hse-dashboard/hse-backend/vendor/laravel/framework/src/Illuminate/Pipeline/Pipeline.php(209): Laravel/Sanctum/Http/Middleware/AuthenticateSession->handle(Object(Illuminate/Http/Request), Object(Closure))
#16 E:/1KERJAAN/Telisik Studio/Dashboard HSE/hse-dashboard/hse-backend/vendor/laravel/framework/src/Illuminate/Foundation/Http/Middleware/VerifyCsrfToken.php(88): Illuminate/Pipeline/Pipeline->Illuminate/Pipeline/{closure}(Object(Illuminate/Http/Request))
#17 E:/1KERJAAN/Telisik Studio/Dashboard HSE/hse-dashboard/hse-backend/vendor/laravel/framework/src/Illuminate/Pipeline/Pipeline.php(209): Illuminate/Foundation/Http/Middleware/VerifyCsrfToken->handle(Object(Illuminate/Http/Request), Object(Closure))
#18 E:/1KERJAAN/Telisik Studio/Dashboard HSE/hse-dashboard/hse-backend/vendor/laravel/framework/src/Illuminate/Session/Middleware/StartSession.php(121): Illuminate/Pipeline/Pipeline->Illuminate/Pipeline/{closure}(Object(Illuminate/Http/Request))
#19 E:/1KERJAAN/Telisik Studio/Dashboard HSE/hse-dashboard/hse-backend/vendor/laravel/framework/src/Illuminate/Session/Middleware/StartSession.php(64): Illuminate/Session/Middleware/StartSession->handleStatefulRequest(Object(Illuminate/Http/Request), Object(Illuminate/Session/Store), Object(Closure))
#20 E:/1KERJAAN/Telisik Studio/Dashboard HSE/hse-dashboard/hse-backend/vendor/laravel/framework/src/Illuminate/Pipeline/Pipeline.php(209): Illuminate/Session/Middleware/StartSession->handle(Object(Illuminate/Http/Request), Object(Closure))
#21 E:/1KERJAAN/Telisik Studio/Dashboard HSE/hse-dashboard/hse-backend/vendor/laravel/framework/src/Illuminate/Cookie/Middleware/AddQueuedCookiesToResponse.php(37): Illuminate/Pipeline/Pipeline->Illuminate/Pipeline/{closure}(Object(Illuminate/Http/Request))
#22 E:/1KERJAAN/Telisik Studio/Dashboard HSE/hse-dashboard/hse-backend/vendor/laravel/framework/src/Illuminate/Pipeline/Pipeline.php(209): Illuminate/Cookie/Middleware/AddQueuedCookiesToResponse->handle(Object(Illuminate/Http/Request), Object(Closure))
#23 E:/1KERJAAN/Telisik Studio/Dashboard HSE/hse-dashboard/hse-backend/vendor/laravel/framework/src/Illuminate/Cookie/Middleware/EncryptCookies.php(75): Illuminate/Pipeline/Pipeline->Illuminate/Pipeline/{closure}(Object(Illuminate/Http/Request))
#24 E:/1KERJAAN/Telisik Studio/Dashboard HSE/hse-dashboard/hse-backend/vendor/laravel/framework/src/Illuminate/Pipeline/Pipeline.php(209): Illuminate/Cookie/Middleware/EncryptCookies->handle(Object(Illuminate/Http/Request), Object(Closure))
#25 E:/1KERJAAN/Telisik Studio/Dashboard HSE/hse-dashboard/hse-backend/vendor/laravel/sanctum/src/Http/Middleware/EnsureFrontendRequestsAreStateful.php(61): Illuminate/Pipeline/Pipeline->Illuminate/Pipeline/{closure}(Object(Illuminate/Http/Request))
#26 E:/1KERJAAN/Telisik Studio/Dashboard HSE/hse-dashboard/hse-backend/vendor/laravel/framework/src/Illuminate/Pipeline/Pipeline.php(191): Laravel/Sanctum/Http/Middleware/EnsureFrontendRequestsAreStateful->Laravel/Sanctum/Http/Middleware/{closure}(Object(Illuminate/Http/Request), Object(Closure))
#27 E:/1KERJAAN/Telisik Studio/Dashboard HSE/hse-dashboard/hse-backend/vendor/laravel/framework/src/Illuminate/Pipeline/Pipeline.php(127): Illuminate/Pipeline/Pipeline->Illuminate/Pipeline/{closure}(Object(Illuminate/Http/Request))
#28 E:/1KERJAAN/Telisik Studio/Dashboard HSE/hse-dashboard/hse-backend/vendor/laravel/sanctum/src/Http/Middleware/EnsureFrontendRequestsAreStateful.php(25): Illuminate/Pipeline/Pipeline->then(Object(Closure))
#29 E:/1KERJAAN/Telisik Studio/Dashboard HSE/hse-dashboard/hse-backend/vendor/laravel/framework/src/Illuminate/Pipeline/Pipeline.php(209): Laravel/Sanctum/Http/Middleware/EnsureFrontendRequestsAreStateful->handle(Object(Illuminate/Http/Request), Object(Closure))
#30 E:/1KERJAAN/Telisik Studio/Dashboard HSE/hse-dashboard/hse-backend/vendor/laravel/framework/src/Illuminate/Pipeline/Pipeline.php(127): Illuminate/Pipeline/Pipeline->Illuminate/Pipeline/{closure}(Object(Illuminate/Http/Request))
#31 E:/1KERJAAN/Telisik Studio/Dashboard HSE/hse-dashboard/hse-backend/vendor/laravel/framework/src/Illuminate/Routing/Router.php(807): Illuminate/Pipeline/Pipeline->then(Object(Closure))
#32 E:/1KERJAAN/Telisik Studio/Dashboard HSE/hse-dashboard/hse-backend/vendor/laravel/framework/src/Illuminate/Routing/Router.php(786): Illuminate/Routing/Router->runRouteWithinStack(Object(Illuminate/Routing/Route), Object(Illuminate/Http/Request))
#33 E:/1KERJAAN/Telisik Studio/Dashboard HSE/hse-dashboard/hse-backend/vendor/laravel/framework/src/Illuminate/Routing/Router.php(750): Illuminate/Routing/Router->runRoute(Object(Illuminate/Http/Request), Object(Illuminate/Routing/Route))
#34 E:/1KERJAAN/Telisik Studio/Dashboard HSE/hse-dashboard/hse-backend/vendor/laravel/framework/src/Illuminate/Routing/Router.php(739): Illuminate/Routing/Router->dispatchToRoute(Object(Illuminate/Http/Request))
#35 E:/1KERJAAN/Telisik Studio/Dashboard HSE/hse-dashboard/hse-backend/vendor/laravel/framework/src/Illuminate/Foundation/Http/Kernel.php(201): Illuminate/Routing/Router->dispatch(Object(Illuminate/Http/Request))
#36 E:/1KERJAAN/Telisik Studio/Dashboard HSE/hse-dashboard/hse-backend/vendor/laravel/framework/src/Illuminate/Pipeline/Pipeline.php(170): Illuminate/Foundation/Http/Kernel->Illuminate/Foundation/Http/{closure}(Object(Illuminate/Http/Request))
#37 E:/1KERJAAN/Telisik Studio/Dashboard HSE/hse-dashboard/hse-backend/vendor/laravel/framework/src/Illuminate/Foundation/Http/Middleware/TransformsRequest.php(21): Illuminate/Pipeline/Pipeline->Illuminate/Pipeline/{closure}(Object(Illuminate/Http/Request))
#38 E:/1KERJAAN/Telisik Studio/Dashboard HSE/hse-dashboard/hse-backend/vendor/laravel/framework/src/Illuminate/Foundation/Http/Middleware/ConvertEmptyStringsToNull.php(31): Illuminate/Foundation/Http/Middleware/TransformsRequest->handle(Object(Illuminate/Http/Request), Object(Closure))
#39 E:/1KERJAAN/Telisik Studio/Dashboard HSE/hse-dashboard/hse-backend/vendor/laravel/framework/src/Illuminate/Pipeline/Pipeline.php(209): Illuminate/Foundation/Http/Middleware/ConvertEmptyStringsToNull->handle(Object(Illuminate/Http/Request), Object(Closure))
#40 E:/1KERJAAN/Telisik Studio/Dashboard HSE/hse-dashboard/hse-backend/vendor/laravel/framework/src/Illuminate/Foundation/Http/Middleware/TransformsRequest.php(21): Illuminate/Pipeline/Pipeline->Illuminate/Pipeline/{closure}(Object(Illuminate/Http/Request))
#41 E:/1KERJAAN/Telisik Studio/Dashboard HSE/hse-dashboard/hse-backend/vendor/laravel/framework/src/Illuminate/Foundation/Http/Middleware/TrimStrings.php(51): Illuminate/Foundation/Http/Middleware/TransformsRequest->handle(Object(Illuminate/Http/Request), Object(Closure))
#42 E:/1KERJAAN/Telisik Studio/Dashboard HSE/hse-dashboard/hse-backend/vendor/laravel/framework/src/Illuminate/Pipeline/Pipeline.php(209): Illuminate/Foundation/Http/Middleware/TrimStrings->handle(Object(Illuminate/Http/Request), Object(Closure))
#43 E:/1KERJAAN/Telisik Studio/Dashboard HSE/hse-dashboard/hse-backend/vendor/laravel/framework/src/Illuminate/Http/Middleware/ValidatePostSize.php(27): Illuminate/Pipeline/Pipeline->Illuminate/Pipeline/{closure}(Object(Illuminate/Http/Request))
#44 E:/1KERJAAN/Telisik Studio/Dashboard HSE/hse-dashboard/hse-backend/vendor/laravel/framework/src/Illuminate/Pipeline/Pipeline.php(209): Illuminate/Http/Middleware/ValidatePostSize->handle(Object(Illuminate/Http/Request), Object(Closure))
#45 E:/1KERJAAN/Telisik Studio/Dashboard HSE/hse-dashboard/hse-backend/vendor/laravel/framework/src/Illuminate/Foundation/Http/Middleware/PreventRequestsDuringMaintenance.php(110): Illuminate/Pipeline/Pipeline->Illuminate/Pipeline/{closure}(Object(Illuminate/Http/Request))
#46 E:/1KERJAAN/Telisik Studio/Dashboard HSE/hse-dashboard/hse-backend/vendor/laravel/framework/src/Illuminate/Pipeline/Pipeline.php(209): Illuminate/Foundation/Http/Middleware/PreventRequestsDuringMaintenance->handle(Object(Illuminate/Http/Request), Object(Closure))
#47 E:/1KERJAAN/Telisik Studio/Dashboard HSE/hse-dashboard/hse-backend/vendor/laravel/framework/src/Illuminate/Http/Middleware/HandleCors.php(62): Illuminate/Pipeline/Pipeline->Illuminate/Pipeline/{closure}(Object(Illuminate/Http/Request))
#48 E:/1KERJAAN/Telisik Studio/Dashboard HSE/hse-dashboard/hse-backend/vendor/laravel/framework/src/Illuminate/Pipeline/Pipeline.php(209): Illuminate/Http/Middleware/HandleCors->handle(Object(Illuminate/Http/Request), Object(Closure))
#49 E:/1KERJAAN/Telisik Studio/Dashboard HSE/hse-dashboard/hse-backend/vendor/laravel/framework/src/Illuminate/Http/Middleware/TrustProxies.php(58): Illuminate/Pipeline/Pipeline->Illuminate/Pipeline/{closure}(Object(Illuminate/Http/Request))
#50 E:/1KERJAAN/Telisik Studio/Dashboard HSE/hse-dashboard/hse-backend/vendor/laravel/framework/src/Illuminate/Pipeline/Pipeline.php(209): Illuminate/Http/Middleware/TrustProxies->handle(Object(Illuminate/Http/Request), Object(Closure))
#51 E:/1KERJAAN/Telisik Studio/Dashboard HSE/hse-dashboard/hse-backend/vendor/laravel/framework/src/Illuminate/Foundation/Http/Middleware/InvokeDeferredCallbacks.php(22): Illuminate/Pipeline/Pipeline->Illuminate/Pipeline/{closure}(Object(Illuminate/Http/Request))
#52 E:/1KERJAAN/Telisik Studio/Dashboard HSE/hse-dashboard/hse-backend/vendor/laravel/framework/src/Illuminate/Pipeline/Pipeline.php(209): Illuminate/Foundation/Http/Middleware/InvokeDeferredCallbacks->handle(Object(Illuminate/Http/Request), Object(Closure))
#53 E:/1KERJAAN/Telisik Studio/Dashboard HSE/hse-dashboard/hse-backend/vendor/laravel/framework/src/Illuminate/Pipeline/Pipeline.php(127): Illuminate/Pipeline/Pipeline->Illuminate/Pipeline/{closure}(Object(Illuminate/Http/Request))
#54 E:/1KERJAAN/Telisik Studio/Dashboard HSE/hse-dashboard/hse-backend/vendor/laravel/framework/src/Illuminate/Foundation/Http/Kernel.php(176): Illuminate/Pipeline/Pipeline->then(Object(Closure))
#55 E:/1KERJAAN/Telisik Studio/Dashboard HSE/hse-dashboard/hse-backend/vendor/laravel/framework/src/Illuminate/Foundation/Http/Kernel.php(145): Illuminate/Foundation/Http/Kernel->sendRequestThroughRouter(Object(Illuminate/Http/Request))
#56 E:/1KERJAAN/Telisik Studio/Dashboard HSE/hse-dashboard/hse-backend/vendor/laravel/framework/src/Illuminate/Foundation/Application.php(1220): Illuminate/Foundation/Http/Kernel->handle(Object(Illuminate/Http/Request))
#57 E:/1KERJAAN/Telisik Studio/Dashboard HSE/hse-dashboard/hse-backend/public/index.php(17): Illuminate/Foundation/Application->handleRequest(Object(Illuminate/Http/Request))
#58 E:/1KERJAAN/Telisik Studio/Dashboard HSE/hse-dashboard/hse-backend/vendor/laravel/framework/src/Illuminate/Foundation/resources/server.php(23): require_once('E://1KERJAAN//Tel...')
#59 {main}
"} 
[2026-08-05 04:19:35] local.ERROR: Interface "Maatwebsite\Excel\Concerns\FromArray" not found {"userId":1,"exception":"[object] (Error(code: 0): Interface \"Maatwebsite\\Excel\\Concerns\\FromArray\" not found at E:/1KERJAAN/Telisik Studio/Dashboard HSE/hse-dashboard/hse-backend/app/Exports/DashboardSummaryExport.php:15)
[stacktrace]
#0 E:/1KERJAAN/Telisik Studio/Dashboard HSE/hse-dashboard/hse-backend/vendor/composer/ClassLoader.php(576): include()
#1 E:/1KERJAAN/Telisik Studio/Dashboard HSE/hse-dashboard/hse-backend/vendor/composer/ClassLoader.php(427): Composer/Autoload/{closure}('E://1KERJAAN//Tel...')
#2 E:/1KERJAAN/Telisik Studio/Dashboard HSE/hse-dashboard/hse-backend/app/Http/Controllers/Api/DashboardController.php(75): Composer/Autoload/ClassLoader->loadClass('App//Exports//Das...')
#3 E:/1KERJAAN/Telisik Studio/Dashboard HSE/hse-dashboard/hse-backend/vendor/laravel/framework/src/Illuminate/Routing/ControllerDispatcher.php(47): App/Http/Controllers/Api/DashboardController->export(Object(Illuminate/Http/Request))
#4 E:/1KERJAAN/Telisik Studio/Dashboard HSE/hse-dashboard/hse-backend/vendor/laravel/framework/src/Illuminate/Routing/Route.php(266): Illuminate/Routing/ControllerDispatcher->dispatch(Object(Illuminate/Routing/Route), Object(App/Http/Controllers/Api/DashboardController), 'export')
#5 E:/1KERJAAN/Telisik Studio/Dashboard HSE/hse-dashboard/hse-backend/vendor/laravel/framework/src/Illuminate/Routing/Route.php(212): Illuminate/Routing/Route->runController()
#6 E:/1KERJAAN/Telisik Studio/Dashboard HSE/hse-dashboard/hse-backend/vendor/laravel/framework/src/Illuminate/Routing/Router.php(808): Illuminate/Routing/Route->run()
#7 E:/1KERJAAN/Telisik Studio/Dashboard HSE/hse-dashboard/hse-backend/vendor/laravel/framework/src/Illuminate/Pipeline/Pipeline.php(170): Illuminate/Routing/Router->Illuminate/Routing/{closure}(Object(Illuminate/Http/Request))
#8 E:/1KERJAAN/Telisik Studio/Dashboard HSE/hse-dashboard/hse-backend/vendor/laravel/framework/src/Illuminate/Routing/Middleware/SubstituteBindings.php(51): Illuminate/Pipeline/Pipeline->Illuminate/Pipeline/{closure}(Object(Illuminate/Http/Request))
#9 E:/1KERJAAN/Telisik Studio/Dashboard HSE/hse-dashboard/hse-backend/vendor/laravel/framework/src/Illuminate/Pipeline/Pipeline.php(209): Illuminate/Routing/Middleware/SubstituteBindings->handle(Object(Illuminate/Http/Request), Object(Closure))
#10 E:/1KERJAAN/Telisik Studio/Dashboard HSE/hse-dashboard/hse-backend/vendor/laravel/framework/src/Illuminate/Auth/Middleware/Authenticate.php(64): Illuminate/Pipeline/Pipeline->Illuminate/Pipeline/{closure}(Object(Illuminate/Http/Request))
#11 E:/1KERJAAN/Telisik Studio/Dashboard HSE/hse-dashboard/hse-backend/vendor/laravel/framework/src/Illuminate/Pipeline/Pipeline.php(209): Illuminate/Auth/Middleware/Authenticate->handle(Object(Illuminate/Http/Request), Object(Closure), 'sanctum')
#12 E:/1KERJAAN/Telisik Studio/Dashboard HSE/hse-dashboard/hse-backend/vendor/laravel/sanctum/src/Http/Middleware/EnsureFrontendRequestsAreStateful.php(26): Illuminate/Pipeline/Pipeline->Illuminate/Pipeline/{closure}(Object(Illuminate/Http/Request))
#13 E:/1KERJAAN/Telisik Studio/Dashboard HSE/hse-dashboard/hse-backend/vendor/laravel/framework/src/Illuminate/Pipeline/Pipeline.php(170): Laravel/Sanctum/Http/Middleware/EnsureFrontendRequestsAreStateful->Laravel/Sanctum/Http/Middleware/{closure}(Object(Illuminate/Http/Request))
#14 E:/1KERJAAN/Telisik Studio/Dashboard HSE/hse-dashboard/hse-backend/vendor/laravel/sanctum/src/Http/Middleware/AuthenticateSession.php(60): Illuminate/Pipeline/Pipeline->Illuminate/Pipeline/{closure}(Object(Illuminate/Http/Request))
#15 E:/1KERJAAN/Telisik Studio/Dashboard HSE/hse-dashboard/hse-backend/vendor/laravel/framework/src/Illuminate/Pipeline/Pipeline.php(209): Laravel/Sanctum/Http/Middleware/AuthenticateSession->handle(Object(Illuminate/Http/Request), Object(Closure))
#16 E:/1KERJAAN/Telisik Studio/Dashboard HSE/hse-dashboard/hse-backend/vendor/laravel/framework/src/Illuminate/Foundation/Http/Middleware/VerifyCsrfToken.php(88): Illuminate/Pipeline/Pipeline->Illuminate/Pipeline/{closure}(Object(Illuminate/Http/Request))
#17 E:/1KERJAAN/Telisik Studio/Dashboard HSE/hse-dashboard/hse-backend/vendor/laravel/framework/src/Illuminate/Pipeline/Pipeline.php(209): Illuminate/Foundation/Http/Middleware/VerifyCsrfToken->handle(Object(Illuminate/Http/Request), Object(Closure))
#18 E:/1KERJAAN/Telisik Studio/Dashboard HSE/hse-dashboard/hse-backend/vendor/laravel/framework/src/Illuminate/Session/Middleware/StartSession.php(121): Illuminate/Pipeline/Pipeline->Illuminate/Pipeline/{closure}(Object(Illuminate/Http/Request))
#19 E:/1KERJAAN/Telisik Studio/Dashboard HSE/hse-dashboard/hse-backend/vendor/laravel/framework/src/Illuminate/Session/Middleware/StartSession.php(64): Illuminate/Session/Middleware/StartSession->handleStatefulRequest(Object(Illuminate/Http/Request), Object(Illuminate/Session/Store), Object(Closure))
#20 E:/1KERJAAN/Telisik Studio/Dashboard HSE/hse-dashboard/hse-backend/vendor/laravel/framework/src/Illuminate/Pipeline/Pipeline.php(209): Illuminate/Session/Middleware/StartSession->handle(Object(Illuminate/Http/Request), Object(Closure))
#21 E:/1KERJAAN/Telisik Studio/Dashboard HSE/hse-dashboard/hse-backend/vendor/laravel/framework/src/Illuminate/Cookie/Middleware/AddQueuedCookiesToResponse.php(37): Illuminate/Pipeline/Pipeline->Illuminate/Pipeline/{closure}(Object(Illuminate/Http/Request))
#22 E:/1KERJAAN/Telisik Studio/Dashboard HSE/hse-dashboard/hse-backend/vendor/laravel/framework/src/Illuminate/Pipeline/Pipeline.php(209): Illuminate/Cookie/Middleware/AddQueuedCookiesToResponse->handle(Object(Illuminate/Http/Request), Object(Closure))
#23 E:/1KERJAAN/Telisik Studio/Dashboard HSE/hse-dashboard/hse-backend/vendor/laravel/framework/src/Illuminate/Cookie/Middleware/EncryptCookies.php(75): Illuminate/Pipeline/Pipeline->Illuminate/Pipeline/{closure}(Object(Illuminate/Http/Request))
#24 E:/1KERJAAN/Telisik Studio/Dashboard HSE/hse-dashboard/hse-backend/vendor/laravel/framework/src/Illuminate/Pipeline/Pipeline.php(209): Illuminate/Cookie/Middleware/EncryptCookies->handle(Object(Illuminate/Http/Request), Object(Closure))
#25 E:/1KERJAAN/Telisik Studio/Dashboard HSE/hse-dashboard/hse-backend/vendor/laravel/sanctum/src/Http/Middleware/EnsureFrontendRequestsAreStateful.php(61): Illuminate/Pipeline/Pipeline->Illuminate/Pipeline/{closure}(Object(Illuminate/Http/Request))
#26 E:/1KERJAAN/Telisik Studio/Dashboard HSE/hse-dashboard/hse-backend/vendor/laravel/framework/src/Illuminate/Pipeline/Pipeline.php(191): Laravel/Sanctum/Http/Middleware/EnsureFrontendRequestsAreStateful->Laravel/Sanctum/Http/Middleware/{closure}(Object(Illuminate/Http/Request), Object(Closure))
#27 E:/1KERJAAN/Telisik Studio/Dashboard HSE/hse-dashboard/hse-backend/vendor/laravel/framework/src/Illuminate/Pipeline/Pipeline.php(127): Illuminate/Pipeline/Pipeline->Illuminate/Pipeline/{closure}(Object(Illuminate/Http/Request))
#28 E:/1KERJAAN/Telisik Studio/Dashboard HSE/hse-dashboard/hse-backend/vendor/laravel/sanctum/src/Http/Middleware/EnsureFrontendRequestsAreStateful.php(25): Illuminate/Pipeline/Pipeline->then(Object(Closure))
#29 E:/1KERJAAN/Telisik Studio/Dashboard HSE/hse-dashboard/hse-backend/vendor/laravel/framework/src/Illuminate/Pipeline/Pipeline.php(209): Laravel/Sanctum/Http/Middleware/EnsureFrontendRequestsAreStateful->handle(Object(Illuminate/Http/Request), Object(Closure))
#30 E:/1KERJAAN/Telisik Studio/Dashboard HSE/hse-dashboard/hse-backend/vendor/laravel/framework/src/Illuminate/Pipeline/Pipeline.php(127): Illuminate/Pipeline/Pipeline->Illuminate/Pipeline/{closure}(Object(Illuminate/Http/Request))
#31 E:/1KERJAAN/Telisik Studio/Dashboard HSE/hse-dashboard/hse-backend/vendor/laravel/framework/src/Illuminate/Routing/Router.php(807): Illuminate/Pipeline/Pipeline->then(Object(Closure))
#32 E:/1KERJAAN/Telisik Studio/Dashboard HSE/hse-dashboard/hse-backend/vendor/laravel/framework/src/Illuminate/Routing/Router.php(786): Illuminate/Routing/Router->runRouteWithinStack(Object(Illuminate/Routing/Route), Object(Illuminate/Http/Request))
#33 E:/1KERJAAN/Telisik Studio/Dashboard HSE/hse-dashboard/hse-backend/vendor/laravel/framework/src/Illuminate/Routing/Router.php(750): Illuminate/Routing/Router->runRoute(Object(Illuminate/Http/Request), Object(Illuminate/Routing/Route))
#34 E:/1KERJAAN/Telisik Studio/Dashboard HSE/hse-dashboard/hse-backend/vendor/laravel/framework/src/Illuminate/Routing/Router.php(739): Illuminate/Routing/Router->dispatchToRoute(Object(Illuminate/Http/Request))
#35 E:/1KERJAAN/Telisik Studio/Dashboard HSE/hse-dashboard/hse-backend/vendor/laravel/framework/src/Illuminate/Foundation/Http/Kernel.php(201): Illuminate/Routing/Router->dispatch(Object(Illuminate/Http/Request))
#36 E:/1KERJAAN/Telisik Studio/Dashboard HSE/hse-dashboard/hse-backend/vendor/laravel/framework/src/Illuminate/Pipeline/Pipeline.php(170): Illuminate/Foundation/Http/Kernel->Illuminate/Foundation/Http/{closure}(Object(Illuminate/Http/Request))
#37 E:/1KERJAAN/Telisik Studio/Dashboard HSE/hse-dashboard/hse-backend/vendor/laravel/framework/src/Illuminate/Foundation/Http/Middleware/TransformsRequest.php(21): Illuminate/Pipeline/Pipeline->Illuminate/Pipeline/{closure}(Object(Illuminate/Http/Request))
#38 E:/1KERJAAN/Telisik Studio/Dashboard HSE/hse-dashboard/hse-backend/vendor/laravel/framework/src/Illuminate/Foundation/Http/Middleware/ConvertEmptyStringsToNull.php(31): Illuminate/Foundation/Http/Middleware/TransformsRequest->handle(Object(Illuminate/Http/Request), Object(Closure))
#39 E:/1KERJAAN/Telisik Studio/Dashboard HSE/hse-dashboard/hse-backend/vendor/laravel/framework/src/Illuminate/Pipeline/Pipeline.php(209): Illuminate/Foundation/Http/Middleware/ConvertEmptyStringsToNull->handle(Object(Illuminate/Http/Request), Object(Closure))
#40 E:/1KERJAAN/Telisik Studio/Dashboard HSE/hse-dashboard/hse-backend/vendor/laravel/framework/src/Illuminate/Foundation/Http/Middleware/TransformsRequest.php(21): Illuminate/Pipeline/Pipeline->Illuminate/Pipeline/{closure}(Object(Illuminate/Http/Request))
#41 E:/1KERJAAN/Telisik Studio/Dashboard HSE/hse-dashboard/hse-backend/vendor/laravel/framework/src/Illuminate/Foundation/Http/Middleware/TrimStrings.php(51): Illuminate/Foundation/Http/Middleware/TransformsRequest->handle(Object(Illuminate/Http/Request), Object(Closure))
#42 E:/1KERJAAN/Telisik Studio/Dashboard HSE/hse-dashboard/hse-backend/vendor/laravel/framework/src/Illuminate/Pipeline/Pipeline.php(209): Illuminate/Foundation/Http/Middleware/TrimStrings->handle(Object(Illuminate/Http/Request), Object(Closure))
#43 E:/1KERJAAN/Telisik Studio/Dashboard HSE/hse-dashboard/hse-backend/vendor/laravel/framework/src/Illuminate/Http/Middleware/ValidatePostSize.php(27): Illuminate/Pipeline/Pipeline->Illuminate/Pipeline/{closure}(Object(Illuminate/Http/Request))
#44 E:/1KERJAAN/Telisik Studio/Dashboard HSE/hse-dashboard/hse-backend/vendor/laravel/framework/src/Illuminate/Pipeline/Pipeline.php(209): Illuminate/Http/Middleware/ValidatePostSize->handle(Object(Illuminate/Http/Request), Object(Closure))
#45 E:/1KERJAAN/Telisik Studio/Dashboard HSE/hse-dashboard/hse-backend/vendor/laravel/framework/src/Illuminate/Foundation/Http/Middleware/PreventRequestsDuringMaintenance.php(110): Illuminate/Pipeline/Pipeline->Illuminate/Pipeline/{closure}(Object(Illuminate/Http/Request))
#46 E:/1KERJAAN/Telisik Studio/Dashboard HSE/hse-dashboard/hse-backend/vendor/laravel/framework/src/Illuminate/Pipeline/Pipeline.php(209): Illuminate/Foundation/Http/Middleware/PreventRequestsDuringMaintenance->handle(Object(Illuminate/Http/Request), Object(Closure))
#47 E:/1KERJAAN/Telisik Studio/Dashboard HSE/hse-dashboard/hse-backend/vendor/laravel/framework/src/Illuminate/Http/Middleware/HandleCors.php(62): Illuminate/Pipeline/Pipeline->Illuminate/Pipeline/{closure}(Object(Illuminate/Http/Request))
#48 E:/1KERJAAN/Telisik Studio/Dashboard HSE/hse-dashboard/hse-backend/vendor/laravel/framework/src/Illuminate/Pipeline/Pipeline.php(209): Illuminate/Http/Middleware/HandleCors->handle(Object(Illuminate/Http/Request), Object(Closure))
#49 E:/1KERJAAN/Telisik Studio/Dashboard HSE/hse-dashboard/hse-backend/vendor/laravel/framework/src/Illuminate/Http/Middleware/TrustProxies.php(58): Illuminate/Pipeline/Pipeline->Illuminate/Pipeline/{closure}(Object(Illuminate/Http/Request))
#50 E:/1KERJAAN/Telisik Studio/Dashboard HSE/hse-dashboard/hse-backend/vendor/laravel/framework/src/Illuminate/Pipeline/Pipeline.php(209): Illuminate/Http/Middleware/TrustProxies->handle(Object(Illuminate/Http/Request), Object(Closure))
#51 E:/1KERJAAN/Telisik Studio/Dashboard HSE/hse-dashboard/hse-backend/vendor/laravel/framework/src/Illuminate/Foundation/Http/Middleware/InvokeDeferredCallbacks.php(22): Illuminate/Pipeline/Pipeline->Illuminate/Pipeline/{closure}(Object(Illuminate/Http/Request))
#52 E:/1KERJAAN/Telisik Studio/Dashboard HSE/hse-dashboard/hse-backend/vendor/laravel/framework/src/Illuminate/Pipeline/Pipeline.php(209): Illuminate/Foundation/Http/Middleware/InvokeDeferredCallbacks->handle(Object(Illuminate/Http/Request), Object(Closure))
#53 E:/1KERJAAN/Telisik Studio/Dashboard HSE/hse-dashboard/hse-backend/vendor/laravel/framework/src/Illuminate/Pipeline/Pipeline.php(127): Illuminate/Pipeline/Pipeline->Illuminate/Pipeline/{closure}(Object(Illuminate/Http/Request))
#54 E:/1KERJAAN/Telisik Studio/Dashboard HSE/hse-dashboard/hse-backend/vendor/laravel/framework/src/Illuminate/Foundation/Http/Kernel.php(176): Illuminate/Pipeline/Pipeline->then(Object(Closure))
#55 E:/1KERJAAN/Telisik Studio/Dashboard HSE/hse-dashboard/hse-backend/vendor/laravel/framework/src/Illuminate/Foundation/Http/Kernel.php(145): Illuminate/Foundation/Http/Kernel->sendRequestThroughRouter(Object(Illuminate/Http/Request))
#56 E:/1KERJAAN/Telisik Studio/Dashboard HSE/hse-dashboard/hse-backend/vendor/laravel/framework/src/Illuminate/Foundation/Application.php(1220): Illuminate/Foundation/Http/Kernel->handle(Object(Illuminate/Http/Request))
#57 E:/1KERJAAN/Telisik Studio/Dashboard HSE/hse-dashboard/hse-backend/public/index.php(17): Illuminate/Foundation/Application->handleRequest(Object(Illuminate/Http/Request))
#58 E:/1KERJAAN/Telisik Studio/Dashboard HSE/hse-dashboard/hse-backend/vendor/laravel/framework/src/Illuminate/Foundation/resources/server.php(23): require_once('E://1KERJAAN//Tel...')
#59 {main}
"} 
[2026-08-05 04:20:02] local.ERROR: Interface "Maatwebsite\Excel\Concerns\FromArray" not found {"userId":1,"exception":"[object] (Error(code: 0): Interface \"Maatwebsite\\Excel\\Concerns\\FromArray\" not found at E:/1KERJAAN/Telisik Studio/Dashboard HSE/hse-dashboard/hse-backend/app/Exports/DashboardSummaryExport.php:15)
[stacktrace]
#0 E:/1KERJAAN/Telisik Studio/Dashboard HSE/hse-dashboard/hse-backend/vendor/composer/ClassLoader.php(576): include()
#1 E:/1KERJAAN/Telisik Studio/Dashboard HSE/hse-dashboard/hse-backend/vendor/composer/ClassLoader.php(427): Composer/Autoload/{closure}('E://1KERJAAN//Tel...')
#2 E:/1KERJAAN/Telisik Studio/Dashboard HSE/hse-dashboard/hse-backend/app/Http/Controllers/Api/DashboardController.php(75): Composer/Autoload/ClassLoader->loadClass('App//Exports//Das...')
#3 E:/1KERJAAN/Telisik Studio/Dashboard HSE/hse-dashboard/hse-backend/vendor/laravel/framework/src/Illuminate/Routing/ControllerDispatcher.php(47): App/Http/Controllers/Api/DashboardController->export(Object(Illuminate/Http/Request))
#4 E:/1KERJAAN/Telisik Studio/Dashboard HSE/hse-dashboard/hse-backend/vendor/laravel/framework/src/Illuminate/Routing/Route.php(266): Illuminate/Routing/ControllerDispatcher->dispatch(Object(Illuminate/Routing/Route), Object(App/Http/Controllers/Api/DashboardController), 'export')
#5 E:/1KERJAAN/Telisik Studio/Dashboard HSE/hse-dashboard/hse-backend/vendor/laravel/framework/src/Illuminate/Routing/Route.php(212): Illuminate/Routing/Route->runController()
#6 E:/1KERJAAN/Telisik Studio/Dashboard HSE/hse-dashboard/hse-backend/vendor/laravel/framework/src/Illuminate/Routing/Router.php(808): Illuminate/Routing/Route->run()
#7 E:/1KERJAAN/Telisik Studio/Dashboard HSE/hse-dashboard/hse-backend/vendor/laravel/framework/src/Illuminate/Pipeline/Pipeline.php(170): Illuminate/Routing/Router->Illuminate/Routing/{closure}(Object(Illuminate/Http/Request))
#8 E:/1KERJAAN/Telisik Studio/Dashboard HSE/hse-dashboard/hse-backend/vendor/laravel/framework/src/Illuminate/Routing/Middleware/SubstituteBindings.php(51): Illuminate/Pipeline/Pipeline->Illuminate/Pipeline/{closure}(Object(Illuminate/Http/Request))
#9 E:/1KERJAAN/Telisik Studio/Dashboard HSE/hse-dashboard/hse-backend/vendor/laravel/framework/src/Illuminate/Pipeline/Pipeline.php(209): Illuminate/Routing/Middleware/SubstituteBindings->handle(Object(Illuminate/Http/Request), Object(Closure))
#10 E:/1KERJAAN/Telisik Studio/Dashboard HSE/hse-dashboard/hse-backend/vendor/laravel/framework/src/Illuminate/Auth/Middleware/Authenticate.php(64): Illuminate/Pipeline/Pipeline->Illuminate/Pipeline/{closure}(Object(Illuminate/Http/Request))
#11 E:/1KERJAAN/Telisik Studio/Dashboard HSE/hse-dashboard/hse-backend/vendor/laravel/framework/src/Illuminate/Pipeline/Pipeline.php(209): Illuminate/Auth/Middleware/Authenticate->handle(Object(Illuminate/Http/Request), Object(Closure), 'sanctum')
#12 E:/1KERJAAN/Telisik Studio/Dashboard HSE/hse-dashboard/hse-backend/vendor/laravel/sanctum/src/Http/Middleware/EnsureFrontendRequestsAreStateful.php(26): Illuminate/Pipeline/Pipeline->Illuminate/Pipeline/{closure}(Object(Illuminate/Http/Request))
#13 E:/1KERJAAN/Telisik Studio/Dashboard HSE/hse-dashboard/hse-backend/vendor/laravel/framework/src/Illuminate/Pipeline/Pipeline.php(170): Laravel/Sanctum/Http/Middleware/EnsureFrontendRequestsAreStateful->Laravel/Sanctum/Http/Middleware/{closure}(Object(Illuminate/Http/Request))
#14 E:/1KERJAAN/Telisik Studio/Dashboard HSE/hse-dashboard/hse-backend/vendor/laravel/sanctum/src/Http/Middleware/AuthenticateSession.php(60): Illuminate/Pipeline/Pipeline->Illuminate/Pipeline/{closure}(Object(Illuminate/Http/Request))
#15 E:/1KERJAAN/Telisik Studio/Dashboard HSE/hse-dashboard/hse-backend/vendor/laravel/framework/src/Illuminate/Pipeline/Pipeline.php(209): Laravel/Sanctum/Http/Middleware/AuthenticateSession->handle(Object(Illuminate/Http/Request), Object(Closure))
#16 E:/1KERJAAN/Telisik Studio/Dashboard HSE/hse-dashboard/hse-backend/vendor/laravel/framework/src/Illuminate/Foundation/Http/Middleware/VerifyCsrfToken.php(88): Illuminate/Pipeline/Pipeline->Illuminate/Pipeline/{closure}(Object(Illuminate/Http/Request))
#17 E:/1KERJAAN/Telisik Studio/Dashboard HSE/hse-dashboard/hse-backend/vendor/laravel/framework/src/Illuminate/Pipeline/Pipeline.php(209): Illuminate/Foundation/Http/Middleware/VerifyCsrfToken->handle(Object(Illuminate/Http/Request), Object(Closure))
#18 E:/1KERJAAN/Telisik Studio/Dashboard HSE/hse-dashboard/hse-backend/vendor/laravel/framework/src/Illuminate/Session/Middleware/StartSession.php(121): Illuminate/Pipeline/Pipeline->Illuminate/Pipeline/{closure}(Object(Illuminate/Http/Request))
#19 E:/1KERJAAN/Telisik Studio/Dashboard HSE/hse-dashboard/hse-backend/vendor/laravel/framework/src/Illuminate/Session/Middleware/StartSession.php(64): Illuminate/Session/Middleware/StartSession->handleStatefulRequest(Object(Illuminate/Http/Request), Object(Illuminate/Session/Store), Object(Closure))
#20 E:/1KERJAAN/Telisik Studio/Dashboard HSE/hse-dashboard/hse-backend/vendor/laravel/framework/src/Illuminate/Pipeline/Pipeline.php(209): Illuminate/Session/Middleware/StartSession->handle(Object(Illuminate/Http/Request), Object(Closure))
#21 E:/1KERJAAN/Telisik Studio/Dashboard HSE/hse-dashboard/hse-backend/vendor/laravel/framework/src/Illuminate/Cookie/Middleware/AddQueuedCookiesToResponse.php(37): Illuminate/Pipeline/Pipeline->Illuminate/Pipeline/{closure}(Object(Illuminate/Http/Request))
#22 E:/1KERJAAN/Telisik Studio/Dashboard HSE/hse-dashboard/hse-backend/vendor/laravel/framework/src/Illuminate/Pipeline/Pipeline.php(209): Illuminate/Cookie/Middleware/AddQueuedCookiesToResponse->handle(Object(Illuminate/Http/Request), Object(Closure))
#23 E:/1KERJAAN/Telisik Studio/Dashboard HSE/hse-dashboard/hse-backend/vendor/laravel/framework/src/Illuminate/Cookie/Middleware/EncryptCookies.php(75): Illuminate/Pipeline/Pipeline->Illuminate/Pipeline/{closure}(Object(Illuminate/Http/Request))
#24 E:/1KERJAAN/Telisik Studio/Dashboard HSE/hse-dashboard/hse-backend/vendor/laravel/framework/src/Illuminate/Pipeline/Pipeline.php(209): Illuminate/Cookie/Middleware/EncryptCookies->handle(Object(Illuminate/Http/Request), Object(Closure))
#25 E:/1KERJAAN/Telisik Studio/Dashboard HSE/hse-dashboard/hse-backend/vendor/laravel/sanctum/src/Http/Middleware/EnsureFrontendRequestsAreStateful.php(61): Illuminate/Pipeline/Pipeline->Illuminate/Pipeline/{closure}(Object(Illuminate/Http/Request))
#26 E:/1KERJAAN/Telisik Studio/Dashboard HSE/hse-dashboard/hse-backend/vendor/laravel/framework/src/Illuminate/Pipeline/Pipeline.php(191): Laravel/Sanctum/Http/Middleware/EnsureFrontendRequestsAreStateful->Laravel/Sanctum/Http/Middleware/{closure}(Object(Illuminate/Http/Request), Object(Closure))
#27 E:/1KERJAAN/Telisik Studio/Dashboard HSE/hse-dashboard/hse-backend/vendor/laravel/framework/src/Illuminate/Pipeline/Pipeline.php(127): Illuminate/Pipeline/Pipeline->Illuminate/Pipeline/{closure}(Object(Illuminate/Http/Request))
#28 E:/1KERJAAN/Telisik Studio/Dashboard HSE/hse-dashboard/hse-backend/vendor/laravel/sanctum/src/Http/Middleware/EnsureFrontendRequestsAreStateful.php(25): Illuminate/Pipeline/Pipeline->then(Object(Closure))
#29 E:/1KERJAAN/Telisik Studio/Dashboard HSE/hse-dashboard/hse-backend/vendor/laravel/framework/src/Illuminate/Pipeline/Pipeline.php(209): Laravel/Sanctum/Http/Middleware/EnsureFrontendRequestsAreStateful->handle(Object(Illuminate/Http/Request), Object(Closure))
#30 E:/1KERJAAN/Telisik Studio/Dashboard HSE/hse-dashboard/hse-backend/vendor/laravel/framework/src/Illuminate/Pipeline/Pipeline.php(127): Illuminate/Pipeline/Pipeline->Illuminate/Pipeline/{closure}(Object(Illuminate/Http/Request))
#31 E:/1KERJAAN/Telisik Studio/Dashboard HSE/hse-dashboard/hse-backend/vendor/laravel/framework/src/Illuminate/Routing/Router.php(807): Illuminate/Pipeline/Pipeline->then(Object(Closure))
#32 E:/1KERJAAN/Telisik Studio/Dashboard HSE/hse-dashboard/hse-backend/vendor/laravel/framework/src/Illuminate/Routing/Router.php(786): Illuminate/Routing/Router->runRouteWithinStack(Object(Illuminate/Routing/Route), Object(Illuminate/Http/Request))
#33 E:/1KERJAAN/Telisik Studio/Dashboard HSE/hse-dashboard/hse-backend/vendor/laravel/framework/src/Illuminate/Routing/Router.php(750): Illuminate/Routing/Router->runRoute(Object(Illuminate/Http/Request), Object(Illuminate/Routing/Route))
#34 E:/1KERJAAN/Telisik Studio/Dashboard HSE/hse-dashboard/hse-backend/vendor/laravel/framework/src/Illuminate/Routing/Router.php(739): Illuminate/Routing/Router->dispatchToRoute(Object(Illuminate/Http/Request))
#35 E:/1KERJAAN/Telisik Studio/Dashboard HSE/hse-dashboard/hse-backend/vendor/laravel/framework/src/Illuminate/Foundation/Http/Kernel.php(201): Illuminate/Routing/Router->dispatch(Object(Illuminate/Http/Request))
#36 E:/1KERJAAN/Telisik Studio/Dashboard HSE/hse-dashboard/hse-backend/vendor/laravel/framework/src/Illuminate/Pipeline/Pipeline.php(170): Illuminate/Foundation/Http/Kernel->Illuminate/Foundation/Http/{closure}(Object(Illuminate/Http/Request))
#37 E:/1KERJAAN/Telisik Studio/Dashboard HSE/hse-dashboard/hse-backend/vendor/laravel/framework/src/Illuminate/Foundation/Http/Middleware/TransformsRequest.php(21): Illuminate/Pipeline/Pipeline->Illuminate/Pipeline/{closure}(Object(Illuminate/Http/Request))
#38 E:/1KERJAAN/Telisik Studio/Dashboard HSE/hse-dashboard/hse-backend/vendor/laravel/framework/src/Illuminate/Foundation/Http/Middleware/ConvertEmptyStringsToNull.php(31): Illuminate/Foundation/Http/Middleware/TransformsRequest->handle(Object(Illuminate/Http/Request), Object(Closure))
#39 E:/1KERJAAN/Telisik Studio/Dashboard HSE/hse-dashboard/hse-backend/vendor/laravel/framework/src/Illuminate/Pipeline/Pipeline.php(209): Illuminate/Foundation/Http/Middleware/ConvertEmptyStringsToNull->handle(Object(Illuminate/Http/Request), Object(Closure))
#40 E:/1KERJAAN/Telisik Studio/Dashboard HSE/hse-dashboard/hse-backend/vendor/laravel/framework/src/Illuminate/Foundation/Http/Middleware/TransformsRequest.php(21): Illuminate/Pipeline/Pipeline->Illuminate/Pipeline/{closure}(Object(Illuminate/Http/Request))
#41 E:/1KERJAAN/Telisik Studio/Dashboard HSE/hse-dashboard/hse-backend/vendor/laravel/framework/src/Illuminate/Foundation/Http/Middleware/TrimStrings.php(51): Illuminate/Foundation/Http/Middleware/TransformsRequest->handle(Object(Illuminate/Http/Request), Object(Closure))
#42 E:/1KERJAAN/Telisik Studio/Dashboard HSE/hse-dashboard/hse-backend/vendor/laravel/framework/src/Illuminate/Pipeline/Pipeline.php(209): Illuminate/Foundation/Http/Middleware/TrimStrings->handle(Object(Illuminate/Http/Request), Object(Closure))
#43 E:/1KERJAAN/Telisik Studio/Dashboard HSE/hse-dashboard/hse-backend/vendor/laravel/framework/src/Illuminate/Http/Middleware/ValidatePostSize.php(27): Illuminate/Pipeline/Pipeline->Illuminate/Pipeline/{closure}(Object(Illuminate/Http/Request))
#44 E:/1KERJAAN/Telisik Studio/Dashboard HSE/hse-dashboard/hse-backend/vendor/laravel/framework/src/Illuminate/Pipeline/Pipeline.php(209): Illuminate/Http/Middleware/ValidatePostSize->handle(Object(Illuminate/Http/Request), Object(Closure))
#45 E:/1KERJAAN/Telisik Studio/Dashboard HSE/hse-dashboard/hse-backend/vendor/laravel/framework/src/Illuminate/Foundation/Http/Middleware/PreventRequestsDuringMaintenance.php(110): Illuminate/Pipeline/Pipeline->Illuminate/Pipeline/{closure}(Object(Illuminate/Http/Request))
#46 E:/1KERJAAN/Telisik Studio/Dashboard HSE/hse-dashboard/hse-backend/vendor/laravel/framework/src/Illuminate/Pipeline/Pipeline.php(209): Illuminate/Foundation/Http/Middleware/PreventRequestsDuringMaintenance->handle(Object(Illuminate/Http/Request), Object(Closure))
#47 E:/1KERJAAN/Telisik Studio/Dashboard HSE/hse-dashboard/hse-backend/vendor/laravel/framework/src/Illuminate/Http/Middleware/HandleCors.php(62): Illuminate/Pipeline/Pipeline->Illuminate/Pipeline/{closure}(Object(Illuminate/Http/Request))
#48 E:/1KERJAAN/Telisik Studio/Dashboard HSE/hse-dashboard/hse-backend/vendor/laravel/framework/src/Illuminate/Pipeline/Pipeline.php(209): Illuminate/Http/Middleware/HandleCors->handle(Object(Illuminate/Http/Request), Object(Closure))
#49 E:/1KERJAAN/Telisik Studio/Dashboard HSE/hse-dashboard/hse-backend/vendor/laravel/framework/src/Illuminate/Http/Middleware/TrustProxies.php(58): Illuminate/Pipeline/Pipeline->Illuminate/Pipeline/{closure}(Object(Illuminate/Http/Request))
#50 E:/1KERJAAN/Telisik Studio/Dashboard HSE/hse-dashboard/hse-backend/vendor/laravel/framework/src/Illuminate/Pipeline/Pipeline.php(209): Illuminate/Http/Middleware/TrustProxies->handle(Object(Illuminate/Http/Request), Object(Closure))
#51 E:/1KERJAAN/Telisik Studio/Dashboard HSE/hse-dashboard/hse-backend/vendor/laravel/framework/src/Illuminate/Foundation/Http/Middleware/InvokeDeferredCallbacks.php(22): Illuminate/Pipeline/Pipeline->Illuminate/Pipeline/{closure}(Object(Illuminate/Http/Request))
#52 E:/1KERJAAN/Telisik Studio/Dashboard HSE/hse-dashboard/hse-backend/vendor/laravel/framework/src/Illuminate/Pipeline/Pipeline.php(209): Illuminate/Foundation/Http/Middleware/InvokeDeferredCallbacks->handle(Object(Illuminate/Http/Request), Object(Closure))
#53 E:/1KERJAAN/Telisik Studio/Dashboard HSE/hse-dashboard/hse-backend/vendor/laravel/framework/src/Illuminate/Pipeline/Pipeline.php(127): Illuminate/Pipeline/Pipeline->Illuminate/Pipeline/{closure}(Object(Illuminate/Http/Request))
#54 E:/1KERJAAN/Telisik Studio/Dashboard HSE/hse-dashboard/hse-backend/vendor/laravel/framework/src/Illuminate/Foundation/Http/Kernel.php(176): Illuminate/Pipeline/Pipeline->then(Object(Closure))
#55 E:/1KERJAAN/Telisik Studio/Dashboard HSE/hse-dashboard/hse-backend/vendor/laravel/framework/src/Illuminate/Foundation/Http/Kernel.php(145): Illuminate/Foundation/Http/Kernel->sendRequestThroughRouter(Object(Illuminate/Http/Request))
#56 E:/1KERJAAN/Telisik Studio/Dashboard HSE/hse-dashboard/hse-backend/vendor/laravel/framework/src/Illuminate/Foundation/Application.php(1220): Illuminate/Foundation/Http/Kernel->handle(Object(Illuminate/Http/Request))
#57 E:/1KERJAAN/Telisik Studio/Dashboard HSE/hse-dashboard/hse-backend/public/index.php(17): Illuminate/Foundation/Application->handleRequest(Object(Illuminate/Http/Request))
#58 E:/1KERJAAN/Telisik Studio/Dashboard HSE/hse-dashboard/hse-backend/vendor/laravel/framework/src/Illuminate/Foundation/resources/server.php(23): require_once('E://1KERJAAN//Tel...')
#59 {main}
"} 
[2026-08-05 04:25:38] local.ERROR: Class "Barryvdh\DomPDF\Facade\Pdf" not found {"userId":1,"exception":"[object] (Error(code: 0): Class \"Barryvdh\\DomPDF\\Facade\\Pdf\" not found at E:/1KERJAAN/Telisik Studio/Dashboard HSE/hse-dashboard/hse-backend/app/Http/Controllers/Api/DashboardController.php:68)
[stacktrace]
#0 E:/1KERJAAN/Telisik Studio/Dashboard HSE/hse-dashboard/hse-backend/vendor/laravel/framework/src/Illuminate/Routing/ControllerDispatcher.php(47): App/Http/Controllers/Api/DashboardController->export(Object(Illuminate/Http/Request))
#1 E:/1KERJAAN/Telisik Studio/Dashboard HSE/hse-dashboard/hse-backend/vendor/laravel/framework/src/Illuminate/Routing/Route.php(266): Illuminate/Routing/ControllerDispatcher->dispatch(Object(Illuminate/Routing/Route), Object(App/Http/Controllers/Api/DashboardController), 'export')
#2 E:/1KERJAAN/Telisik Studio/Dashboard HSE/hse-dashboard/hse-backend/vendor/laravel/framework/src/Illuminate/Routing/Route.php(212): Illuminate/Routing/Route->runController()
#3 E:/1KERJAAN/Telisik Studio/Dashboard HSE/hse-dashboard/hse-backend/vendor/laravel/framework/src/Illuminate/Routing/Router.php(808): Illuminate/Routing/Route->run()
#4 E:/1KERJAAN/Telisik Studio/Dashboard HSE/hse-dashboard/hse-backend/vendor/laravel/framework/src/Illuminate/Pipeline/Pipeline.php(170): Illuminate/Routing/Router->Illuminate/Routing/{closure}(Object(Illuminate/Http/Request))
#5 E:/1KERJAAN/Telisik Studio/Dashboard HSE/hse-dashboard/hse-backend/vendor/laravel/framework/src/Illuminate/Routing/Middleware/SubstituteBindings.php(51): Illuminate/Pipeline/Pipeline->Illuminate/Pipeline/{closure}(Object(Illuminate/Http/Request))
#6 E:/1KERJAAN/Telisik Studio/Dashboard HSE/hse-dashboard/hse-backend/vendor/laravel/framework/src/Illuminate/Pipeline/Pipeline.php(209): Illuminate/Routing/Middleware/SubstituteBindings->handle(Object(Illuminate/Http/Request), Object(Closure))
#7 E:/1KERJAAN/Telisik Studio/Dashboard HSE/hse-dashboard/hse-backend/vendor/laravel/framework/src/Illuminate/Auth/Middleware/Authenticate.php(64): Illuminate/Pipeline/Pipeline->Illuminate/Pipeline/{closure}(Object(Illuminate/Http/Request))
#8 E:/1KERJAAN/Telisik Studio/Dashboard HSE/hse-dashboard/hse-backend/vendor/laravel/framework/src/Illuminate/Pipeline/Pipeline.php(209): Illuminate/Auth/Middleware/Authenticate->handle(Object(Illuminate/Http/Request), Object(Closure), 'sanctum')
#9 E:/1KERJAAN/Telisik Studio/Dashboard HSE/hse-dashboard/hse-backend/vendor/laravel/sanctum/src/Http/Middleware/EnsureFrontendRequestsAreStateful.php(26): Illuminate/Pipeline/Pipeline->Illuminate/Pipeline/{closure}(Object(Illuminate/Http/Request))
#10 E:/1KERJAAN/Telisik Studio/Dashboard HSE/hse-dashboard/hse-backend/vendor/laravel/framework/src/Illuminate/Pipeline/Pipeline.php(170): Laravel/Sanctum/Http/Middleware/EnsureFrontendRequestsAreStateful->Laravel/Sanctum/Http/Middleware/{closure}(Object(Illuminate/Http/Request))
#11 E:/1KERJAAN/Telisik Studio/Dashboard HSE/hse-dashboard/hse-backend/vendor/laravel/sanctum/src/Http/Middleware/AuthenticateSession.php(60): Illuminate/Pipeline/Pipeline->Illuminate/Pipeline/{closure}(Object(Illuminate/Http/Request))
#12 E:/1KERJAAN/Telisik Studio/Dashboard HSE/hse-dashboard/hse-backend/vendor/laravel/framework/src/Illuminate/Pipeline/Pipeline.php(209): Laravel/Sanctum/Http/Middleware/AuthenticateSession->handle(Object(Illuminate/Http/Request), Object(Closure))
#13 E:/1KERJAAN/Telisik Studio/Dashboard HSE/hse-dashboard/hse-backend/vendor/laravel/framework/src/Illuminate/Foundation/Http/Middleware/VerifyCsrfToken.php(88): Illuminate/Pipeline/Pipeline->Illuminate/Pipeline/{closure}(Object(Illuminate/Http/Request))
#14 E:/1KERJAAN/Telisik Studio/Dashboard HSE/hse-dashboard/hse-backend/vendor/laravel/framework/src/Illuminate/Pipeline/Pipeline.php(209): Illuminate/Foundation/Http/Middleware/VerifyCsrfToken->handle(Object(Illuminate/Http/Request), Object(Closure))
#15 E:/1KERJAAN/Telisik Studio/Dashboard HSE/hse-dashboard/hse-backend/vendor/laravel/framework/src/Illuminate/Session/Middleware/StartSession.php(121): Illuminate/Pipeline/Pipeline->Illuminate/Pipeline/{closure}(Object(Illuminate/Http/Request))
#16 E:/1KERJAAN/Telisik Studio/Dashboard HSE/hse-dashboard/hse-backend/vendor/laravel/framework/src/Illuminate/Session/Middleware/StartSession.php(64): Illuminate/Session/Middleware/StartSession->handleStatefulRequest(Object(Illuminate/Http/Request), Object(Illuminate/Session/Store), Object(Closure))
#17 E:/1KERJAAN/Telisik Studio/Dashboard HSE/hse-dashboard/hse-backend/vendor/laravel/framework/src/Illuminate/Pipeline/Pipeline.php(209): Illuminate/Session/Middleware/StartSession->handle(Object(Illuminate/Http/Request), Object(Closure))
#18 E:/1KERJAAN/Telisik Studio/Dashboard HSE/hse-dashboard/hse-backend/vendor/laravel/framework/src/Illuminate/Cookie/Middleware/AddQueuedCookiesToResponse.php(37): Illuminate/Pipeline/Pipeline->Illuminate/Pipeline/{closure}(Object(Illuminate/Http/Request))
#19 E:/1KERJAAN/Telisik Studio/Dashboard HSE/hse-dashboard/hse-backend/vendor/laravel/framework/src/Illuminate/Pipeline/Pipeline.php(209): Illuminate/Cookie/Middleware/AddQueuedCookiesToResponse->handle(Object(Illuminate/Http/Request), Object(Closure))
#20 E:/1KERJAAN/Telisik Studio/Dashboard HSE/hse-dashboard/hse-backend/vendor/laravel/framework/src/Illuminate/Cookie/Middleware/EncryptCookies.php(75): Illuminate/Pipeline/Pipeline->Illuminate/Pipeline/{closure}(Object(Illuminate/Http/Request))
#21 E:/1KERJAAN/Telisik Studio/Dashboard HSE/hse-dashboard/hse-backend/vendor/laravel/framework/src/Illuminate/Pipeline/Pipeline.php(209): Illuminate/Cookie/Middleware/EncryptCookies->handle(Object(Illuminate/Http/Request), Object(Closure))
#22 E:/1KERJAAN/Telisik Studio/Dashboard HSE/hse-dashboard/hse-backend/vendor/laravel/sanctum/src/Http/Middleware/EnsureFrontendRequestsAreStateful.php(61): Illuminate/Pipeline/Pipeline->Illuminate/Pipeline/{closure}(Object(Illuminate/Http/Request))
#23 E:/1KERJAAN/Telisik Studio/Dashboard HSE/hse-dashboard/hse-backend/vendor/laravel/framework/src/Illuminate/Pipeline/Pipeline.php(191): Laravel/Sanctum/Http/Middleware/EnsureFrontendRequestsAreStateful->Laravel/Sanctum/Http/Middleware/{closure}(Object(Illuminate/Http/Request), Object(Closure))
#24 E:/1KERJAAN/Telisik Studio/Dashboard HSE/hse-dashboard/hse-backend/vendor/laravel/framework/src/Illuminate/Pipeline/Pipeline.php(127): Illuminate/Pipeline/Pipeline->Illuminate/Pipeline/{closure}(Object(Illuminate/Http/Request))
#25 E:/1KERJAAN/Telisik Studio/Dashboard HSE/hse-dashboard/hse-backend/vendor/laravel/sanctum/src/Http/Middleware/EnsureFrontendRequestsAreStateful.php(25): Illuminate/Pipeline/Pipeline->then(Object(Closure))
#26 E:/1KERJAAN/Telisik Studio/Dashboard HSE/hse-dashboard/hse-backend/vendor/laravel/framework/src/Illuminate/Pipeline/Pipeline.php(209): Laravel/Sanctum/Http/Middleware/EnsureFrontendRequestsAreStateful->handle(Object(Illuminate/Http/Request), Object(Closure))
#27 E:/1KERJAAN/Telisik Studio/Dashboard HSE/hse-dashboard/hse-backend/vendor/laravel/framework/src/Illuminate/Pipeline/Pipeline.php(127): Illuminate/Pipeline/Pipeline->Illuminate/Pipeline/{closure}(Object(Illuminate/Http/Request))
#28 E:/1KERJAAN/Telisik Studio/Dashboard HSE/hse-dashboard/hse-backend/vendor/laravel/framework/src/Illuminate/Routing/Router.php(807): Illuminate/Pipeline/Pipeline->then(Object(Closure))
#29 E:/1KERJAAN/Telisik Studio/Dashboard HSE/hse-dashboard/hse-backend/vendor/laravel/framework/src/Illuminate/Routing/Router.php(786): Illuminate/Routing/Router->runRouteWithinStack(Object(Illuminate/Routing/Route), Object(Illuminate/Http/Request))
#30 E:/1KERJAAN/Telisik Studio/Dashboard HSE/hse-dashboard/hse-backend/vendor/laravel/framework/src/Illuminate/Routing/Router.php(750): Illuminate/Routing/Router->runRoute(Object(Illuminate/Http/Request), Object(Illuminate/Routing/Route))
#31 E:/1KERJAAN/Telisik Studio/Dashboard HSE/hse-dashboard/hse-backend/vendor/laravel/framework/src/Illuminate/Routing/Router.php(739): Illuminate/Routing/Router->dispatchToRoute(Object(Illuminate/Http/Request))
#32 E:/1KERJAAN/Telisik Studio/Dashboard HSE/hse-dashboard/hse-backend/vendor/laravel/framework/src/Illuminate/Foundation/Http/Kernel.php(201): Illuminate/Routing/Router->dispatch(Object(Illuminate/Http/Request))
#33 E:/1KERJAAN/Telisik Studio/Dashboard HSE/hse-dashboard/hse-backend/vendor/laravel/framework/src/Illuminate/Pipeline/Pipeline.php(170): Illuminate/Foundation/Http/Kernel->Illuminate/Foundation/Http/{closure}(Object(Illuminate/Http/Request))
#34 E:/1KERJAAN/Telisik Studio/Dashboard HSE/hse-dashboard/hse-backend/vendor/laravel/framework/src/Illuminate/Foundation/Http/Middleware/TransformsRequest.php(21): Illuminate/Pipeline/Pipeline->Illuminate/Pipeline/{closure}(Object(Illuminate/Http/Request))
#35 E:/1KERJAAN/Telisik Studio/Dashboard HSE/hse-dashboard/hse-backend/vendor/laravel/framework/src/Illuminate/Foundation/Http/Middleware/ConvertEmptyStringsToNull.php(31): Illuminate/Foundation/Http/Middleware/TransformsRequest->handle(Object(Illuminate/Http/Request), Object(Closure))
#36 E:/1KERJAAN/Telisik Studio/Dashboard HSE/hse-dashboard/hse-backend/vendor/laravel/framework/src/Illuminate/Pipeline/Pipeline.php(209): Illuminate/Foundation/Http/Middleware/ConvertEmptyStringsToNull->handle(Object(Illuminate/Http/Request), Object(Closure))
#37 E:/1KERJAAN/Telisik Studio/Dashboard HSE/hse-dashboard/hse-backend/vendor/laravel/framework/src/Illuminate/Foundation/Http/Middleware/TransformsRequest.php(21): Illuminate/Pipeline/Pipeline->Illuminate/Pipeline/{closure}(Object(Illuminate/Http/Request))
#38 E:/1KERJAAN/Telisik Studio/Dashboard HSE/hse-dashboard/hse-backend/vendor/laravel/framework/src/Illuminate/Foundation/Http/Middleware/TrimStrings.php(51): Illuminate/Foundation/Http/Middleware/TransformsRequest->handle(Object(Illuminate/Http/Request), Object(Closure))
#39 E:/1KERJAAN/Telisik Studio/Dashboard HSE/hse-dashboard/hse-backend/vendor/laravel/framework/src/Illuminate/Pipeline/Pipeline.php(209): Illuminate/Foundation/Http/Middleware/TrimStrings->handle(Object(Illuminate/Http/Request), Object(Closure))
#40 E:/1KERJAAN/Telisik Studio/Dashboard HSE/hse-dashboard/hse-backend/vendor/laravel/framework/src/Illuminate/Http/Middleware/ValidatePostSize.php(27): Illuminate/Pipeline/Pipeline->Illuminate/Pipeline/{closure}(Object(Illuminate/Http/Request))
#41 E:/1KERJAAN/Telisik Studio/Dashboard HSE/hse-dashboard/hse-backend/vendor/laravel/framework/src/Illuminate/Pipeline/Pipeline.php(209): Illuminate/Http/Middleware/ValidatePostSize->handle(Object(Illuminate/Http/Request), Object(Closure))
#42 E:/1KERJAAN/Telisik Studio/Dashboard HSE/hse-dashboard/hse-backend/vendor/laravel/framework/src/Illuminate/Foundation/Http/Middleware/PreventRequestsDuringMaintenance.php(110): Illuminate/Pipeline/Pipeline->Illuminate/Pipeline/{closure}(Object(Illuminate/Http/Request))
#43 E:/1KERJAAN/Telisik Studio/Dashboard HSE/hse-dashboard/hse-backend/vendor/laravel/framework/src/Illuminate/Pipeline/Pipeline.php(209): Illuminate/Foundation/Http/Middleware/PreventRequestsDuringMaintenance->handle(Object(Illuminate/Http/Request), Object(Closure))
#44 E:/1KERJAAN/Telisik Studio/Dashboard HSE/hse-dashboard/hse-backend/vendor/laravel/framework/src/Illuminate/Http/Middleware/HandleCors.php(62): Illuminate/Pipeline/Pipeline->Illuminate/Pipeline/{closure}(Object(Illuminate/Http/Request))
#45 E:/1KERJAAN/Telisik Studio/Dashboard HSE/hse-dashboard/hse-backend/vendor/laravel/framework/src/Illuminate/Pipeline/Pipeline.php(209): Illuminate/Http/Middleware/HandleCors->handle(Object(Illuminate/Http/Request), Object(Closure))
#46 E:/1KERJAAN/Telisik Studio/Dashboard HSE/hse-dashboard/hse-backend/vendor/laravel/framework/src/Illuminate/Http/Middleware/TrustProxies.php(58): Illuminate/Pipeline/Pipeline->Illuminate/Pipeline/{closure}(Object(Illuminate/Http/Request))
#47 E:/1KERJAAN/Telisik Studio/Dashboard HSE/hse-dashboard/hse-backend/vendor/laravel/framework/src/Illuminate/Pipeline/Pipeline.php(209): Illuminate/Http/Middleware/TrustProxies->handle(Object(Illuminate/Http/Request), Object(Closure))
#48 E:/1KERJAAN/Telisik Studio/Dashboard HSE/hse-dashboard/hse-backend/vendor/laravel/framework/src/Illuminate/Foundation/Http/Middleware/InvokeDeferredCallbacks.php(22): Illuminate/Pipeline/Pipeline->Illuminate/Pipeline/{closure}(Object(Illuminate/Http/Request))
#49 E:/1KERJAAN/Telisik Studio/Dashboard HSE/hse-dashboard/hse-backend/vendor/laravel/framework/src/Illuminate/Pipeline/Pipeline.php(209): Illuminate/Foundation/Http/Middleware/InvokeDeferredCallbacks->handle(Object(Illuminate/Http/Request), Object(Closure))
#50 E:/1KERJAAN/Telisik Studio/Dashboard HSE/hse-dashboard/hse-backend/vendor/laravel/framework/src/Illuminate/Pipeline/Pipeline.php(127): Illuminate/Pipeline/Pipeline->Illuminate/Pipeline/{closure}(Object(Illuminate/Http/Request))
#51 E:/1KERJAAN/Telisik Studio/Dashboard HSE/hse-dashboard/hse-backend/vendor/laravel/framework/src/Illuminate/Foundation/Http/Kernel.php(176): Illuminate/Pipeline/Pipeline->then(Object(Closure))
#52 E:/1KERJAAN/Telisik Studio/Dashboard HSE/hse-dashboard/hse-backend/vendor/laravel/framework/src/Illuminate/Foundation/Http/Kernel.php(145): Illuminate/Foundation/Http/Kernel->sendRequestThroughRouter(Object(Illuminate/Http/Request))
#53 E:/1KERJAAN/Telisik Studio/Dashboard HSE/hse-dashboard/hse-backend/vendor/laravel/framework/src/Illuminate/Foundation/Application.php(1220): Illuminate/Foundation/Http/Kernel->handle(Object(Illuminate/Http/Request))
#54 E:/1KERJAAN/Telisik Studio/Dashboard HSE/hse-dashboard/hse-backend/public/index.php(17): Illuminate/Foundation/Application->handleRequest(Object(Illuminate/Http/Request))
#55 E:/1KERJAAN/Telisik Studio/Dashboard HSE/hse-dashboard/hse-backend/vendor/laravel/framework/src/Illuminate/Foundation/resources/server.php(23): require_once('E://1KERJAAN//Tel...')
#56 {main}
"} 
[2026-08-05 04:32:47] local.ERROR: Interface "Maatwebsite\Excel\Concerns\FromArray" not found {"userId":1,"exception":"[object] (Error(code: 0): Interface \"Maatwebsite\\Excel\\Concerns\\FromArray\" not found at E:/1KERJAAN/Telisik Studio/Dashboard HSE/hse-dashboard/hse-backend/app/Exports/DashboardSummaryExport.php:15)
[stacktrace]
#0 E:/1KERJAAN/Telisik Studio/Dashboard HSE/hse-dashboard/hse-backend/vendor/composer/ClassLoader.php(576): include()
#1 E:/1KERJAAN/Telisik Studio/Dashboard HSE/hse-dashboard/hse-backend/vendor/composer/ClassLoader.php(427): Composer/Autoload/{closure}('E://1KERJAAN//Tel...')
#2 E:/1KERJAAN/Telisik Studio/Dashboard HSE/hse-dashboard/hse-backend/app/Http/Controllers/Api/DashboardController.php(75): Composer/Autoload/ClassLoader->loadClass('App//Exports//Das...')
#3 E:/1KERJAAN/Telisik Studio/Dashboard HSE/hse-dashboard/hse-backend/vendor/laravel/framework/src/Illuminate/Routing/ControllerDispatcher.php(47): App/Http/Controllers/Api/DashboardController->export(Object(Illuminate/Http/Request))
#4 E:/1KERJAAN/Telisik Studio/Dashboard HSE/hse-dashboard/hse-backend/vendor/laravel/framework/src/Illuminate/Routing/Route.php(266): Illuminate/Routing/ControllerDispatcher->dispatch(Object(Illuminate/Routing/Route), Object(App/Http/Controllers/Api/DashboardController), 'export')
#5 E:/1KERJAAN/Telisik Studio/Dashboard HSE/hse-dashboard/hse-backend/vendor/laravel/framework/src/Illuminate/Routing/Route.php(212): Illuminate/Routing/Route->runController()
#6 E:/1KERJAAN/Telisik Studio/Dashboard HSE/hse-dashboard/hse-backend/vendor/laravel/framework/src/Illuminate/Routing/Router.php(808): Illuminate/Routing/Route->run()
#7 E:/1KERJAAN/Telisik Studio/Dashboard HSE/hse-dashboard/hse-backend/vendor/laravel/framework/src/Illuminate/Pipeline/Pipeline.php(170): Illuminate/Routing/Router->Illuminate/Routing/{closure}(Object(Illuminate/Http/Request))
#8 E:/1KERJAAN/Telisik Studio/Dashboard HSE/hse-dashboard/hse-backend/vendor/laravel/framework/src/Illuminate/Routing/Middleware/SubstituteBindings.php(51): Illuminate/Pipeline/Pipeline->Illuminate/Pipeline/{closure}(Object(Illuminate/Http/Request))
#9 E:/1KERJAAN/Telisik Studio/Dashboard HSE/hse-dashboard/hse-backend/vendor/laravel/framework/src/Illuminate/Pipeline/Pipeline.php(209): Illuminate/Routing/Middleware/SubstituteBindings->handle(Object(Illuminate/Http/Request), Object(Closure))
#10 E:/1KERJAAN/Telisik Studio/Dashboard HSE/hse-dashboard/hse-backend/vendor/laravel/framework/src/Illuminate/Auth/Middleware/Authenticate.php(64): Illuminate/Pipeline/Pipeline->Illuminate/Pipeline/{closure}(Object(Illuminate/Http/Request))
#11 E:/1KERJAAN/Telisik Studio/Dashboard HSE/hse-dashboard/hse-backend/vendor/laravel/framework/src/Illuminate/Pipeline/Pipeline.php(209): Illuminate/Auth/Middleware/Authenticate->handle(Object(Illuminate/Http/Request), Object(Closure), 'sanctum')
#12 E:/1KERJAAN/Telisik Studio/Dashboard HSE/hse-dashboard/hse-backend/vendor/laravel/sanctum/src/Http/Middleware/EnsureFrontendRequestsAreStateful.php(26): Illuminate/Pipeline/Pipeline->Illuminate/Pipeline/{closure}(Object(Illuminate/Http/Request))
#13 E:/1KERJAAN/Telisik Studio/Dashboard HSE/hse-dashboard/hse-backend/vendor/laravel/framework/src/Illuminate/Pipeline/Pipeline.php(170): Laravel/Sanctum/Http/Middleware/EnsureFrontendRequestsAreStateful->Laravel/Sanctum/Http/Middleware/{closure}(Object(Illuminate/Http/Request))
#14 E:/1KERJAAN/Telisik Studio/Dashboard HSE/hse-dashboard/hse-backend/vendor/laravel/sanctum/src/Http/Middleware/AuthenticateSession.php(60): Illuminate/Pipeline/Pipeline->Illuminate/Pipeline/{closure}(Object(Illuminate/Http/Request))
#15 E:/1KERJAAN/Telisik Studio/Dashboard HSE/hse-dashboard/hse-backend/vendor/laravel/framework/src/Illuminate/Pipeline/Pipeline.php(209): Laravel/Sanctum/Http/Middleware/AuthenticateSession->handle(Object(Illuminate/Http/Request), Object(Closure))
#16 E:/1KERJAAN/Telisik Studio/Dashboard HSE/hse-dashboard/hse-backend/vendor/laravel/framework/src/Illuminate/Foundation/Http/Middleware/VerifyCsrfToken.php(88): Illuminate/Pipeline/Pipeline->Illuminate/Pipeline/{closure}(Object(Illuminate/Http/Request))
#17 E:/1KERJAAN/Telisik Studio/Dashboard HSE/hse-dashboard/hse-backend/vendor/laravel/framework/src/Illuminate/Pipeline/Pipeline.php(209): Illuminate/Foundation/Http/Middleware/VerifyCsrfToken->handle(Object(Illuminate/Http/Request), Object(Closure))
#18 E:/1KERJAAN/Telisik Studio/Dashboard HSE/hse-dashboard/hse-backend/vendor/laravel/framework/src/Illuminate/Session/Middleware/StartSession.php(121): Illuminate/Pipeline/Pipeline->Illuminate/Pipeline/{closure}(Object(Illuminate/Http/Request))
#19 E:/1KERJAAN/Telisik Studio/Dashboard HSE/hse-dashboard/hse-backend/vendor/laravel/framework/src/Illuminate/Session/Middleware/StartSession.php(64): Illuminate/Session/Middleware/StartSession->handleStatefulRequest(Object(Illuminate/Http/Request), Object(Illuminate/Session/Store), Object(Closure))
#20 E:/1KERJAAN/Telisik Studio/Dashboard HSE/hse-dashboard/hse-backend/vendor/laravel/framework/src/Illuminate/Pipeline/Pipeline.php(209): Illuminate/Session/Middleware/StartSession->handle(Object(Illuminate/Http/Request), Object(Closure))
#21 E:/1KERJAAN/Telisik Studio/Dashboard HSE/hse-dashboard/hse-backend/vendor/laravel/framework/src/Illuminate/Cookie/Middleware/AddQueuedCookiesToResponse.php(37): Illuminate/Pipeline/Pipeline->Illuminate/Pipeline/{closure}(Object(Illuminate/Http/Request))
#22 E:/1KERJAAN/Telisik Studio/Dashboard HSE/hse-dashboard/hse-backend/vendor/laravel/framework/src/Illuminate/Pipeline/Pipeline.php(209): Illuminate/Cookie/Middleware/AddQueuedCookiesToResponse->handle(Object(Illuminate/Http/Request), Object(Closure))
#23 E:/1KERJAAN/Telisik Studio/Dashboard HSE/hse-dashboard/hse-backend/vendor/laravel/framework/src/Illuminate/Cookie/Middleware/EncryptCookies.php(75): Illuminate/Pipeline/Pipeline->Illuminate/Pipeline/{closure}(Object(Illuminate/Http/Request))
#24 E:/1KERJAAN/Telisik Studio/Dashboard HSE/hse-dashboard/hse-backend/vendor/laravel/framework/src/Illuminate/Pipeline/Pipeline.php(209): Illuminate/Cookie/Middleware/EncryptCookies->handle(Object(Illuminate/Http/Request), Object(Closure))
#25 E:/1KERJAAN/Telisik Studio/Dashboard HSE/hse-dashboard/hse-backend/vendor/laravel/sanctum/src/Http/Middleware/EnsureFrontendRequestsAreStateful.php(61): Illuminate/Pipeline/Pipeline->Illuminate/Pipeline/{closure}(Object(Illuminate/Http/Request))
#26 E:/1KERJAAN/Telisik Studio/Dashboard HSE/hse-dashboard/hse-backend/vendor/laravel/framework/src/Illuminate/Pipeline/Pipeline.php(191): Laravel/Sanctum/Http/Middleware/EnsureFrontendRequestsAreStateful->Laravel/Sanctum/Http/Middleware/{closure}(Object(Illuminate/Http/Request), Object(Closure))
#27 E:/1KERJAAN/Telisik Studio/Dashboard HSE/hse-dashboard/hse-backend/vendor/laravel/framework/src/Illuminate/Pipeline/Pipeline.php(127): Illuminate/Pipeline/Pipeline->Illuminate/Pipeline/{closure}(Object(Illuminate/Http/Request))
#28 E:/1KERJAAN/Telisik Studio/Dashboard HSE/hse-dashboard/hse-backend/vendor/laravel/sanctum/src/Http/Middleware/EnsureFrontendRequestsAreStateful.php(25): Illuminate/Pipeline/Pipeline->then(Object(Closure))
#29 E:/1KERJAAN/Telisik Studio/Dashboard HSE/hse-dashboard/hse-backend/vendor/laravel/framework/src/Illuminate/Pipeline/Pipeline.php(209): Laravel/Sanctum/Http/Middleware/EnsureFrontendRequestsAreStateful->handle(Object(Illuminate/Http/Request), Object(Closure))
#30 E:/1KERJAAN/Telisik Studio/Dashboard HSE/hse-dashboard/hse-backend/vendor/laravel/framework/src/Illuminate/Pipeline/Pipeline.php(127): Illuminate/Pipeline/Pipeline->Illuminate/Pipeline/{closure}(Object(Illuminate/Http/Request))
#31 E:/1KERJAAN/Telisik Studio/Dashboard HSE/hse-dashboard/hse-backend/vendor/laravel/framework/src/Illuminate/Routing/Router.php(807): Illuminate/Pipeline/Pipeline->then(Object(Closure))
#32 E:/1KERJAAN/Telisik Studio/Dashboard HSE/hse-dashboard/hse-backend/vendor/laravel/framework/src/Illuminate/Routing/Router.php(786): Illuminate/Routing/Router->runRouteWithinStack(Object(Illuminate/Routing/Route), Object(Illuminate/Http/Request))
#33 E:/1KERJAAN/Telisik Studio/Dashboard HSE/hse-dashboard/hse-backend/vendor/laravel/framework/src/Illuminate/Routing/Router.php(750): Illuminate/Routing/Router->runRoute(Object(Illuminate/Http/Request), Object(Illuminate/Routing/Route))
#34 E:/1KERJAAN/Telisik Studio/Dashboard HSE/hse-dashboard/hse-backend/vendor/laravel/framework/src/Illuminate/Routing/Router.php(739): Illuminate/Routing/Router->dispatchToRoute(Object(Illuminate/Http/Request))
#35 E:/1KERJAAN/Telisik Studio/Dashboard HSE/hse-dashboard/hse-backend/vendor/laravel/framework/src/Illuminate/Foundation/Http/Kernel.php(201): Illuminate/Routing/Router->dispatch(Object(Illuminate/Http/Request))
#36 E:/1KERJAAN/Telisik Studio/Dashboard HSE/hse-dashboard/hse-backend/vendor/laravel/framework/src/Illuminate/Pipeline/Pipeline.php(170): Illuminate/Foundation/Http/Kernel->Illuminate/Foundation/Http/{closure}(Object(Illuminate/Http/Request))
#37 E:/1KERJAAN/Telisik Studio/Dashboard HSE/hse-dashboard/hse-backend/vendor/laravel/framework/src/Illuminate/Foundation/Http/Middleware/TransformsRequest.php(21): Illuminate/Pipeline/Pipeline->Illuminate/Pipeline/{closure}(Object(Illuminate/Http/Request))
#38 E:/1KERJAAN/Telisik Studio/Dashboard HSE/hse-dashboard/hse-backend/vendor/laravel/framework/src/Illuminate/Foundation/Http/Middleware/ConvertEmptyStringsToNull.php(31): Illuminate/Foundation/Http/Middleware/TransformsRequest->handle(Object(Illuminate/Http/Request), Object(Closure))
#39 E:/1KERJAAN/Telisik Studio/Dashboard HSE/hse-dashboard/hse-backend/vendor/laravel/framework/src/Illuminate/Pipeline/Pipeline.php(209): Illuminate/Foundation/Http/Middleware/ConvertEmptyStringsToNull->handle(Object(Illuminate/Http/Request), Object(Closure))
#40 E:/1KERJAAN/Telisik Studio/Dashboard HSE/hse-dashboard/hse-backend/vendor/laravel/framework/src/Illuminate/Foundation/Http/Middleware/TransformsRequest.php(21): Illuminate/Pipeline/Pipeline->Illuminate/Pipeline/{closure}(Object(Illuminate/Http/Request))
#41 E:/1KERJAAN/Telisik Studio/Dashboard HSE/hse-dashboard/hse-backend/vendor/laravel/framework/src/Illuminate/Foundation/Http/Middleware/TrimStrings.php(51): Illuminate/Foundation/Http/Middleware/TransformsRequest->handle(Object(Illuminate/Http/Request), Object(Closure))
#42 E:/1KERJAAN/Telisik Studio/Dashboard HSE/hse-dashboard/hse-backend/vendor/laravel/framework/src/Illuminate/Pipeline/Pipeline.php(209): Illuminate/Foundation/Http/Middleware/TrimStrings->handle(Object(Illuminate/Http/Request), Object(Closure))
#43 E:/1KERJAAN/Telisik Studio/Dashboard HSE/hse-dashboard/hse-backend/vendor/laravel/framework/src/Illuminate/Http/Middleware/ValidatePostSize.php(27): Illuminate/Pipeline/Pipeline->Illuminate/Pipeline/{closure}(Object(Illuminate/Http/Request))
#44 E:/1KERJAAN/Telisik Studio/Dashboard HSE/hse-dashboard/hse-backend/vendor/laravel/framework/src/Illuminate/Pipeline/Pipeline.php(209): Illuminate/Http/Middleware/ValidatePostSize->handle(Object(Illuminate/Http/Request), Object(Closure))
#45 E:/1KERJAAN/Telisik Studio/Dashboard HSE/hse-dashboard/hse-backend/vendor/laravel/framework/src/Illuminate/Foundation/Http/Middleware/PreventRequestsDuringMaintenance.php(110): Illuminate/Pipeline/Pipeline->Illuminate/Pipeline/{closure}(Object(Illuminate/Http/Request))
#46 E:/1KERJAAN/Telisik Studio/Dashboard HSE/hse-dashboard/hse-backend/vendor/laravel/framework/src/Illuminate/Pipeline/Pipeline.php(209): Illuminate/Foundation/Http/Middleware/PreventRequestsDuringMaintenance->handle(Object(Illuminate/Http/Request), Object(Closure))
#47 E:/1KERJAAN/Telisik Studio/Dashboard HSE/hse-dashboard/hse-backend/vendor/laravel/framework/src/Illuminate/Http/Middleware/HandleCors.php(62): Illuminate/Pipeline/Pipeline->Illuminate/Pipeline/{closure}(Object(Illuminate/Http/Request))
#48 E:/1KERJAAN/Telisik Studio/Dashboard HSE/hse-dashboard/hse-backend/vendor/laravel/framework/src/Illuminate/Pipeline/Pipeline.php(209): Illuminate/Http/Middleware/HandleCors->handle(Object(Illuminate/Http/Request), Object(Closure))
#49 E:/1KERJAAN/Telisik Studio/Dashboard HSE/hse-dashboard/hse-backend/vendor/laravel/framework/src/Illuminate/Http/Middleware/TrustProxies.php(58): Illuminate/Pipeline/Pipeline->Illuminate/Pipeline/{closure}(Object(Illuminate/Http/Request))
#50 E:/1KERJAAN/Telisik Studio/Dashboard HSE/hse-dashboard/hse-backend/vendor/laravel/framework/src/Illuminate/Pipeline/Pipeline.php(209): Illuminate/Http/Middleware/TrustProxies->handle(Object(Illuminate/Http/Request), Object(Closure))
#51 E:/1KERJAAN/Telisik Studio/Dashboard HSE/hse-dashboard/hse-backend/vendor/laravel/framework/src/Illuminate/Foundation/Http/Middleware/InvokeDeferredCallbacks.php(22): Illuminate/Pipeline/Pipeline->Illuminate/Pipeline/{closure}(Object(Illuminate/Http/Request))
#52 E:/1KERJAAN/Telisik Studio/Dashboard HSE/hse-dashboard/hse-backend/vendor/laravel/framework/src/Illuminate/Pipeline/Pipeline.php(209): Illuminate/Foundation/Http/Middleware/InvokeDeferredCallbacks->handle(Object(Illuminate/Http/Request), Object(Closure))
#53 E:/1KERJAAN/Telisik Studio/Dashboard HSE/hse-dashboard/hse-backend/vendor/laravel/framework/src/Illuminate/Pipeline/Pipeline.php(127): Illuminate/Pipeline/Pipeline->Illuminate/Pipeline/{closure}(Object(Illuminate/Http/Request))
#54 E:/1KERJAAN/Telisik Studio/Dashboard HSE/hse-dashboard/hse-backend/vendor/laravel/framework/src/Illuminate/Foundation/Http/Kernel.php(176): Illuminate/Pipeline/Pipeline->then(Object(Closure))
#55 E:/1KERJAAN/Telisik Studio/Dashboard HSE/hse-dashboard/hse-backend/vendor/laravel/framework/src/Illuminate/Foundation/Http/Kernel.php(145): Illuminate/Foundation/Http/Kernel->sendRequestThroughRouter(Object(Illuminate/Http/Request))
#56 E:/1KERJAAN/Telisik Studio/Dashboard HSE/hse-dashboard/hse-backend/vendor/laravel/framework/src/Illuminate/Foundation/Application.php(1220): Illuminate/Foundation/Http/Kernel->handle(Object(Illuminate/Http/Request))
#57 E:/1KERJAAN/Telisik Studio/Dashboard HSE/hse-dashboard/hse-backend/public/index.php(17): Illuminate/Foundation/Application->handleRequest(Object(Illuminate/Http/Request))
#58 E:/1KERJAAN/Telisik Studio/Dashboard HSE/hse-dashboard/hse-backend/vendor/laravel/framework/src/Illuminate/Foundation/resources/server.php(23): require_once('E://1KERJAAN//Tel...')
#59 {main}
"} 
[2026-08-05 04:32:52] local.ERROR: Interface "Maatwebsite\Excel\Concerns\FromArray" not found {"userId":1,"exception":"[object] (Error(code: 0): Interface \"Maatwebsite\\Excel\\Concerns\\FromArray\" not found at E:/1KERJAAN/Telisik Studio/Dashboard HSE/hse-dashboard/hse-backend/app/Exports/DashboardSummaryExport.php:15)
[stacktrace]
#0 E:/1KERJAAN/Telisik Studio/Dashboard HSE/hse-dashboard/hse-backend/vendor/composer/ClassLoader.php(576): include()
#1 E:/1KERJAAN/Telisik Studio/Dashboard HSE/hse-dashboard/hse-backend/vendor/composer/ClassLoader.php(427): Composer/Autoload/{closure}('E://1KERJAAN//Tel...')
#2 E:/1KERJAAN/Telisik Studio/Dashboard HSE/hse-dashboard/hse-backend/app/Http/Controllers/Api/DashboardController.php(75): Composer/Autoload/ClassLoader->loadClass('App//Exports//Das...')
#3 E:/1KERJAAN/Telisik Studio/Dashboard HSE/hse-dashboard/hse-backend/vendor/laravel/framework/src/Illuminate/Routing/ControllerDispatcher.php(47): App/Http/Controllers/Api/DashboardController->export(Object(Illuminate/Http/Request))
#4 E:/1KERJAAN/Telisik Studio/Dashboard HSE/hse-dashboard/hse-backend/vendor/laravel/framework/src/Illuminate/Routing/Route.php(266): Illuminate/Routing/ControllerDispatcher->dispatch(Object(Illuminate/Routing/Route), Object(App/Http/Controllers/Api/DashboardController), 'export')
#5 E:/1KERJAAN/Telisik Studio/Dashboard HSE/hse-dashboard/hse-backend/vendor/laravel/framework/src/Illuminate/Routing/Route.php(212): Illuminate/Routing/Route->runController()
#6 E:/1KERJAAN/Telisik Studio/Dashboard HSE/hse-dashboard/hse-backend/vendor/laravel/framework/src/Illuminate/Routing/Router.php(808): Illuminate/Routing/Route->run()
#7 E:/1KERJAAN/Telisik Studio/Dashboard HSE/hse-dashboard/hse-backend/vendor/laravel/framework/src/Illuminate/Pipeline/Pipeline.php(170): Illuminate/Routing/Router->Illuminate/Routing/{closure}(Object(Illuminate/Http/Request))
#8 E:/1KERJAAN/Telisik Studio/Dashboard HSE/hse-dashboard/hse-backend/vendor/laravel/framework/src/Illuminate/Routing/Middleware/SubstituteBindings.php(51): Illuminate/Pipeline/Pipeline->Illuminate/Pipeline/{closure}(Object(Illuminate/Http/Request))
#9 E:/1KERJAAN/Telisik Studio/Dashboard HSE/hse-dashboard/hse-backend/vendor/laravel/framework/src/Illuminate/Pipeline/Pipeline.php(209): Illuminate/Routing/Middleware/SubstituteBindings->handle(Object(Illuminate/Http/Request), Object(Closure))
#10 E:/1KERJAAN/Telisik Studio/Dashboard HSE/hse-dashboard/hse-backend/vendor/laravel/framework/src/Illuminate/Auth/Middleware/Authenticate.php(64): Illuminate/Pipeline/Pipeline->Illuminate/Pipeline/{closure}(Object(Illuminate/Http/Request))
#11 E:/1KERJAAN/Telisik Studio/Dashboard HSE/hse-dashboard/hse-backend/vendor/laravel/framework/src/Illuminate/Pipeline/Pipeline.php(209): Illuminate/Auth/Middleware/Authenticate->handle(Object(Illuminate/Http/Request), Object(Closure), 'sanctum')
#12 E:/1KERJAAN/Telisik Studio/Dashboard HSE/hse-dashboard/hse-backend/vendor/laravel/sanctum/src/Http/Middleware/EnsureFrontendRequestsAreStateful.php(26): Illuminate/Pipeline/Pipeline->Illuminate/Pipeline/{closure}(Object(Illuminate/Http/Request))
#13 E:/1KERJAAN/Telisik Studio/Dashboard HSE/hse-dashboard/hse-backend/vendor/laravel/framework/src/Illuminate/Pipeline/Pipeline.php(170): Laravel/Sanctum/Http/Middleware/EnsureFrontendRequestsAreStateful->Laravel/Sanctum/Http/Middleware/{closure}(Object(Illuminate/Http/Request))
#14 E:/1KERJAAN/Telisik Studio/Dashboard HSE/hse-dashboard/hse-backend/vendor/laravel/sanctum/src/Http/Middleware/AuthenticateSession.php(60): Illuminate/Pipeline/Pipeline->Illuminate/Pipeline/{closure}(Object(Illuminate/Http/Request))
#15 E:/1KERJAAN/Telisik Studio/Dashboard HSE/hse-dashboard/hse-backend/vendor/laravel/framework/src/Illuminate/Pipeline/Pipeline.php(209): Laravel/Sanctum/Http/Middleware/AuthenticateSession->handle(Object(Illuminate/Http/Request), Object(Closure))
#16 E:/1KERJAAN/Telisik Studio/Dashboard HSE/hse-dashboard/hse-backend/vendor/laravel/framework/src/Illuminate/Foundation/Http/Middleware/VerifyCsrfToken.php(88): Illuminate/Pipeline/Pipeline->Illuminate/Pipeline/{closure}(Object(Illuminate/Http/Request))
#17 E:/1KERJAAN/Telisik Studio/Dashboard HSE/hse-dashboard/hse-backend/vendor/laravel/framework/src/Illuminate/Pipeline/Pipeline.php(209): Illuminate/Foundation/Http/Middleware/VerifyCsrfToken->handle(Object(Illuminate/Http/Request), Object(Closure))
#18 E:/1KERJAAN/Telisik Studio/Dashboard HSE/hse-dashboard/hse-backend/vendor/laravel/framework/src/Illuminate/Session/Middleware/StartSession.php(121): Illuminate/Pipeline/Pipeline->Illuminate/Pipeline/{closure}(Object(Illuminate/Http/Request))
#19 E:/1KERJAAN/Telisik Studio/Dashboard HSE/hse-dashboard/hse-backend/vendor/laravel/framework/src/Illuminate/Session/Middleware/StartSession.php(64): Illuminate/Session/Middleware/StartSession->handleStatefulRequest(Object(Illuminate/Http/Request), Object(Illuminate/Session/Store), Object(Closure))
#20 E:/1KERJAAN/Telisik Studio/Dashboard HSE/hse-dashboard/hse-backend/vendor/laravel/framework/src/Illuminate/Pipeline/Pipeline.php(209): Illuminate/Session/Middleware/StartSession->handle(Object(Illuminate/Http/Request), Object(Closure))
#21 E:/1KERJAAN/Telisik Studio/Dashboard HSE/hse-dashboard/hse-backend/vendor/laravel/framework/src/Illuminate/Cookie/Middleware/AddQueuedCookiesToResponse.php(37): Illuminate/Pipeline/Pipeline->Illuminate/Pipeline/{closure}(Object(Illuminate/Http/Request))
#22 E:/1KERJAAN/Telisik Studio/Dashboard HSE/hse-dashboard/hse-backend/vendor/laravel/framework/src/Illuminate/Pipeline/Pipeline.php(209): Illuminate/Cookie/Middleware/AddQueuedCookiesToResponse->handle(Object(Illuminate/Http/Request), Object(Closure))
#23 E:/1KERJAAN/Telisik Studio/Dashboard HSE/hse-dashboard/hse-backend/vendor/laravel/framework/src/Illuminate/Cookie/Middleware/EncryptCookies.php(75): Illuminate/Pipeline/Pipeline->Illuminate/Pipeline/{closure}(Object(Illuminate/Http/Request))
#24 E:/1KERJAAN/Telisik Studio/Dashboard HSE/hse-dashboard/hse-backend/vendor/laravel/framework/src/Illuminate/Pipeline/Pipeline.php(209): Illuminate/Cookie/Middleware/EncryptCookies->handle(Object(Illuminate/Http/Request), Object(Closure))
#25 E:/1KERJAAN/Telisik Studio/Dashboard HSE/hse-dashboard/hse-backend/vendor/laravel/sanctum/src/Http/Middleware/EnsureFrontendRequestsAreStateful.php(61): Illuminate/Pipeline/Pipeline->Illuminate/Pipeline/{closure}(Object(Illuminate/Http/Request))
#26 E:/1KERJAAN/Telisik Studio/Dashboard HSE/hse-dashboard/hse-backend/vendor/laravel/framework/src/Illuminate/Pipeline/Pipeline.php(191): Laravel/Sanctum/Http/Middleware/EnsureFrontendRequestsAreStateful->Laravel/Sanctum/Http/Middleware/{closure}(Object(Illuminate/Http/Request), Object(Closure))
#27 E:/1KERJAAN/Telisik Studio/Dashboard HSE/hse-dashboard/hse-backend/vendor/laravel/framework/src/Illuminate/Pipeline/Pipeline.php(127): Illuminate/Pipeline/Pipeline->Illuminate/Pipeline/{closure}(Object(Illuminate/Http/Request))
#28 E:/1KERJAAN/Telisik Studio/Dashboard HSE/hse-dashboard/hse-backend/vendor/laravel/sanctum/src/Http/Middleware/EnsureFrontendRequestsAreStateful.php(25): Illuminate/Pipeline/Pipeline->then(Object(Closure))
#29 E:/1KERJAAN/Telisik Studio/Dashboard HSE/hse-dashboard/hse-backend/vendor/laravel/framework/src/Illuminate/Pipeline/Pipeline.php(209): Laravel/Sanctum/Http/Middleware/EnsureFrontendRequestsAreStateful->handle(Object(Illuminate/Http/Request), Object(Closure))
#30 E:/1KERJAAN/Telisik Studio/Dashboard HSE/hse-dashboard/hse-backend/vendor/laravel/framework/src/Illuminate/Pipeline/Pipeline.php(127): Illuminate/Pipeline/Pipeline->Illuminate/Pipeline/{closure}(Object(Illuminate/Http/Request))
#31 E:/1KERJAAN/Telisik Studio/Dashboard HSE/hse-dashboard/hse-backend/vendor/laravel/framework/src/Illuminate/Routing/Router.php(807): Illuminate/Pipeline/Pipeline->then(Object(Closure))
#32 E:/1KERJAAN/Telisik Studio/Dashboard HSE/hse-dashboard/hse-backend/vendor/laravel/framework/src/Illuminate/Routing/Router.php(786): Illuminate/Routing/Router->runRouteWithinStack(Object(Illuminate/Routing/Route), Object(Illuminate/Http/Request))
#33 E:/1KERJAAN/Telisik Studio/Dashboard HSE/hse-dashboard/hse-backend/vendor/laravel/framework/src/Illuminate/Routing/Router.php(750): Illuminate/Routing/Router->runRoute(Object(Illuminate/Http/Request), Object(Illuminate/Routing/Route))
#34 E:/1KERJAAN/Telisik Studio/Dashboard HSE/hse-dashboard/hse-backend/vendor/laravel/framework/src/Illuminate/Routing/Router.php(739): Illuminate/Routing/Router->dispatchToRoute(Object(Illuminate/Http/Request))
#35 E:/1KERJAAN/Telisik Studio/Dashboard HSE/hse-dashboard/hse-backend/vendor/laravel/framework/src/Illuminate/Foundation/Http/Kernel.php(201): Illuminate/Routing/Router->dispatch(Object(Illuminate/Http/Request))
#36 E:/1KERJAAN/Telisik Studio/Dashboard HSE/hse-dashboard/hse-backend/vendor/laravel/framework/src/Illuminate/Pipeline/Pipeline.php(170): Illuminate/Foundation/Http/Kernel->Illuminate/Foundation/Http/{closure}(Object(Illuminate/Http/Request))
#37 E:/1KERJAAN/Telisik Studio/Dashboard HSE/hse-dashboard/hse-backend/vendor/laravel/framework/src/Illuminate/Foundation/Http/Middleware/TransformsRequest.php(21): Illuminate/Pipeline/Pipeline->Illuminate/Pipeline/{closure}(Object(Illuminate/Http/Request))
#38 E:/1KERJAAN/Telisik Studio/Dashboard HSE/hse-dashboard/hse-backend/vendor/laravel/framework/src/Illuminate/Foundation/Http/Middleware/ConvertEmptyStringsToNull.php(31): Illuminate/Foundation/Http/Middleware/TransformsRequest->handle(Object(Illuminate/Http/Request), Object(Closure))
#39 E:/1KERJAAN/Telisik Studio/Dashboard HSE/hse-dashboard/hse-backend/vendor/laravel/framework/src/Illuminate/Pipeline/Pipeline.php(209): Illuminate/Foundation/Http/Middleware/ConvertEmptyStringsToNull->handle(Object(Illuminate/Http/Request), Object(Closure))
#40 E:/1KERJAAN/Telisik Studio/Dashboard HSE/hse-dashboard/hse-backend/vendor/laravel/framework/src/Illuminate/Foundation/Http/Middleware/TransformsRequest.php(21): Illuminate/Pipeline/Pipeline->Illuminate/Pipeline/{closure}(Object(Illuminate/Http/Request))
#41 E:/1KERJAAN/Telisik Studio/Dashboard HSE/hse-dashboard/hse-backend/vendor/laravel/framework/src/Illuminate/Foundation/Http/Middleware/TrimStrings.php(51): Illuminate/Foundation/Http/Middleware/TransformsRequest->handle(Object(Illuminate/Http/Request), Object(Closure))
#42 E:/1KERJAAN/Telisik Studio/Dashboard HSE/hse-dashboard/hse-backend/vendor/laravel/framework/src/Illuminate/Pipeline/Pipeline.php(209): Illuminate/Foundation/Http/Middleware/TrimStrings->handle(Object(Illuminate/Http/Request), Object(Closure))
#43 E:/1KERJAAN/Telisik Studio/Dashboard HSE/hse-dashboard/hse-backend/vendor/laravel/framework/src/Illuminate/Http/Middleware/ValidatePostSize.php(27): Illuminate/Pipeline/Pipeline->Illuminate/Pipeline/{closure}(Object(Illuminate/Http/Request))
#44 E:/1KERJAAN/Telisik Studio/Dashboard HSE/hse-dashboard/hse-backend/vendor/laravel/framework/src/Illuminate/Pipeline/Pipeline.php(209): Illuminate/Http/Middleware/ValidatePostSize->handle(Object(Illuminate/Http/Request), Object(Closure))
#45 E:/1KERJAAN/Telisik Studio/Dashboard HSE/hse-dashboard/hse-backend/vendor/laravel/framework/src/Illuminate/Foundation/Http/Middleware/PreventRequestsDuringMaintenance.php(110): Illuminate/Pipeline/Pipeline->Illuminate/Pipeline/{closure}(Object(Illuminate/Http/Request))
#46 E:/1KERJAAN/Telisik Studio/Dashboard HSE/hse-dashboard/hse-backend/vendor/laravel/framework/src/Illuminate/Pipeline/Pipeline.php(209): Illuminate/Foundation/Http/Middleware/PreventRequestsDuringMaintenance->handle(Object(Illuminate/Http/Request), Object(Closure))
#47 E:/1KERJAAN/Telisik Studio/Dashboard HSE/hse-dashboard/hse-backend/vendor/laravel/framework/src/Illuminate/Http/Middleware/HandleCors.php(62): Illuminate/Pipeline/Pipeline->Illuminate/Pipeline/{closure}(Object(Illuminate/Http/Request))
#48 E:/1KERJAAN/Telisik Studio/Dashboard HSE/hse-dashboard/hse-backend/vendor/laravel/framework/src/Illuminate/Pipeline/Pipeline.php(209): Illuminate/Http/Middleware/HandleCors->handle(Object(Illuminate/Http/Request), Object(Closure))
#49 E:/1KERJAAN/Telisik Studio/Dashboard HSE/hse-dashboard/hse-backend/vendor/laravel/framework/src/Illuminate/Http/Middleware/TrustProxies.php(58): Illuminate/Pipeline/Pipeline->Illuminate/Pipeline/{closure}(Object(Illuminate/Http/Request))
#50 E:/1KERJAAN/Telisik Studio/Dashboard HSE/hse-dashboard/hse-backend/vendor/laravel/framework/src/Illuminate/Pipeline/Pipeline.php(209): Illuminate/Http/Middleware/TrustProxies->handle(Object(Illuminate/Http/Request), Object(Closure))
#51 E:/1KERJAAN/Telisik Studio/Dashboard HSE/hse-dashboard/hse-backend/vendor/laravel/framework/src/Illuminate/Foundation/Http/Middleware/InvokeDeferredCallbacks.php(22): Illuminate/Pipeline/Pipeline->Illuminate/Pipeline/{closure}(Object(Illuminate/Http/Request))
#52 E:/1KERJAAN/Telisik Studio/Dashboard HSE/hse-dashboard/hse-backend/vendor/laravel/framework/src/Illuminate/Pipeline/Pipeline.php(209): Illuminate/Foundation/Http/Middleware/InvokeDeferredCallbacks->handle(Object(Illuminate/Http/Request), Object(Closure))
#53 E:/1KERJAAN/Telisik Studio/Dashboard HSE/hse-dashboard/hse-backend/vendor/laravel/framework/src/Illuminate/Pipeline/Pipeline.php(127): Illuminate/Pipeline/Pipeline->Illuminate/Pipeline/{closure}(Object(Illuminate/Http/Request))
#54 E:/1KERJAAN/Telisik Studio/Dashboard HSE/hse-dashboard/hse-backend/vendor/laravel/framework/src/Illuminate/Foundation/Http/Kernel.php(176): Illuminate/Pipeline/Pipeline->then(Object(Closure))
#55 E:/1KERJAAN/Telisik Studio/Dashboard HSE/hse-dashboard/hse-backend/vendor/laravel/framework/src/Illuminate/Foundation/Http/Kernel.php(145): Illuminate/Foundation/Http/Kernel->sendRequestThroughRouter(Object(Illuminate/Http/Request))
#56 E:/1KERJAAN/Telisik Studio/Dashboard HSE/hse-dashboard/hse-backend/vendor/laravel/framework/src/Illuminate/Foundation/Application.php(1220): Illuminate/Foundation/Http/Kernel->handle(Object(Illuminate/Http/Request))
#57 E:/1KERJAAN/Telisik Studio/Dashboard HSE/hse-dashboard/hse-backend/public/index.php(17): Illuminate/Foundation/Application->handleRequest(Object(Illuminate/Http/Request))
#58 E:/1KERJAAN/Telisik Studio/Dashboard HSE/hse-dashboard/hse-backend/vendor/laravel/framework/src/Illuminate/Foundation/resources/server.php(23): require_once('E://1KERJAAN//Tel...')
#59 {main}
"} 
[2026-08-05 04:35:53] local.ERROR: SQLSTATE[42S02]: Base table or view not found: 1146 Table 'hse_dashboard.cache' doesn't exist (Connection: mysql, SQL: delete from `cache`) {"exception":"[object] (Illuminate\\Database\\QueryException(code: 42S02): SQLSTATE[42S02]: Base table or view not found: 1146 Table 'hse_dashboard.cache' doesn't exist (Connection: mysql, SQL: delete from `cache`) at E:/1KERJAAN/Telisik Studio/Dashboard HSE/hse-dashboard/hse-backend/vendor/laravel/framework/src/Illuminate/Database/Connection.php:825)
[stacktrace]
#0 E:/1KERJAAN/Telisik Studio/Dashboard HSE/hse-dashboard/hse-backend/vendor/laravel/framework/src/Illuminate/Database/Connection.php(779): Illuminate/Database/Connection->runQueryCallback('delete from `ca...', Array, Object(Closure))
#1 E:/1KERJAAN/Telisik Studio/Dashboard HSE/hse-dashboard/hse-backend/vendor/laravel/framework/src/Illuminate/Database/Connection.php(584): Illuminate/Database/Connection->run('delete from `ca...', Array, Object(Closure))
#2 E:/1KERJAAN/Telisik Studio/Dashboard HSE/hse-dashboard/hse-backend/vendor/laravel/framework/src/Illuminate/Database/Connection.php(548): Illuminate/Database/Connection->affectingStatement('delete from `ca...', Array)
#3 E:/1KERJAAN/Telisik Studio/Dashboard HSE/hse-dashboard/hse-backend/vendor/laravel/framework/src/Illuminate/Database/Query/Builder.php(4024): Illuminate/Database/Connection->delete('delete from `ca...', Array)
#4 E:/1KERJAAN/Telisik Studio/Dashboard HSE/hse-dashboard/hse-backend/vendor/laravel/framework/src/Illuminate/Cache/DatabaseStore.php(422): Illuminate/Database/Query/Builder->delete()
#5 E:/1KERJAAN/Telisik Studio/Dashboard HSE/hse-dashboard/hse-backend/vendor/laravel/framework/src/Illuminate/Cache/Repository.php(792): Illuminate/Cache/DatabaseStore->flush()
#6 E:/1KERJAAN/Telisik Studio/Dashboard HSE/hse-dashboard/hse-backend/vendor/laravel/framework/src/Illuminate/Cache/Console/ClearCommand.php(69): Illuminate/Cache/Repository->__call('flush', Array)
#7 E:/1KERJAAN/Telisik Studio/Dashboard HSE/hse-dashboard/hse-backend/vendor/laravel/framework/src/Illuminate/Container/BoundMethod.php(36): Illuminate/Cache/Console/ClearCommand->handle()
#8 E:/1KERJAAN/Telisik Studio/Dashboard HSE/hse-dashboard/hse-backend/vendor/laravel/framework/src/Illuminate/Container/Util.php(43): Illuminate/Container/BoundMethod::Illuminate/Container/{closure}()
#9 E:/1KERJAAN/Telisik Studio/Dashboard HSE/hse-dashboard/hse-backend/vendor/laravel/framework/src/Illuminate/Container/BoundMethod.php(95): Illuminate/Container/Util::unwrapIfClosure(Object(Closure))
#10 E:/1KERJAAN/Telisik Studio/Dashboard HSE/hse-dashboard/hse-backend/vendor/laravel/framework/src/Illuminate/Container/BoundMethod.php(35): Illuminate/Container/BoundMethod::callBoundMethod(Object(Illuminate/Foundation/Application), Array, Object(Closure))
#11 E:/1KERJAAN/Telisik Studio/Dashboard HSE/hse-dashboard/hse-backend/vendor/laravel/framework/src/Illuminate/Container/Container.php(696): Illuminate/Container/BoundMethod::call(Object(Illuminate/Foundation/Application), Array, Array, NULL)
#12 E:/1KERJAAN/Telisik Studio/Dashboard HSE/hse-dashboard/hse-backend/vendor/laravel/framework/src/Illuminate/Console/Command.php(213): Illuminate/Container/Container->call(Array)
#13 E:/1KERJAAN/Telisik Studio/Dashboard HSE/hse-dashboard/hse-backend/vendor/symfony/console/Command/Command.php(341): Illuminate/Console/Command->execute(Object(Symfony/Component/Console/Input/ArrayInput), Object(Illuminate/Console/OutputStyle))
#14 E:/1KERJAAN/Telisik Studio/Dashboard HSE/hse-dashboard/hse-backend/vendor/laravel/framework/src/Illuminate/Console/Command.php(182): Symfony/Component/Console/Command/Command->run(Object(Symfony/Component/Console/Input/ArrayInput), Object(Illuminate/Console/OutputStyle))
#15 E:/1KERJAAN/Telisik Studio/Dashboard HSE/hse-dashboard/hse-backend/vendor/laravel/framework/src/Illuminate/Console/Concerns/CallsCommands.php(68): Illuminate/Console/Command->run(Object(Symfony/Component/Console/Input/ArrayInput), Object(Symfony/Component/Console/Output/NullOutput))
#16 E:/1KERJAAN/Telisik Studio/Dashboard HSE/hse-dashboard/hse-backend/vendor/laravel/framework/src/Illuminate/Console/Concerns/CallsCommands.php(41): Illuminate/Console/Command->runCommand('cache:clear', Array, Object(Symfony/Component/Console/Output/NullOutput))
#17 E:/1KERJAAN/Telisik Studio/Dashboard HSE/hse-dashboard/hse-backend/vendor/laravel/framework/src/Illuminate/Console/Concerns/CallsCommands.php(53): Illuminate/Console/Command->callSilent('cache:clear', Array)
#18 E:/1KERJAAN/Telisik Studio/Dashboard HSE/hse-dashboard/hse-backend/vendor/laravel/framework/src/Illuminate/Foundation/Console/OptimizeClearCommand.php(48): Illuminate/Console/Command->callSilently('cache:clear')
#19 E:/1KERJAAN/Telisik Studio/Dashboard HSE/hse-dashboard/hse-backend/vendor/laravel/framework/src/Illuminate/Console/View/Components/Task.php(40): Illuminate/Foundation/Console/OptimizeClearCommand->Illuminate/Foundation/Console/{closure}()
#20 E:/1KERJAAN/Telisik Studio/Dashboard HSE/hse-dashboard/hse-backend/vendor/laravel/framework/src/Illuminate/Console/View/Components/Factory.php(60): Illuminate/Console/View/Components/Task->render('cache', Object(Closure))
#21 E:/1KERJAAN/Telisik Studio/Dashboard HSE/hse-dashboard/hse-backend/vendor/laravel/framework/src/Illuminate/Foundation/Console/OptimizeClearCommand.php(48): Illuminate/Console/View/Components/Factory->__call('task', Array)
#22 E:/1KERJAAN/Telisik Studio/Dashboard HSE/hse-dashboard/hse-backend/vendor/laravel/framework/src/Illuminate/Container/BoundMethod.php(36): Illuminate/Foundation/Console/OptimizeClearCommand->handle()
#23 E:/1KERJAAN/Telisik Studio/Dashboard HSE/hse-dashboard/hse-backend/vendor/laravel/framework/src/Illuminate/Container/Util.php(43): Illuminate/Container/BoundMethod::Illuminate/Container/{closure}()
#24 E:/1KERJAAN/Telisik Studio/Dashboard HSE/hse-dashboard/hse-backend/vendor/laravel/framework/src/Illuminate/Container/BoundMethod.php(95): Illuminate/Container/Util::unwrapIfClosure(Object(Closure))
#25 E:/1KERJAAN/Telisik Studio/Dashboard HSE/hse-dashboard/hse-backend/vendor/laravel/framework/src/Illuminate/Container/BoundMethod.php(35): Illuminate/Container/BoundMethod::callBoundMethod(Object(Illuminate/Foundation/Application), Array, Object(Closure))
#26 E:/1KERJAAN/Telisik Studio/Dashboard HSE/hse-dashboard/hse-backend/vendor/laravel/framework/src/Illuminate/Container/Container.php(696): Illuminate/Container/BoundMethod::call(Object(Illuminate/Foundation/Application), Array, Array, NULL)
#27 E:/1KERJAAN/Telisik Studio/Dashboard HSE/hse-dashboard/hse-backend/vendor/laravel/framework/src/Illuminate/Console/Command.php(213): Illuminate/Container/Container->call(Array)
#28 E:/1KERJAAN/Telisik Studio/Dashboard HSE/hse-dashboard/hse-backend/vendor/symfony/console/Command/Command.php(341): Illuminate/Console/Command->execute(Object(Symfony/Component/Console/Input/ArgvInput), Object(Illuminate/Console/OutputStyle))
#29 E:/1KERJAAN/Telisik Studio/Dashboard HSE/hse-dashboard/hse-backend/vendor/laravel/framework/src/Illuminate/Console/Command.php(182): Symfony/Component/Console/Command/Command->run(Object(Symfony/Component/Console/Input/ArgvInput), Object(Illuminate/Console/OutputStyle))
#30 E:/1KERJAAN/Telisik Studio/Dashboard HSE/hse-dashboard/hse-backend/vendor/symfony/console/Application.php(1117): Illuminate/Console/Command->run(Object(Symfony/Component/Console/Input/ArgvInput), Object(Symfony/Component/Console/Output/ConsoleOutput))
#31 E:/1KERJAAN/Telisik Studio/Dashboard HSE/hse-dashboard/hse-backend/vendor/symfony/console/Application.php(356): Symfony/Component/Console/Application->doRunCommand(Object(Illuminate/Foundation/Console/OptimizeClearCommand), Object(Symfony/Component/Console/Input/ArgvInput), Object(Symfony/Component/Console/Output/ConsoleOutput))
#32 E:/1KERJAAN/Telisik Studio/Dashboard HSE/hse-dashboard/hse-backend/vendor/symfony/console/Application.php(195): Symfony/Component/Console/Application->doRun(Object(Symfony/Component/Console/Input/ArgvInput), Object(Symfony/Component/Console/Output/ConsoleOutput))
#33 E:/1KERJAAN/Telisik Studio/Dashboard HSE/hse-dashboard/hse-backend/vendor/laravel/framework/src/Illuminate/Foundation/Console/Kernel.php(198): Symfony/Component/Console/Application->run(Object(Symfony/Component/Console/Input/ArgvInput), Object(Symfony/Component/Console/Output/ConsoleOutput))
#34 E:/1KERJAAN/Telisik Studio/Dashboard HSE/hse-dashboard/hse-backend/vendor/laravel/framework/src/Illuminate/Foundation/Application.php(1235): Illuminate/Foundation/Console/Kernel->handle(Object(Symfony/Component/Console/Input/ArgvInput), Object(Symfony/Component/Console/Output/ConsoleOutput))
#35 E:/1KERJAAN/Telisik Studio/Dashboard HSE/hse-dashboard/hse-backend/artisan(14): Illuminate/Foundation/Application->handleCommand(Object(Symfony/Component/Console/Input/ArgvInput))
#36 {main}

[previous exception] [object] (PDOException(code: 42S02): SQLSTATE[42S02]: Base table or view not found: 1146 Table 'hse_dashboard.cache' doesn't exist at E:/1KERJAAN/Telisik Studio/Dashboard HSE/hse-dashboard/hse-backend/vendor/laravel/framework/src/Illuminate/Database/Connection.php:592)
[stacktrace]
#0 E:/1KERJAAN/Telisik Studio/Dashboard HSE/hse-dashboard/hse-backend/vendor/laravel/framework/src/Illuminate/Database/Connection.php(592): PDO->prepare('delete from `ca...')
#1 E:/1KERJAAN/Telisik Studio/Dashboard HSE/hse-dashboard/hse-backend/vendor/laravel/framework/src/Illuminate/Database/Connection.php(812): Illuminate/Database/Connection->Illuminate/Database/{closure}('delete from `ca...', Array)
#2 E:/1KERJAAN/Telisik Studio/Dashboard HSE/hse-dashboard/hse-backend/vendor/laravel/framework/src/Illuminate/Database/Connection.php(779): Illuminate/Database/Connection->runQueryCallback('delete from `ca...', Array, Object(Closure))
#3 E:/1KERJAAN/Telisik Studio/Dashboard HSE/hse-dashboard/hse-backend/vendor/laravel/framework/src/Illuminate/Database/Connection.php(584): Illuminate/Database/Connection->run('delete from `ca...', Array, Object(Closure))
#4 E:/1KERJAAN/Telisik Studio/Dashboard HSE/hse-dashboard/hse-backend/vendor/laravel/framework/src/Illuminate/Database/Connection.php(548): Illuminate/Database/Connection->affectingStatement('delete from `ca...', Array)
#5 E:/1KERJAAN/Telisik Studio/Dashboard HSE/hse-dashboard/hse-backend/vendor/laravel/framework/src/Illuminate/Database/Query/Builder.php(4024): Illuminate/Database/Connection->delete('delete from `ca...', Array)
#6 E:/1KERJAAN/Telisik Studio/Dashboard HSE/hse-dashboard/hse-backend/vendor/laravel/framework/src/Illuminate/Cache/DatabaseStore.php(422): Illuminate/Database/Query/Builder->delete()
#7 E:/1KERJAAN/Telisik Studio/Dashboard HSE/hse-dashboard/hse-backend/vendor/laravel/framework/src/Illuminate/Cache/Repository.php(792): Illuminate/Cache/DatabaseStore->flush()
#8 E:/1KERJAAN/Telisik Studio/Dashboard HSE/hse-dashboard/hse-backend/vendor/laravel/framework/src/Illuminate/Cache/Console/ClearCommand.php(69): Illuminate/Cache/Repository->__call('flush', Array)
#9 E:/1KERJAAN/Telisik Studio/Dashboard HSE/hse-dashboard/hse-backend/vendor/laravel/framework/src/Illuminate/Container/BoundMethod.php(36): Illuminate/Cache/Console/ClearCommand->handle()
#10 E:/1KERJAAN/Telisik Studio/Dashboard HSE/hse-dashboard/hse-backend/vendor/laravel/framework/src/Illuminate/Container/Util.php(43): Illuminate/Container/BoundMethod::Illuminate/Container/{closure}()
#11 E:/1KERJAAN/Telisik Studio/Dashboard HSE/hse-dashboard/hse-backend/vendor/laravel/framework/src/Illuminate/Container/BoundMethod.php(95): Illuminate/Container/Util::unwrapIfClosure(Object(Closure))
#12 E:/1KERJAAN/Telisik Studio/Dashboard HSE/hse-dashboard/hse-backend/vendor/laravel/framework/src/Illuminate/Container/BoundMethod.php(35): Illuminate/Container/BoundMethod::callBoundMethod(Object(Illuminate/Foundation/Application), Array, Object(Closure))
#13 E:/1KERJAAN/Telisik Studio/Dashboard HSE/hse-dashboard/hse-backend/vendor/laravel/framework/src/Illuminate/Container/Container.php(696): Illuminate/Container/BoundMethod::call(Object(Illuminate/Foundation/Application), Array, Array, NULL)
#14 E:/1KERJAAN/Telisik Studio/Dashboard HSE/hse-dashboard/hse-backend/vendor/laravel/framework/src/Illuminate/Console/Command.php(213): Illuminate/Container/Container->call(Array)
#15 E:/1KERJAAN/Telisik Studio/Dashboard HSE/hse-dashboard/hse-backend/vendor/symfony/console/Command/Command.php(341): Illuminate/Console/Command->execute(Object(Symfony/Component/Console/Input/ArrayInput), Object(Illuminate/Console/OutputStyle))
#16 E:/1KERJAAN/Telisik Studio/Dashboard HSE/hse-dashboard/hse-backend/vendor/laravel/framework/src/Illuminate/Console/Command.php(182): Symfony/Component/Console/Command/Command->run(Object(Symfony/Component/Console/Input/ArrayInput), Object(Illuminate/Console/OutputStyle))
#17 E:/1KERJAAN/Telisik Studio/Dashboard HSE/hse-dashboard/hse-backend/vendor/laravel/framework/src/Illuminate/Console/Concerns/CallsCommands.php(68): Illuminate/Console/Command->run(Object(Symfony/Component/Console/Input/ArrayInput), Object(Symfony/Component/Console/Output/NullOutput))
#18 E:/1KERJAAN/Telisik Studio/Dashboard HSE/hse-dashboard/hse-backend/vendor/laravel/framework/src/Illuminate/Console/Concerns/CallsCommands.php(41): Illuminate/Console/Command->runCommand('cache:clear', Array, Object(Symfony/Component/Console/Output/NullOutput))
#19 E:/1KERJAAN/Telisik Studio/Dashboard HSE/hse-dashboard/hse-backend/vendor/laravel/framework/src/Illuminate/Console/Concerns/CallsCommands.php(53): Illuminate/Console/Command->callSilent('cache:clear', Array)
#20 E:/1KERJAAN/Telisik Studio/Dashboard HSE/hse-dashboard/hse-backend/vendor/laravel/framework/src/Illuminate/Foundation/Console/OptimizeClearCommand.php(48): Illuminate/Console/Command->callSilently('cache:clear')
#21 E:/1KERJAAN/Telisik Studio/Dashboard HSE/hse-dashboard/hse-backend/vendor/laravel/framework/src/Illuminate/Console/View/Components/Task.php(40): Illuminate/Foundation/Console/OptimizeClearCommand->Illuminate/Foundation/Console/{closure}()
#22 E:/1KERJAAN/Telisik Studio/Dashboard HSE/hse-dashboard/hse-backend/vendor/laravel/framework/src/Illuminate/Console/View/Components/Factory.php(60): Illuminate/Console/View/Components/Task->render('cache', Object(Closure))
#23 E:/1KERJAAN/Telisik Studio/Dashboard HSE/hse-dashboard/hse-backend/vendor/laravel/framework/src/Illuminate/Foundation/Console/OptimizeClearCommand.php(48): Illuminate/Console/View/Components/Factory->__call('task', Array)
#24 E:/1KERJAAN/Telisik Studio/Dashboard HSE/hse-dashboard/hse-backend/vendor/laravel/framework/src/Illuminate/Container/BoundMethod.php(36): Illuminate/Foundation/Console/OptimizeClearCommand->handle()
#25 E:/1KERJAAN/Telisik Studio/Dashboard HSE/hse-dashboard/hse-backend/vendor/laravel/framework/src/Illuminate/Container/Util.php(43): Illuminate/Container/BoundMethod::Illuminate/Container/{closure}()
#26 E:/1KERJAAN/Telisik Studio/Dashboard HSE/hse-dashboard/hse-backend/vendor/laravel/framework/src/Illuminate/Container/BoundMethod.php(95): Illuminate/Container/Util::unwrapIfClosure(Object(Closure))
#27 E:/1KERJAAN/Telisik Studio/Dashboard HSE/hse-dashboard/hse-backend/vendor/laravel/framework/src/Illuminate/Container/BoundMethod.php(35): Illuminate/Container/BoundMethod::callBoundMethod(Object(Illuminate/Foundation/Application), Array, Object(Closure))
#28 E:/1KERJAAN/Telisik Studio/Dashboard HSE/hse-dashboard/hse-backend/vendor/laravel/framework/src/Illuminate/Container/Container.php(696): Illuminate/Container/BoundMethod::call(Object(Illuminate/Foundation/Application), Array, Array, NULL)
#29 E:/1KERJAAN/Telisik Studio/Dashboard HSE/hse-dashboard/hse-backend/vendor/laravel/framework/src/Illuminate/Console/Command.php(213): Illuminate/Container/Container->call(Array)
#30 E:/1KERJAAN/Telisik Studio/Dashboard HSE/hse-dashboard/hse-backend/vendor/symfony/console/Command/Command.php(341): Illuminate/Console/Command->execute(Object(Symfony/Component/Console/Input/ArgvInput), Object(Illuminate/Console/OutputStyle))
#31 E:/1KERJAAN/Telisik Studio/Dashboard HSE/hse-dashboard/hse-backend/vendor/laravel/framework/src/Illuminate/Console/Command.php(182): Symfony/Component/Console/Command/Command->run(Object(Symfony/Component/Console/Input/ArgvInput), Object(Illuminate/Console/OutputStyle))
#32 E:/1KERJAAN/Telisik Studio/Dashboard HSE/hse-dashboard/hse-backend/vendor/symfony/console/Application.php(1117): Illuminate/Console/Command->run(Object(Symfony/Component/Console/Input/ArgvInput), Object(Symfony/Component/Console/Output/ConsoleOutput))
#33 E:/1KERJAAN/Telisik Studio/Dashboard HSE/hse-dashboard/hse-backend/vendor/symfony/console/Application.php(356): Symfony/Component/Console/Application->doRunCommand(Object(Illuminate/Foundation/Console/OptimizeClearCommand), Object(Symfony/Component/Console/Input/ArgvInput), Object(Symfony/Component/Console/Output/ConsoleOutput))
#34 E:/1KERJAAN/Telisik Studio/Dashboard HSE/hse-dashboard/hse-backend/vendor/symfony/console/Application.php(195): Symfony/Component/Console/Application->doRun(Object(Symfony/Component/Console/Input/ArgvInput), Object(Symfony/Component/Console/Output/ConsoleOutput))
#35 E:/1KERJAAN/Telisik Studio/Dashboard HSE/hse-dashboard/hse-backend/vendor/laravel/framework/src/Illuminate/Foundation/Console/Kernel.php(198): Symfony/Component/Console/Application->run(Object(Symfony/Component/Console/Input/ArgvInput), Object(Symfony/Component/Console/Output/ConsoleOutput))
#36 E:/1KERJAAN/Telisik Studio/Dashboard HSE/hse-dashboard/hse-backend/vendor/laravel/framework/src/Illuminate/Foundation/Application.php(1235): Illuminate/Foundation/Console/Kernel->handle(Object(Symfony/Component/Console/Input/ArgvInput), Object(Symfony/Component/Console/Output/ConsoleOutput))
#37 E:/1KERJAAN/Telisik Studio/Dashboard HSE/hse-dashboard/hse-backend/artisan(14): Illuminate/Foundation/Application->handleCommand(Object(Symfony/Component/Console/Input/ArgvInput))
#38 {main}
"} 
[2026-08-05 04:36:21] local.ERROR: Interface "Maatwebsite\Excel\Concerns\FromArray" not found {"userId":1,"exception":"[object] (Error(code: 0): Interface \"Maatwebsite\\Excel\\Concerns\\FromArray\" not found at E:/1KERJAAN/Telisik Studio/Dashboard HSE/hse-dashboard/hse-backend/app/Exports/DashboardSummaryExport.php:15)
[stacktrace]
#0 E:/1KERJAAN/Telisik Studio/Dashboard HSE/hse-dashboard/hse-backend/vendor/composer/ClassLoader.php(576): include()
#1 E:/1KERJAAN/Telisik Studio/Dashboard HSE/hse-dashboard/hse-backend/vendor/composer/ClassLoader.php(427): Composer/Autoload/{closure}('E://1KERJAAN//Tel...')
#2 E:/1KERJAAN/Telisik Studio/Dashboard HSE/hse-dashboard/hse-backend/app/Http/Controllers/Api/DashboardController.php(75): Composer/Autoload/ClassLoader->loadClass('App//Exports//Das...')
#3 E:/1KERJAAN/Telisik Studio/Dashboard HSE/hse-dashboard/hse-backend/vendor/laravel/framework/src/Illuminate/Routing/ControllerDispatcher.php(47): App/Http/Controllers/Api/DashboardController->export(Object(Illuminate/Http/Request))
#4 E:/1KERJAAN/Telisik Studio/Dashboard HSE/hse-dashboard/hse-backend/vendor/laravel/framework/src/Illuminate/Routing/Route.php(266): Illuminate/Routing/ControllerDispatcher->dispatch(Object(Illuminate/Routing/Route), Object(App/Http/Controllers/Api/DashboardController), 'export')
#5 E:/1KERJAAN/Telisik Studio/Dashboard HSE/hse-dashboard/hse-backend/vendor/laravel/framework/src/Illuminate/Routing/Route.php(212): Illuminate/Routing/Route->runController()
#6 E:/1KERJAAN/Telisik Studio/Dashboard HSE/hse-dashboard/hse-backend/vendor/laravel/framework/src/Illuminate/Routing/Router.php(808): Illuminate/Routing/Route->run()
#7 E:/1KERJAAN/Telisik Studio/Dashboard HSE/hse-dashboard/hse-backend/vendor/laravel/framework/src/Illuminate/Pipeline/Pipeline.php(170): Illuminate/Routing/Router->Illuminate/Routing/{closure}(Object(Illuminate/Http/Request))
#8 E:/1KERJAAN/Telisik Studio/Dashboard HSE/hse-dashboard/hse-backend/vendor/laravel/framework/src/Illuminate/Routing/Middleware/SubstituteBindings.php(51): Illuminate/Pipeline/Pipeline->Illuminate/Pipeline/{closure}(Object(Illuminate/Http/Request))
#9 E:/1KERJAAN/Telisik Studio/Dashboard HSE/hse-dashboard/hse-backend/vendor/laravel/framework/src/Illuminate/Pipeline/Pipeline.php(209): Illuminate/Routing/Middleware/SubstituteBindings->handle(Object(Illuminate/Http/Request), Object(Closure))
#10 E:/1KERJAAN/Telisik Studio/Dashboard HSE/hse-dashboard/hse-backend/vendor/laravel/framework/src/Illuminate/Auth/Middleware/Authenticate.php(64): Illuminate/Pipeline/Pipeline->Illuminate/Pipeline/{closure}(Object(Illuminate/Http/Request))
#11 E:/1KERJAAN/Telisik Studio/Dashboard HSE/hse-dashboard/hse-backend/vendor/laravel/framework/src/Illuminate/Pipeline/Pipeline.php(209): Illuminate/Auth/Middleware/Authenticate->handle(Object(Illuminate/Http/Request), Object(Closure), 'sanctum')
#12 E:/1KERJAAN/Telisik Studio/Dashboard HSE/hse-dashboard/hse-backend/vendor/laravel/sanctum/src/Http/Middleware/EnsureFrontendRequestsAreStateful.php(26): Illuminate/Pipeline/Pipeline->Illuminate/Pipeline/{closure}(Object(Illuminate/Http/Request))
#13 E:/1KERJAAN/Telisik Studio/Dashboard HSE/hse-dashboard/hse-backend/vendor/laravel/framework/src/Illuminate/Pipeline/Pipeline.php(170): Laravel/Sanctum/Http/Middleware/EnsureFrontendRequestsAreStateful->Laravel/Sanctum/Http/Middleware/{closure}(Object(Illuminate/Http/Request))
#14 E:/1KERJAAN/Telisik Studio/Dashboard HSE/hse-dashboard/hse-backend/vendor/laravel/sanctum/src/Http/Middleware/AuthenticateSession.php(60): Illuminate/Pipeline/Pipeline->Illuminate/Pipeline/{closure}(Object(Illuminate/Http/Request))
#15 E:/1KERJAAN/Telisik Studio/Dashboard HSE/hse-dashboard/hse-backend/vendor/laravel/framework/src/Illuminate/Pipeline/Pipeline.php(209): Laravel/Sanctum/Http/Middleware/AuthenticateSession->handle(Object(Illuminate/Http/Request), Object(Closure))
#16 E:/1KERJAAN/Telisik Studio/Dashboard HSE/hse-dashboard/hse-backend/vendor/laravel/framework/src/Illuminate/Foundation/Http/Middleware/VerifyCsrfToken.php(88): Illuminate/Pipeline/Pipeline->Illuminate/Pipeline/{closure}(Object(Illuminate/Http/Request))
#17 E:/1KERJAAN/Telisik Studio/Dashboard HSE/hse-dashboard/hse-backend/vendor/laravel/framework/src/Illuminate/Pipeline/Pipeline.php(209): Illuminate/Foundation/Http/Middleware/VerifyCsrfToken->handle(Object(Illuminate/Http/Request), Object(Closure))
#18 E:/1KERJAAN/Telisik Studio/Dashboard HSE/hse-dashboard/hse-backend/vendor/laravel/framework/src/Illuminate/Session/Middleware/StartSession.php(121): Illuminate/Pipeline/Pipeline->Illuminate/Pipeline/{closure}(Object(Illuminate/Http/Request))
#19 E:/1KERJAAN/Telisik Studio/Dashboard HSE/hse-dashboard/hse-backend/vendor/laravel/framework/src/Illuminate/Session/Middleware/StartSession.php(64): Illuminate/Session/Middleware/StartSession->handleStatefulRequest(Object(Illuminate/Http/Request), Object(Illuminate/Session/Store), Object(Closure))
#20 E:/1KERJAAN/Telisik Studio/Dashboard HSE/hse-dashboard/hse-backend/vendor/laravel/framework/src/Illuminate/Pipeline/Pipeline.php(209): Illuminate/Session/Middleware/StartSession->handle(Object(Illuminate/Http/Request), Object(Closure))
#21 E:/1KERJAAN/Telisik Studio/Dashboard HSE/hse-dashboard/hse-backend/vendor/laravel/framework/src/Illuminate/Cookie/Middleware/AddQueuedCookiesToResponse.php(37): Illuminate/Pipeline/Pipeline->Illuminate/Pipeline/{closure}(Object(Illuminate/Http/Request))
#22 E:/1KERJAAN/Telisik Studio/Dashboard HSE/hse-dashboard/hse-backend/vendor/laravel/framework/src/Illuminate/Pipeline/Pipeline.php(209): Illuminate/Cookie/Middleware/AddQueuedCookiesToResponse->handle(Object(Illuminate/Http/Request), Object(Closure))
#23 E:/1KERJAAN/Telisik Studio/Dashboard HSE/hse-dashboard/hse-backend/vendor/laravel/framework/src/Illuminate/Cookie/Middleware/EncryptCookies.php(75): Illuminate/Pipeline/Pipeline->Illuminate/Pipeline/{closure}(Object(Illuminate/Http/Request))
#24 E:/1KERJAAN/Telisik Studio/Dashboard HSE/hse-dashboard/hse-backend/vendor/laravel/framework/src/Illuminate/Pipeline/Pipeline.php(209): Illuminate/Cookie/Middleware/EncryptCookies->handle(Object(Illuminate/Http/Request), Object(Closure))
#25 E:/1KERJAAN/Telisik Studio/Dashboard HSE/hse-dashboard/hse-backend/vendor/laravel/sanctum/src/Http/Middleware/EnsureFrontendRequestsAreStateful.php(61): Illuminate/Pipeline/Pipeline->Illuminate/Pipeline/{closure}(Object(Illuminate/Http/Request))
#26 E:/1KERJAAN/Telisik Studio/Dashboard HSE/hse-dashboard/hse-backend/vendor/laravel/framework/src/Illuminate/Pipeline/Pipeline.php(191): Laravel/Sanctum/Http/Middleware/EnsureFrontendRequestsAreStateful->Laravel/Sanctum/Http/Middleware/{closure}(Object(Illuminate/Http/Request), Object(Closure))
#27 E:/1KERJAAN/Telisik Studio/Dashboard HSE/hse-dashboard/hse-backend/vendor/laravel/framework/src/Illuminate/Pipeline/Pipeline.php(127): Illuminate/Pipeline/Pipeline->Illuminate/Pipeline/{closure}(Object(Illuminate/Http/Request))
#28 E:/1KERJAAN/Telisik Studio/Dashboard HSE/hse-dashboard/hse-backend/vendor/laravel/sanctum/src/Http/Middleware/EnsureFrontendRequestsAreStateful.php(25): Illuminate/Pipeline/Pipeline->then(Object(Closure))
#29 E:/1KERJAAN/Telisik Studio/Dashboard HSE/hse-dashboard/hse-backend/vendor/laravel/framework/src/Illuminate/Pipeline/Pipeline.php(209): Laravel/Sanctum/Http/Middleware/EnsureFrontendRequestsAreStateful->handle(Object(Illuminate/Http/Request), Object(Closure))
#30 E:/1KERJAAN/Telisik Studio/Dashboard HSE/hse-dashboard/hse-backend/vendor/laravel/framework/src/Illuminate/Pipeline/Pipeline.php(127): Illuminate/Pipeline/Pipeline->Illuminate/Pipeline/{closure}(Object(Illuminate/Http/Request))
#31 E:/1KERJAAN/Telisik Studio/Dashboard HSE/hse-dashboard/hse-backend/vendor/laravel/framework/src/Illuminate/Routing/Router.php(807): Illuminate/Pipeline/Pipeline->then(Object(Closure))
#32 E:/1KERJAAN/Telisik Studio/Dashboard HSE/hse-dashboard/hse-backend/vendor/laravel/framework/src/Illuminate/Routing/Router.php(786): Illuminate/Routing/Router->runRouteWithinStack(Object(Illuminate/Routing/Route), Object(Illuminate/Http/Request))
#33 E:/1KERJAAN/Telisik Studio/Dashboard HSE/hse-dashboard/hse-backend/vendor/laravel/framework/src/Illuminate/Routing/Router.php(750): Illuminate/Routing/Router->runRoute(Object(Illuminate/Http/Request), Object(Illuminate/Routing/Route))
#34 E:/1KERJAAN/Telisik Studio/Dashboard HSE/hse-dashboard/hse-backend/vendor/laravel/framework/src/Illuminate/Routing/Router.php(739): Illuminate/Routing/Router->dispatchToRoute(Object(Illuminate/Http/Request))
#35 E:/1KERJAAN/Telisik Studio/Dashboard HSE/hse-dashboard/hse-backend/vendor/laravel/framework/src/Illuminate/Foundation/Http/Kernel.php(201): Illuminate/Routing/Router->dispatch(Object(Illuminate/Http/Request))
#36 E:/1KERJAAN/Telisik Studio/Dashboard HSE/hse-dashboard/hse-backend/vendor/laravel/framework/src/Illuminate/Pipeline/Pipeline.php(170): Illuminate/Foundation/Http/Kernel->Illuminate/Foundation/Http/{closure}(Object(Illuminate/Http/Request))
#37 E:/1KERJAAN/Telisik Studio/Dashboard HSE/hse-dashboard/hse-backend/vendor/laravel/framework/src/Illuminate/Foundation/Http/Middleware/TransformsRequest.php(21): Illuminate/Pipeline/Pipeline->Illuminate/Pipeline/{closure}(Object(Illuminate/Http/Request))
#38 E:/1KERJAAN/Telisik Studio/Dashboard HSE/hse-dashboard/hse-backend/vendor/laravel/framework/src/Illuminate/Foundation/Http/Middleware/ConvertEmptyStringsToNull.php(31): Illuminate/Foundation/Http/Middleware/TransformsRequest->handle(Object(Illuminate/Http/Request), Object(Closure))
#39 E:/1KERJAAN/Telisik Studio/Dashboard HSE/hse-dashboard/hse-backend/vendor/laravel/framework/src/Illuminate/Pipeline/Pipeline.php(209): Illuminate/Foundation/Http/Middleware/ConvertEmptyStringsToNull->handle(Object(Illuminate/Http/Request), Object(Closure))
#40 E:/1KERJAAN/Telisik Studio/Dashboard HSE/hse-dashboard/hse-backend/vendor/laravel/framework/src/Illuminate/Foundation/Http/Middleware/TransformsRequest.php(21): Illuminate/Pipeline/Pipeline->Illuminate/Pipeline/{closure}(Object(Illuminate/Http/Request))
#41 E:/1KERJAAN/Telisik Studio/Dashboard HSE/hse-dashboard/hse-backend/vendor/laravel/framework/src/Illuminate/Foundation/Http/Middleware/TrimStrings.php(51): Illuminate/Foundation/Http/Middleware/TransformsRequest->handle(Object(Illuminate/Http/Request), Object(Closure))
#42 E:/1KERJAAN/Telisik Studio/Dashboard HSE/hse-dashboard/hse-backend/vendor/laravel/framework/src/Illuminate/Pipeline/Pipeline.php(209): Illuminate/Foundation/Http/Middleware/TrimStrings->handle(Object(Illuminate/Http/Request), Object(Closure))
#43 E:/1KERJAAN/Telisik Studio/Dashboard HSE/hse-dashboard/hse-backend/vendor/laravel/framework/src/Illuminate/Http/Middleware/ValidatePostSize.php(27): Illuminate/Pipeline/Pipeline->Illuminate/Pipeline/{closure}(Object(Illuminate/Http/Request))
#44 E:/1KERJAAN/Telisik Studio/Dashboard HSE/hse-dashboard/hse-backend/vendor/laravel/framework/src/Illuminate/Pipeline/Pipeline.php(209): Illuminate/Http/Middleware/ValidatePostSize->handle(Object(Illuminate/Http/Request), Object(Closure))
#45 E:/1KERJAAN/Telisik Studio/Dashboard HSE/hse-dashboard/hse-backend/vendor/laravel/framework/src/Illuminate/Foundation/Http/Middleware/PreventRequestsDuringMaintenance.php(110): Illuminate/Pipeline/Pipeline->Illuminate/Pipeline/{closure}(Object(Illuminate/Http/Request))
#46 E:/1KERJAAN/Telisik Studio/Dashboard HSE/hse-dashboard/hse-backend/vendor/laravel/framework/src/Illuminate/Pipeline/Pipeline.php(209): Illuminate/Foundation/Http/Middleware/PreventRequestsDuringMaintenance->handle(Object(Illuminate/Http/Request), Object(Closure))
#47 E:/1KERJAAN/Telisik Studio/Dashboard HSE/hse-dashboard/hse-backend/vendor/laravel/framework/src/Illuminate/Http/Middleware/HandleCors.php(62): Illuminate/Pipeline/Pipeline->Illuminate/Pipeline/{closure}(Object(Illuminate/Http/Request))
#48 E:/1KERJAAN/Telisik Studio/Dashboard HSE/hse-dashboard/hse-backend/vendor/laravel/framework/src/Illuminate/Pipeline/Pipeline.php(209): Illuminate/Http/Middleware/HandleCors->handle(Object(Illuminate/Http/Request), Object(Closure))
#49 E:/1KERJAAN/Telisik Studio/Dashboard HSE/hse-dashboard/hse-backend/vendor/laravel/framework/src/Illuminate/Http/Middleware/TrustProxies.php(58): Illuminate/Pipeline/Pipeline->Illuminate/Pipeline/{closure}(Object(Illuminate/Http/Request))
#50 E:/1KERJAAN/Telisik Studio/Dashboard HSE/hse-dashboard/hse-backend/vendor/laravel/framework/src/Illuminate/Pipeline/Pipeline.php(209): Illuminate/Http/Middleware/TrustProxies->handle(Object(Illuminate/Http/Request), Object(Closure))
#51 E:/1KERJAAN/Telisik Studio/Dashboard HSE/hse-dashboard/hse-backend/vendor/laravel/framework/src/Illuminate/Foundation/Http/Middleware/InvokeDeferredCallbacks.php(22): Illuminate/Pipeline/Pipeline->Illuminate/Pipeline/{closure}(Object(Illuminate/Http/Request))
#52 E:/1KERJAAN/Telisik Studio/Dashboard HSE/hse-dashboard/hse-backend/vendor/laravel/framework/src/Illuminate/Pipeline/Pipeline.php(209): Illuminate/Foundation/Http/Middleware/InvokeDeferredCallbacks->handle(Object(Illuminate/Http/Request), Object(Closure))
#53 E:/1KERJAAN/Telisik Studio/Dashboard HSE/hse-dashboard/hse-backend/vendor/laravel/framework/src/Illuminate/Pipeline/Pipeline.php(127): Illuminate/Pipeline/Pipeline->Illuminate/Pipeline/{closure}(Object(Illuminate/Http/Request))
#54 E:/1KERJAAN/Telisik Studio/Dashboard HSE/hse-dashboard/hse-backend/vendor/laravel/framework/src/Illuminate/Foundation/Http/Kernel.php(176): Illuminate/Pipeline/Pipeline->then(Object(Closure))
#55 E:/1KERJAAN/Telisik Studio/Dashboard HSE/hse-dashboard/hse-backend/vendor/laravel/framework/src/Illuminate/Foundation/Http/Kernel.php(145): Illuminate/Foundation/Http/Kernel->sendRequestThroughRouter(Object(Illuminate/Http/Request))
#56 E:/1KERJAAN/Telisik Studio/Dashboard HSE/hse-dashboard/hse-backend/vendor/laravel/framework/src/Illuminate/Foundation/Application.php(1220): Illuminate/Foundation/Http/Kernel->handle(Object(Illuminate/Http/Request))
#57 E:/1KERJAAN/Telisik Studio/Dashboard HSE/hse-dashboard/hse-backend/public/index.php(17): Illuminate/Foundation/Application->handleRequest(Object(Illuminate/Http/Request))
#58 E:/1KERJAAN/Telisik Studio/Dashboard HSE/hse-dashboard/hse-backend/vendor/laravel/framework/src/Illuminate/Foundation/resources/server.php(23): require_once('E://1KERJAAN//Tel...')
#59 {main}
"} 
[2026-08-05 04:36:36] local.ERROR: Interface "Maatwebsite\Excel\Concerns\FromArray" not found {"userId":1,"exception":"[object] (Error(code: 0): Interface \"Maatwebsite\\Excel\\Concerns\\FromArray\" not found at E:/1KERJAAN/Telisik Studio/Dashboard HSE/hse-dashboard/hse-backend/app/Exports/DashboardSummaryExport.php:15)
[stacktrace]
#0 E:/1KERJAAN/Telisik Studio/Dashboard HSE/hse-dashboard/hse-backend/vendor/composer/ClassLoader.php(576): include()
#1 E:/1KERJAAN/Telisik Studio/Dashboard HSE/hse-dashboard/hse-backend/vendor/composer/ClassLoader.php(427): Composer/Autoload/{closure}('E://1KERJAAN//Tel...')
#2 E:/1KERJAAN/Telisik Studio/Dashboard HSE/hse-dashboard/hse-backend/app/Http/Controllers/Api/DashboardController.php(75): Composer/Autoload/ClassLoader->loadClass('App//Exports//Das...')
#3 E:/1KERJAAN/Telisik Studio/Dashboard HSE/hse-dashboard/hse-backend/vendor/laravel/framework/src/Illuminate/Routing/ControllerDispatcher.php(47): App/Http/Controllers/Api/DashboardController->export(Object(Illuminate/Http/Request))
#4 E:/1KERJAAN/Telisik Studio/Dashboard HSE/hse-dashboard/hse-backend/vendor/laravel/framework/src/Illuminate/Routing/Route.php(266): Illuminate/Routing/ControllerDispatcher->dispatch(Object(Illuminate/Routing/Route), Object(App/Http/Controllers/Api/DashboardController), 'export')
#5 E:/1KERJAAN/Telisik Studio/Dashboard HSE/hse-dashboard/hse-backend/vendor/laravel/framework/src/Illuminate/Routing/Route.php(212): Illuminate/Routing/Route->runController()
#6 E:/1KERJAAN/Telisik Studio/Dashboard HSE/hse-dashboard/hse-backend/vendor/laravel/framework/src/Illuminate/Routing/Router.php(808): Illuminate/Routing/Route->run()
#7 E:/1KERJAAN/Telisik Studio/Dashboard HSE/hse-dashboard/hse-backend/vendor/laravel/framework/src/Illuminate/Pipeline/Pipeline.php(170): Illuminate/Routing/Router->Illuminate/Routing/{closure}(Object(Illuminate/Http/Request))
#8 E:/1KERJAAN/Telisik Studio/Dashboard HSE/hse-dashboard/hse-backend/vendor/laravel/framework/src/Illuminate/Routing/Middleware/SubstituteBindings.php(51): Illuminate/Pipeline/Pipeline->Illuminate/Pipeline/{closure}(Object(Illuminate/Http/Request))
#9 E:/1KERJAAN/Telisik Studio/Dashboard HSE/hse-dashboard/hse-backend/vendor/laravel/framework/src/Illuminate/Pipeline/Pipeline.php(209): Illuminate/Routing/Middleware/SubstituteBindings->handle(Object(Illuminate/Http/Request), Object(Closure))
#10 E:/1KERJAAN/Telisik Studio/Dashboard HSE/hse-dashboard/hse-backend/vendor/laravel/framework/src/Illuminate/Auth/Middleware/Authenticate.php(64): Illuminate/Pipeline/Pipeline->Illuminate/Pipeline/{closure}(Object(Illuminate/Http/Request))
#11 E:/1KERJAAN/Telisik Studio/Dashboard HSE/hse-dashboard/hse-backend/vendor/laravel/framework/src/Illuminate/Pipeline/Pipeline.php(209): Illuminate/Auth/Middleware/Authenticate->handle(Object(Illuminate/Http/Request), Object(Closure), 'sanctum')
#12 E:/1KERJAAN/Telisik Studio/Dashboard HSE/hse-dashboard/hse-backend/vendor/laravel/sanctum/src/Http/Middleware/EnsureFrontendRequestsAreStateful.php(26): Illuminate/Pipeline/Pipeline->Illuminate/Pipeline/{closure}(Object(Illuminate/Http/Request))
#13 E:/1KERJAAN/Telisik Studio/Dashboard HSE/hse-dashboard/hse-backend/vendor/laravel/framework/src/Illuminate/Pipeline/Pipeline.php(170): Laravel/Sanctum/Http/Middleware/EnsureFrontendRequestsAreStateful->Laravel/Sanctum/Http/Middleware/{closure}(Object(Illuminate/Http/Request))
#14 E:/1KERJAAN/Telisik Studio/Dashboard HSE/hse-dashboard/hse-backend/vendor/laravel/sanctum/src/Http/Middleware/AuthenticateSession.php(60): Illuminate/Pipeline/Pipeline->Illuminate/Pipeline/{closure}(Object(Illuminate/Http/Request))
#15 E:/1KERJAAN/Telisik Studio/Dashboard HSE/hse-dashboard/hse-backend/vendor/laravel/framework/src/Illuminate/Pipeline/Pipeline.php(209): Laravel/Sanctum/Http/Middleware/AuthenticateSession->handle(Object(Illuminate/Http/Request), Object(Closure))
#16 E:/1KERJAAN/Telisik Studio/Dashboard HSE/hse-dashboard/hse-backend/vendor/laravel/framework/src/Illuminate/Foundation/Http/Middleware/VerifyCsrfToken.php(88): Illuminate/Pipeline/Pipeline->Illuminate/Pipeline/{closure}(Object(Illuminate/Http/Request))
#17 E:/1KERJAAN/Telisik Studio/Dashboard HSE/hse-dashboard/hse-backend/vendor/laravel/framework/src/Illuminate/Pipeline/Pipeline.php(209): Illuminate/Foundation/Http/Middleware/VerifyCsrfToken->handle(Object(Illuminate/Http/Request), Object(Closure))
#18 E:/1KERJAAN/Telisik Studio/Dashboard HSE/hse-dashboard/hse-backend/vendor/laravel/framework/src/Illuminate/Session/Middleware/StartSession.php(121): Illuminate/Pipeline/Pipeline->Illuminate/Pipeline/{closure}(Object(Illuminate/Http/Request))
#19 E:/1KERJAAN/Telisik Studio/Dashboard HSE/hse-dashboard/hse-backend/vendor/laravel/framework/src/Illuminate/Session/Middleware/StartSession.php(64): Illuminate/Session/Middleware/StartSession->handleStatefulRequest(Object(Illuminate/Http/Request), Object(Illuminate/Session/Store), Object(Closure))
#20 E:/1KERJAAN/Telisik Studio/Dashboard HSE/hse-dashboard/hse-backend/vendor/laravel/framework/src/Illuminate/Pipeline/Pipeline.php(209): Illuminate/Session/Middleware/StartSession->handle(Object(Illuminate/Http/Request), Object(Closure))
#21 E:/1KERJAAN/Telisik Studio/Dashboard HSE/hse-dashboard/hse-backend/vendor/laravel/framework/src/Illuminate/Cookie/Middleware/AddQueuedCookiesToResponse.php(37): Illuminate/Pipeline/Pipeline->Illuminate/Pipeline/{closure}(Object(Illuminate/Http/Request))
#22 E:/1KERJAAN/Telisik Studio/Dashboard HSE/hse-dashboard/hse-backend/vendor/laravel/framework/src/Illuminate/Pipeline/Pipeline.php(209): Illuminate/Cookie/Middleware/AddQueuedCookiesToResponse->handle(Object(Illuminate/Http/Request), Object(Closure))
#23 E:/1KERJAAN/Telisik Studio/Dashboard HSE/hse-dashboard/hse-backend/vendor/laravel/framework/src/Illuminate/Cookie/Middleware/EncryptCookies.php(75): Illuminate/Pipeline/Pipeline->Illuminate/Pipeline/{closure}(Object(Illuminate/Http/Request))
#24 E:/1KERJAAN/Telisik Studio/Dashboard HSE/hse-dashboard/hse-backend/vendor/laravel/framework/src/Illuminate/Pipeline/Pipeline.php(209): Illuminate/Cookie/Middleware/EncryptCookies->handle(Object(Illuminate/Http/Request), Object(Closure))
#25 E:/1KERJAAN/Telisik Studio/Dashboard HSE/hse-dashboard/hse-backend/vendor/laravel/sanctum/src/Http/Middleware/EnsureFrontendRequestsAreStateful.php(61): Illuminate/Pipeline/Pipeline->Illuminate/Pipeline/{closure}(Object(Illuminate/Http/Request))
#26 E:/1KERJAAN/Telisik Studio/Dashboard HSE/hse-dashboard/hse-backend/vendor/laravel/framework/src/Illuminate/Pipeline/Pipeline.php(191): Laravel/Sanctum/Http/Middleware/EnsureFrontendRequestsAreStateful->Laravel/Sanctum/Http/Middleware/{closure}(Object(Illuminate/Http/Request), Object(Closure))
#27 E:/1KERJAAN/Telisik Studio/Dashboard HSE/hse-dashboard/hse-backend/vendor/laravel/framework/src/Illuminate/Pipeline/Pipeline.php(127): Illuminate/Pipeline/Pipeline->Illuminate/Pipeline/{closure}(Object(Illuminate/Http/Request))
#28 E:/1KERJAAN/Telisik Studio/Dashboard HSE/hse-dashboard/hse-backend/vendor/laravel/sanctum/src/Http/Middleware/EnsureFrontendRequestsAreStateful.php(25): Illuminate/Pipeline/Pipeline->then(Object(Closure))
#29 E:/1KERJAAN/Telisik Studio/Dashboard HSE/hse-dashboard/hse-backend/vendor/laravel/framework/src/Illuminate/Pipeline/Pipeline.php(209): Laravel/Sanctum/Http/Middleware/EnsureFrontendRequestsAreStateful->handle(Object(Illuminate/Http/Request), Object(Closure))
#30 E:/1KERJAAN/Telisik Studio/Dashboard HSE/hse-dashboard/hse-backend/vendor/laravel/framework/src/Illuminate/Pipeline/Pipeline.php(127): Illuminate/Pipeline/Pipeline->Illuminate/Pipeline/{closure}(Object(Illuminate/Http/Request))
#31 E:/1KERJAAN/Telisik Studio/Dashboard HSE/hse-dashboard/hse-backend/vendor/laravel/framework/src/Illuminate/Routing/Router.php(807): Illuminate/Pipeline/Pipeline->then(Object(Closure))
#32 E:/1KERJAAN/Telisik Studio/Dashboard HSE/hse-dashboard/hse-backend/vendor/laravel/framework/src/Illuminate/Routing/Router.php(786): Illuminate/Routing/Router->runRouteWithinStack(Object(Illuminate/Routing/Route), Object(Illuminate/Http/Request))
#33 E:/1KERJAAN/Telisik Studio/Dashboard HSE/hse-dashboard/hse-backend/vendor/laravel/framework/src/Illuminate/Routing/Router.php(750): Illuminate/Routing/Router->runRoute(Object(Illuminate/Http/Request), Object(Illuminate/Routing/Route))
#34 E:/1KERJAAN/Telisik Studio/Dashboard HSE/hse-dashboard/hse-backend/vendor/laravel/framework/src/Illuminate/Routing/Router.php(739): Illuminate/Routing/Router->dispatchToRoute(Object(Illuminate/Http/Request))
#35 E:/1KERJAAN/Telisik Studio/Dashboard HSE/hse-dashboard/hse-backend/vendor/laravel/framework/src/Illuminate/Foundation/Http/Kernel.php(201): Illuminate/Routing/Router->dispatch(Object(Illuminate/Http/Request))
#36 E:/1KERJAAN/Telisik Studio/Dashboard HSE/hse-dashboard/hse-backend/vendor/laravel/framework/src/Illuminate/Pipeline/Pipeline.php(170): Illuminate/Foundation/Http/Kernel->Illuminate/Foundation/Http/{closure}(Object(Illuminate/Http/Request))
#37 E:/1KERJAAN/Telisik Studio/Dashboard HSE/hse-dashboard/hse-backend/vendor/laravel/framework/src/Illuminate/Foundation/Http/Middleware/TransformsRequest.php(21): Illuminate/Pipeline/Pipeline->Illuminate/Pipeline/{closure}(Object(Illuminate/Http/Request))
#38 E:/1KERJAAN/Telisik Studio/Dashboard HSE/hse-dashboard/hse-backend/vendor/laravel/framework/src/Illuminate/Foundation/Http/Middleware/ConvertEmptyStringsToNull.php(31): Illuminate/Foundation/Http/Middleware/TransformsRequest->handle(Object(Illuminate/Http/Request), Object(Closure))
#39 E:/1KERJAAN/Telisik Studio/Dashboard HSE/hse-dashboard/hse-backend/vendor/laravel/framework/src/Illuminate/Pipeline/Pipeline.php(209): Illuminate/Foundation/Http/Middleware/ConvertEmptyStringsToNull->handle(Object(Illuminate/Http/Request), Object(Closure))
#40 E:/1KERJAAN/Telisik Studio/Dashboard HSE/hse-dashboard/hse-backend/vendor/laravel/framework/src/Illuminate/Foundation/Http/Middleware/TransformsRequest.php(21): Illuminate/Pipeline/Pipeline->Illuminate/Pipeline/{closure}(Object(Illuminate/Http/Request))
#41 E:/1KERJAAN/Telisik Studio/Dashboard HSE/hse-dashboard/hse-backend/vendor/laravel/framework/src/Illuminate/Foundation/Http/Middleware/TrimStrings.php(51): Illuminate/Foundation/Http/Middleware/TransformsRequest->handle(Object(Illuminate/Http/Request), Object(Closure))
#42 E:/1KERJAAN/Telisik Studio/Dashboard HSE/hse-dashboard/hse-backend/vendor/laravel/framework/src/Illuminate/Pipeline/Pipeline.php(209): Illuminate/Foundation/Http/Middleware/TrimStrings->handle(Object(Illuminate/Http/Request), Object(Closure))
#43 E:/1KERJAAN/Telisik Studio/Dashboard HSE/hse-dashboard/hse-backend/vendor/laravel/framework/src/Illuminate/Http/Middleware/ValidatePostSize.php(27): Illuminate/Pipeline/Pipeline->Illuminate/Pipeline/{closure}(Object(Illuminate/Http/Request))
#44 E:/1KERJAAN/Telisik Studio/Dashboard HSE/hse-dashboard/hse-backend/vendor/laravel/framework/src/Illuminate/Pipeline/Pipeline.php(209): Illuminate/Http/Middleware/ValidatePostSize->handle(Object(Illuminate/Http/Request), Object(Closure))
#45 E:/1KERJAAN/Telisik Studio/Dashboard HSE/hse-dashboard/hse-backend/vendor/laravel/framework/src/Illuminate/Foundation/Http/Middleware/PreventRequestsDuringMaintenance.php(110): Illuminate/Pipeline/Pipeline->Illuminate/Pipeline/{closure}(Object(Illuminate/Http/Request))
#46 E:/1KERJAAN/Telisik Studio/Dashboard HSE/hse-dashboard/hse-backend/vendor/laravel/framework/src/Illuminate/Pipeline/Pipeline.php(209): Illuminate/Foundation/Http/Middleware/PreventRequestsDuringMaintenance->handle(Object(Illuminate/Http/Request), Object(Closure))
#47 E:/1KERJAAN/Telisik Studio/Dashboard HSE/hse-dashboard/hse-backend/vendor/laravel/framework/src/Illuminate/Http/Middleware/HandleCors.php(62): Illuminate/Pipeline/Pipeline->Illuminate/Pipeline/{closure}(Object(Illuminate/Http/Request))
#48 E:/1KERJAAN/Telisik Studio/Dashboard HSE/hse-dashboard/hse-backend/vendor/laravel/framework/src/Illuminate/Pipeline/Pipeline.php(209): Illuminate/Http/Middleware/HandleCors->handle(Object(Illuminate/Http/Request), Object(Closure))
#49 E:/1KERJAAN/Telisik Studio/Dashboard HSE/hse-dashboard/hse-backend/vendor/laravel/framework/src/Illuminate/Http/Middleware/TrustProxies.php(58): Illuminate/Pipeline/Pipeline->Illuminate/Pipeline/{closure}(Object(Illuminate/Http/Request))
#50 E:/1KERJAAN/Telisik Studio/Dashboard HSE/hse-dashboard/hse-backend/vendor/laravel/framework/src/Illuminate/Pipeline/Pipeline.php(209): Illuminate/Http/Middleware/TrustProxies->handle(Object(Illuminate/Http/Request), Object(Closure))
#51 E:/1KERJAAN/Telisik Studio/Dashboard HSE/hse-dashboard/hse-backend/vendor/laravel/framework/src/Illuminate/Foundation/Http/Middleware/InvokeDeferredCallbacks.php(22): Illuminate/Pipeline/Pipeline->Illuminate/Pipeline/{closure}(Object(Illuminate/Http/Request))
#52 E:/1KERJAAN/Telisik Studio/Dashboard HSE/hse-dashboard/hse-backend/vendor/laravel/framework/src/Illuminate/Pipeline/Pipeline.php(209): Illuminate/Foundation/Http/Middleware/InvokeDeferredCallbacks->handle(Object(Illuminate/Http/Request), Object(Closure))
#53 E:/1KERJAAN/Telisik Studio/Dashboard HSE/hse-dashboard/hse-backend/vendor/laravel/framework/src/Illuminate/Pipeline/Pipeline.php(127): Illuminate/Pipeline/Pipeline->Illuminate/Pipeline/{closure}(Object(Illuminate/Http/Request))
#54 E:/1KERJAAN/Telisik Studio/Dashboard HSE/hse-dashboard/hse-backend/vendor/laravel/framework/src/Illuminate/Foundation/Http/Kernel.php(176): Illuminate/Pipeline/Pipeline->then(Object(Closure))
#55 E:/1KERJAAN/Telisik Studio/Dashboard HSE/hse-dashboard/hse-backend/vendor/laravel/framework/src/Illuminate/Foundation/Http/Kernel.php(145): Illuminate/Foundation/Http/Kernel->sendRequestThroughRouter(Object(Illuminate/Http/Request))
#56 E:/1KERJAAN/Telisik Studio/Dashboard HSE/hse-dashboard/hse-backend/vendor/laravel/framework/src/Illuminate/Foundation/Application.php(1220): Illuminate/Foundation/Http/Kernel->handle(Object(Illuminate/Http/Request))
#57 E:/1KERJAAN/Telisik Studio/Dashboard HSE/hse-dashboard/hse-backend/public/index.php(17): Illuminate/Foundation/Application->handleRequest(Object(Illuminate/Http/Request))
#58 E:/1KERJAAN/Telisik Studio/Dashboard HSE/hse-dashboard/hse-backend/vendor/laravel/framework/src/Illuminate/Foundation/resources/server.php(23): require_once('E://1KERJAAN//Tel...')
#59 {main}
"} 
